job_id,company_id,job_title_short,job_title,job_location,job_via,job_schedule_type,job_work_from_home,search_location,job_posted_date,job_no_degree_mention,job_health_insurance,job_country,salary_rate,salary_year_avg,salary_hour_avg
1,67,Business Analyst,Business Intelligence Analyst,"Wroclaw, Poland",via Djinni,Internship,False,Poland,2026-09-03 20:32:38,True,True,Poland,year,37256.0,
2,114,Data Analyst,Junior Data Analyst,"Lviv, Ukraine",via Glassdoor,Full-time,True,Ukraine,2026-09-18 04:08:42,False,False,Ukraine,,,
3,33,Software Engineer,Data Software Engineer,Anywhere,via StepStone,Contractor,True,Ukraine,2026-08-22 07:14:04,True,False,Ukraine,hour,,9.36
4,0,Data Analyst,Data Analyst (Marketing),"Ivano-Frankivsk, Ukraine",via Djinni,Internship,True,Ukraine,2026-09-11 11:27:26,False,False,Ukraine,,,
5,34,Business Analyst,Business Analyst,Anywhere,via StepStone,Full-time,True,Ukraine,2026-08-18 20:34:53,True,True,Ukraine,,,
6,105,Senior Data Analyst,Lead Data Analyst,"Frankfurt, Germany",via Work.ua,Full-time,True,Germany,2026-09-21 23:34:03,False,True,Germany,,,
7,104,Senior Data Analyst,Senior Data Analyst,"Berlin, Germany",via Indeed,Internship,False,Germany,2026-09-21 18:33:20,False,True,Germany,,,
8,131,Data Analyst,Junior Data Analyst,"Dnipro, Ukraine",via NoFluffJobs,Full-time,True,Ukraine,2026-08-30 11:18:10,False,False,Ukraine,,,
9,64,Data Analyst,Data Analyst (Finance),"Gdansk, Poland",via Work.ua,Internship,False,Poland,2026-09-24 08:32:31,True,False,Poland,year,32149.0,
10,13,Business Analyst,Business Analyst,"Lviv, Ukraine",via Robota.ua,Part-time,False,Ukraine,2026-08-17 11:37:35,True,True,Ukraine,,,
11,64,Senior Data Scientist,Senior Data Scientist,"Wroclaw, Poland",via Robota.ua,Contractor,False,Poland,2026-08-16 05:47:59,True,False,Poland,,,
12,14,Data Analyst,Product Data Analyst,"Odesa, Ukraine",via Pracuj.pl,Full-time,False,Ukraine,2026-09-01 11:41:32,False,False,Ukraine,,,
13,106,Senior Data Analyst,Senior Data Analyst,"Dusseldorf, Germany",via Work.ua,Full-time,False,Germany,2026-08-17 22:27:00,False,False,Germany,,,
14,90,Business Analyst,BI Analyst,"Stuttgart, Germany",via Pracuj.pl,Part-time,False,Germany,2026-08-23 06:26:42,False,False,Germany,,,
15,95,Business Analyst,BI Analyst,"Hamburg, Germany",via Robota.ua,Internship,False,Germany,2026-08-20 09:32:42,False,True,Germany,,,
16,42,Business Analyst,Junior Business Analyst,"Ivano-Frankivsk, Ukraine",via Work.ua,Full-time,False,Ukraine,2026-09-25 22:00:57,False,False,Ukraine,year,11976.0,
17,85,Machine Learning Engineer,Machine Learning Engineer,"Dusseldorf, Germany",via StepStone,Contractor,False,Germany,2026-08-25 23:55:30,False,False,Germany,,,
18,44,Data Analyst,Data Analyst (Marketing),"Ivano-Frankivsk, Ukraine",via Indeed,Contractor,True,Ukraine,2026-09-21 22:01:54,False,False,Ukraine,,,
19,58,Data Analyst,Product Data Analyst,"Lodz, Poland",via Glassdoor,Full-time,False,Poland,2026-09-23 17:01:58,False,False,Poland,year,32284.0,
20,91,Data Scientist,Junior Data Scientist,"Berlin, Germany",via LinkedIn,Full-time,False,Germany,2026-08-29 20:04:49,False,True,Germany,year,41462.0,
21,102,Business Analyst,Business Intelligence Analyst,"Dusseldorf, Germany",via Work.ua,Full-time,False,Germany,2026-09-21 22:53:40,True,False,Germany,,,
22,61,Business Analyst,Business Intelligence Analyst,"Warsaw, Poland",via Glassdoor,Full-time,False,Poland,2026-09-11 11:40:57,False,False,Poland,,,
23,98,Data Analyst,Junior Data Analyst,"Munich, Germany",via Glassdoor,Full-time,False,Germany,2026-09-13 18:39:42,False,True,Germany,,,
24,59,Machine Learning Engineer,Machine Learning Engineer,"Gdansk, Poland",via Glassdoor,Part-time,False,Poland,2026-08-30 22:30:41,False,True,Poland,year,26708.0,
25,127,Data Analyst,Product Data Analyst,"Frankfurt, Germany",via Glassdoor,Full-time,True,Germany,2026-09-21 16:38:18,False,False,Germany,,,
26,112,Data Engineer,Analytics Engineer,"Munich, Germany",via Xing,Full-time,False,Germany,2026-09-14 15:28:21,True,True,Germany,,,
27,110,Senior Data Engineer,Lead Data Engineer,Anywhere,via Glassdoor,Full-time,True,Germany,2026-09-21 13:19:36,False,False,Germany,,,
28,54,Data Analyst,Junior Data Analyst,"Poznan, Poland",via Rabota.ua,Part-time,False,Poland,2026-08-27 13:07:34,True,True,Poland,,,
29,105,Senior Data Analyst,Lead Data Analyst,"Cologne, Germany",via Pracuj.pl,Part-time,False,Germany,2026-09-18 15:28:05,False,False,Germany,,,
30,36,Business Analyst,BI Analyst,"Dnipro, Ukraine",via Xing,Contractor,True,Ukraine,2026-09-24 15:05:30,True,True,Ukraine,,,
31,77,Data Scientist,Data Scientist,Anywhere,via Indeed,Full-time,True,Poland,2026-08-27 16:23:39,False,False,Poland,,,
32,96,Business Analyst,BI Analyst,"Munich, Germany",via Djinni,Contractor,False,Germany,2026-08-22 20:53:09,False,False,Germany,,,
33,9,Senior Data Engineer,Lead Data Engineer,"Vinnytsia, Ukraine",via StepStone,Full-time,False,Ukraine,2026-08-15 09:46:19,False,False,Ukraine,,,
34,15,Senior Data Analyst,Senior Data Analyst,Anywhere,via LinkedIn,Full-time,True,Ukraine,2026-09-16 18:21:55,True,False,Ukraine,year,43478.0,
35,101,Data Engineer,Analytics Engineer,"Munich, Germany",via Rabota.ua,Part-time,False,Germany,2026-09-08 10:40:45,False,False,Germany,,,
36,131,Business Analyst,Business Intelligence Analyst,"Kyiv, Ukraine",via LinkedIn,Full-time,True,Ukraine,2026-09-06 11:27:09,True,True,Ukraine,,,
37,16,Data Analyst,Product Data Analyst,"Dnipro, Ukraine",via Rabota.ua,Full-time,False,Ukraine,2026-09-13 09:43:34,True,True,Ukraine,,,
38,102,Data Analyst,Data Analyst (Finance),"Stuttgart, Germany",via Pracuj.pl,Full-time,False,Germany,2026-09-09 08:00:36,False,False,Germany,,,
39,87,Data Engineer,Power BI Developer,"Berlin, Germany",via Glassdoor,Full-time,False,Germany,2026-09-21 11:46:08,True,True,Germany,,,
40,123,Machine Learning Engineer,Machine Learning Engineer,"Hamburg, Germany",via Rabota.ua,Contractor,False,Germany,2026-09-19 11:05:50,False,True,Germany,hour,,38.46
41,99,Data Engineer,Data Engineer,"Frankfurt, Germany",via LinkedIn,Full-time,True,Germany,2026-09-15 03:06:15,False,True,Germany,,,
42,34,Data Analyst,Business Data Analyst,"Odesa, Ukraine",via Work.ua,Full-time,False,Ukraine,2026-08-21 21:23:34,False,False,Ukraine,year,19311.0,
43,65,Cloud Engineer,Cloud Data Engineer,"Krakow, Poland",via StepStone,Full-time,False,Poland,2026-09-21 06:52:55,True,False,Poland,,,
44,36,Data Analyst,Junior Data Analyst,"Ivano-Frankivsk, Ukraine",via Djinni,Contractor,False,Ukraine,2026-09-12 11:32:37,True,False,Ukraine,,,
45,13,Data Engineer,Analytics Engineer,Anywhere,via Djinni,Full-time,True,Ukraine,2026-09-04 19:09:04,True,False,Ukraine,,,
46,106,Senior Data Analyst,Lead Data Analyst,"Stuttgart, Germany",via Rabota.ua,Contractor,False,Germany,2026-08-19 02:53:05,True,True,Germany,,,
47,38,Machine Learning Engineer,Machine Learning Engineer,"Vinnytsia, Ukraine",via StepStone,Full-time,True,Ukraine,2026-08-24 21:30:14,False,True,Ukraine,,,
48,130,Data Engineer,Power BI Developer,"Dnipro, Ukraine",via Pracuj.pl,Internship,True,Ukraine,2026-09-03 10:22:00,True,True,Ukraine,,,
49,64,Data Analyst,Data Analyst (Finance),"Warsaw, Poland",via Pracuj.pl,Contractor,False,Poland,2026-09-11 15:38:28,False,True,Poland,,,
50,114,Data Analyst,Data Analyst (Marketing),"Kyiv, Ukraine",via Pracuj.pl,Full-time,True,Ukraine,2026-08-23 08:18:20,True,False,Ukraine,,,
51,120,Data Analyst,Data Analyst,"Vinnytsia, Ukraine",via Xing,Contractor,False,Ukraine,2026-09-24 13:18:07,False,False,Ukraine,year,21521.0,
52,5,Data Scientist,Junior Data Scientist,"Odesa, Ukraine",via Robota.ua,Full-time,False,Ukraine,2026-09-16 20:07:33,False,False,Ukraine,,,
53,20,Senior Data Engineer,Lead Data Engineer,"Vinnytsia, Ukraine",via Rabota.ua,Full-time,False,Ukraine,2026-08-24 14:04:30,False,True,Ukraine,,,
54,20,Data Engineer,Power BI Developer,"Kyiv, Ukraine",via Xing,Internship,False,Ukraine,2026-08-27 10:38:30,False,False,Ukraine,,,
55,37,Senior Data Analyst,Lead Data Analyst,"Ivano-Frankivsk, Ukraine",via NoFluffJobs,Internship,False,Ukraine,2026-09-22 01:50:40,False,True,Ukraine,year,39532.0,
56,96,Business Analyst,Business Intelligence Analyst,"Frankfurt, Germany",via Rabota.ua,Part-time,False,Germany,2026-08-20 20:42:27,False,True,Germany,,,
57,121,Data Engineer,BI Developer,"Frankfurt, Germany",via Robota.ua,Full-time,False,Germany,2026-08-26 22:49:39,False,True,Germany,,,
58,27,Business Analyst,Business Intelligence Analyst,"Ivano-Frankivsk, Ukraine",via Indeed,Full-time,False,Ukraine,2026-08-27 19:08:55,True,False,Ukraine,,,
59,94,Data Scientist,Data Scientist,"Hamburg, Germany",via NoFluffJobs,Full-time,False,Germany,2026-09-10 01:25:32,False,True,Germany,year,57164.0,
60,74,Data Analyst,Data Quality Analyst,"Wroclaw, Poland",via Xing,Part-time,False,Poland,2026-09-11 03:49:18,True,True,Poland,year,32223.0,
61,129,Business Analyst,Junior Business Analyst,"Dnipro, Ukraine",via Xing,Full-time,False,Ukraine,2026-08-30 18:26:11,False,True,Ukraine,,,
62,91,Senior Data Engineer,Lead Data Engineer,"Munich, Germany",via Rabota.ua,Internship,False,Germany,2026-08-21 18:47:48,True,True,Germany,,,
63,96,Business Analyst,BI Analyst,"Cologne, Germany",via Rabota.ua,Full-time,True,Germany,2026-09-02 11:55:49,True,False,Germany,,,
64,56,Senior Data Analyst,Lead Data Analyst,"Krakow, Poland",via Djinni,Contractor,False,Poland,2026-09-22 05:34:18,True,True,Poland,,,
65,83,Data Analyst,Product Data Analyst,"Dusseldorf, Germany",via Rabota.ua,Full-time,False,Germany,2026-08-16 04:54:38,False,True,Germany,year,57428.0,
66,86,Business Analyst,Business Intelligence Analyst,"Dusseldorf, Germany",via Pracuj.pl,Full-time,False,Germany,2026-08-22 00:47:11,False,True,Germany,,,
67,42,Business Analyst,BI Analyst,"Lviv, Ukraine",via NoFluffJobs,Internship,False,Ukraine,2026-09-06 22:04:35,False,False,Ukraine,,,
68,130,Senior Data Analyst,Lead Data Analyst,Anywhere,via StepStone,Full-time,True,Ukraine,2026-09-23 02:04:19,False,False,Ukraine,,,
69,112,Data Scientist,Data Scientist,"Frankfurt, Germany",via LinkedIn,Full-time,False,Germany,2026-09-17 04:19:10,True,False,Germany,year,73792.0,
70,55,Data Engineer,Power BI Developer,"Katowice, Poland",via Xing,Full-time,False,Poland,2026-08-16 02:02:41,False,True,Poland,year,31154.0,
71,54,Data Analyst,Data Analyst,"Wroclaw, Poland",via Glassdoor,Contractor,False,Poland,2026-08-28 10:38:09,True,False,Poland,,,
72,16,Data Analyst,Business Data Analyst,"Ivano-Frankivsk, Ukraine",via Indeed,Full-time,False,Ukraine,2026-08-25 10:59:36,False,True,Ukraine,year,27952.0,
73,57,Data Engineer,Power BI Developer,Anywhere,via Pracuj.pl,Part-time,True,Poland,2026-08-15 03:27:08,False,False,Poland,,,
74,93,Senior Data Analyst,Lead Data Analyst,"Stuttgart, Germany",via Work.ua,Part-time,False,Germany,2026-09-16 12:32:02,True,True,Germany,,,
75,90,Data Engineer,BI Developer,Anywhere,via Xing,Full-time,True,Germany,2026-09-14 00:23:21,False,False,Germany,,,
76,65,Data Analyst,Product Data Analyst,"Krakow, Poland",via Glassdoor,Full-time,True,Poland,2026-09-10 04:26:44,True,False,Poland,,,
77,8,Business Analyst,Business Intelligence Analyst,Anywhere,via Work.ua,Full-time,True,Ukraine,2026-09-01 17:19:14,False,False,Ukraine,,,
78,5,Data Scientist,Data Scientist,"Dnipro, Ukraine",via Djinni,Full-time,True,Ukraine,2026-09-12 20:16:47,False,True,Ukraine,,,
79,97,Data Analyst,Data Quality Analyst,"Frankfurt, Germany",via StepStone,Full-time,True,Germany,2026-09-10 20:59:56,False,False,Germany,year,74170.0,
80,121,Software Engineer,Data Software Engineer,Anywhere,via Robota.ua,Internship,True,Germany,2026-09-02 01:00:19,False,True,Germany,,,
81,51,Data Engineer,ETL Developer,"Gdansk, Poland",via Rabota.ua,Contractor,True,Poland,2026-09-11 16:20:05,False,True,Poland,,,
82,104,Data Analyst,Data Analyst,Anywhere,via Pracuj.pl,Full-time,True,Germany,2026-09-09 21:32:59,False,False,Germany,,,
83,97,Senior Data Engineer,Senior Data Engineer,"Hamburg, Germany",via Xing,Full-time,False,Germany,2026-09-17 14:33:45,False,False,Germany,year,99863.0,
84,6,Business Analyst,Business Analyst,Anywhere,via Robota.ua,Part-time,True,Ukraine,2026-09-10 14:36:03,False,False,Ukraine,,,
85,32,Senior Data Scientist,Senior Data Scientist,Anywhere,via LinkedIn,Full-time,True,Ukraine,2026-09-10 05:49:08,False,False,Ukraine,,,
86,90,Business Analyst,BI Analyst,"Dusseldorf, Germany",via Work.ua,Contractor,False,Germany,2026-09-06 04:17:12,False,False,Germany,year,61643.0,
87,62,Data Analyst,Data Analyst,"Lodz, Poland",via StepStone,Full-time,False,Poland,2026-08-18 04:32:18,True,False,Poland,,,
88,45,Data Analyst,Data Analyst,"Wroclaw, Poland",via Indeed,Part-time,False,Poland,2026-09-15 01:22:41,False,False,Poland,,,
89,83,Business Analyst,BI Analyst,"Frankfurt, Germany",via Pracuj.pl,Full-time,False,Germany,2026-09-05 20:05:59,False,True,Germany,,,
90,84,Data Analyst,Data Analyst,"Hamburg, Germany",via Djinni,Internship,False,Germany,2026-09-14 07:44:38,False,True,Germany,year,59397.0,
91,85,Senior Data Scientist,Senior Data Scientist,"Stuttgart, Germany",via Xing,Full-time,False,Germany,2026-08-24 00:16:35,False,False,Germany,,,
92,46,Data Analyst,Product Data Analyst,Anywhere,via Robota.ua,Part-time,True,Poland,2026-09-25 01:33:02,False,True,Poland,,,
93,54,Senior Data Analyst,Lead Data Analyst,Anywhere,via LinkedIn,Full-time,True,Poland,2026-09-18 17:26:00,True,False,Poland,,,
94,98,Senior Data Engineer,Senior Data Engineer,"Stuttgart, Germany",via Glassdoor,Part-time,False,Germany,2026-08-30 22:14:19,False,False,Germany,,,
95,88,Data Scientist,Data Scientist,"Hamburg, Germany",via Xing,Contractor,False,Germany,2026-09-01 01:59:04,False,True,Germany,,,
96,58,Data Engineer,BI Developer,"Katowice, Poland",via Robota.ua,Internship,False,Poland,2026-08-20 16:47:22,True,True,Poland,,,
97,118,Senior Data Engineer,Senior Data Engineer,"Lviv, Ukraine",via Indeed,Internship,False,Ukraine,2026-09-24 04:47:24,True,True,Ukraine,year,33241.0,
98,100,Data Scientist,Data Scientist,"Cologne, Germany",via Djinni,Internship,False,Germany,2026-09-19 07:36:33,True,True,Germany,year,58926.0,
99,2,Business Analyst,Junior Business Analyst,"Dnipro, Ukraine",via Indeed,Full-time,True,Ukraine,2026-09-23 12:51:55,True,True,Ukraine,,,
100,109,Machine Learning Engineer,Machine Learning Engineer,"Cologne, Germany",via Rabota.ua,Contractor,False,Germany,2026-09-20 07:20:24,True,False,Germany,,,
101,61,Data Scientist,Junior Data Scientist,Anywhere,via Robota.ua,Internship,True,Poland,2026-09-03 07:16:42,True,True,Poland,,,
102,102,Senior Data Engineer,Lead Data Engineer,"Frankfurt, Germany",via LinkedIn,Part-time,False,Germany,2026-09-25 21:41:25,False,True,Germany,,,
103,24,Software Engineer,Data Software Engineer,"Lviv, Ukraine",via Djinni,Full-time,False,Ukraine,2026-08-24 11:19:21,False,True,Ukraine,,,
104,59,Data Analyst,Junior Data Analyst,"Katowice, Poland",via Glassdoor,Full-time,False,Poland,2026-09-09 20:11:11,False,True,Poland,year,18527.0,
105,17,Senior Data Analyst,Senior Data Analyst,Anywhere,via Djinni,Full-time,True,Ukraine,2026-09-15 16:40:20,False,False,Ukraine,,,
106,28,Data Engineer,ETL Developer,"Lviv, Ukraine",via Djinni,Full-time,False,Ukraine,2026-09-07 22:09:32,False,False,Ukraine,,,
107,87,Data Analyst,Data Quality Analyst,Anywhere,via Xing,Full-time,True,Germany,2026-09-06 00:31:08,True,True,Germany,,,
108,66,Data Analyst,Business Data Analyst,"Gdansk, Poland",via Robota.ua,Contractor,False,Poland,2026-09-20 23:49:49,False,False,Poland,,,
109,63,Data Engineer,Power BI Developer,"Gdansk, Poland",via LinkedIn,Contractor,False,Poland,2026-08-31 11:55:52,True,False,Poland,year,25358.0,
110,55,Data Analyst,Product Data Analyst,"Poznan, Poland",via Pracuj.pl,Part-time,False,Poland,2026-08-21 04:48:50,False,True,Poland,,,
111,93,Business Analyst,Business Intelligence Analyst,"Dusseldorf, Germany",via Djinni,Internship,False,Germany,2026-08-20 12:32:47,True,False,Germany,,,
112,79,Data Scientist,Junior Data Scientist,"Hamburg, Germany",via Work.ua,Contractor,False,Germany,2026-09-01 10:53:18,True,False,Germany,,,
113,99,Data Analyst,Business Data Analyst,"Munich, Germany",via Pracuj.pl,Full-time,False,Germany,2026-09-07 21:57:41,True,True,Germany,,,
114,86,Data Analyst,Junior Data Analyst,Anywhere,via LinkedIn,Full-time,True,Germany,2026-09-05 03:55:27,False,False,Germany,year,39251.0,
115,122,Data Engineer,Power BI Developer,"Kharkiv, Ukraine",via Xing,Full-time,True,Ukraine,2026-09-23 20:10:28,False,True,Ukraine,,,
116,71,Business Analyst,Business Intelligence Analyst,"Warsaw, Poland",via Rabota.ua,Full-time,False,Poland,2026-08-28 16:38:32,True,True,Poland,,,
117,80,Senior Data Scientist,Senior Data Scientist,"Dusseldorf, Germany",via Xing,Contractor,False,Germany,2026-09-07 17:43:11,False,False,Germany,,,
118,12,Senior Data Analyst,Lead Data Analyst,"Lviv, Ukraine",via StepStone,Part-time,False,Ukraine,2026-08-24 08:05:19,True,False,Ukraine,,,
119,92,Data Analyst,Data Analyst (Marketing),"Hamburg, Germany",via Djinni,Contractor,True,Germany,2026-08-22 14:39:38,True,False,Germany,,,
120,125,Data Analyst,Junior Data Analyst,"Cologne, Germany",via Djinni,Full-time,False,Germany,2026-09-05 13:17:33,True,False,Germany,,,
121,7,Data Analyst,Data Analyst (Finance),"Kyiv, Ukraine",via LinkedIn,Full-time,True,Ukraine,2026-08-17 15:23:24,False,True,Ukraine,,,
122,108,Business Analyst,Business Analyst,"Frankfurt, Germany",via StepStone,Full-time,False,Germany,2026-09-09 02:56:29,False,False,Germany,,,
123,2,Data Engineer,BI Developer,"Odesa, Ukraine",via Indeed,Full-time,True,Ukraine,2026-08-29 17:22:40,False,False,Ukraine,,,
124,45,Data Engineer,ETL Developer,Anywhere,via Djinni,Part-time,True,Poland,2026-08-21 16:08:40,False,True,Poland,,,
125,102,Data Analyst,Junior Data Analyst,Anywhere,via Glassdoor,Full-time,True,Germany,2026-09-10 03:34:22,False,True,Germany,,,
126,1,Data Engineer,ETL Developer,"Ivano-Frankivsk, Ukraine",via Rabota.ua,Full-time,False,Ukraine,2026-08-31 05:01:25,False,False,Ukraine,,,
127,113,Software Engineer,Data Software Engineer,Anywhere,via Robota.ua,Full-time,True,Germany,2026-09-05 03:02:29,True,False,Germany,,,
128,65,Data Engineer,Analytics Engineer,"Lodz, Poland",via Glassdoor,Full-time,False,Poland,2026-08-20 08:24:08,False,False,Poland,,,
129,34,Data Analyst,Data Analyst (Marketing),"Vinnytsia, Ukraine",via Work.ua,Full-time,False,Ukraine,2026-08-21 07:42:15,True,False,Ukraine,,,
130,36,Data Analyst,Data Analyst (Finance),"Vinnytsia, Ukraine",via NoFluffJobs,Part-time,False,Ukraine,2026-08-16 22:44:22,False,False,Ukraine,,,
131,22,Data Analyst,Data Analyst (Finance),"Odesa, Ukraine",via NoFluffJobs,Internship,False,Ukraine,2026-08-26 10:03:01,True,False,Ukraine,year,17331.0,
132,101,Data Analyst,Junior Data Analyst,"Frankfurt, Germany",via Indeed,Internship,False,Germany,2026-09-15 20:20:11,False,False,Germany,,,
133,93,Data Scientist,Data Scientist,"Frankfurt, Germany",via Xing,Full-time,False,Germany,2026-09-24 18:06:59,False,True,Germany,year,59977.0,
134,48,Machine Learning Engineer,Machine Learning Engineer,Anywhere,via Indeed,Full-time,True,Poland,2026-09-18 12:06:53,False,False,Poland,,,
135,1,Data Analyst,Data Analyst (Finance),Anywhere,via LinkedIn,Contractor,True,Ukraine,2026-09-25 05:38:56,False,True,Ukraine,,,
136,75,Data Analyst,Business Data Analyst,"Warsaw, Poland",via Pracuj.pl,Internship,False,Poland,2026-09-24 19:30:12,True,True,Poland,,,
137,31,Data Analyst,Data Analyst (Finance),"Ivano-Frankivsk, Ukraine",via Indeed,Full-time,True,Ukraine,2026-08-26 14:02:16,False,True,Ukraine,,,
138,48,Machine Learning Engineer,Machine Learning Engineer,"Gdansk, Poland",via Djinni,Contractor,False,Poland,2026-08-17 16:36:57,False,False,Poland,,,
139,125,Data Analyst,Product Data Analyst,"Munich, Germany",via StepStone,Contractor,True,Germany,2026-09-19 10:54:17,False,False,Germany,year,65514.0,
140,24,Data Scientist,Junior Data Scientist,"Ivano-Frankivsk, Ukraine",via Xing,Part-time,False,Ukraine,2026-09-14 01:11:17,False,False,Ukraine,,,
141,14,Data Analyst,Product Data Analyst,Anywhere,via NoFluffJobs,Full-time,True,Ukraine,2026-09-10 19:41:05,True,True,Ukraine,,,
142,30,Data Analyst,Data Quality Analyst,"Odesa, Ukraine",via Work.ua,Full-time,False,Ukraine,2026-09-13 01:58:23,False,True,Ukraine,,,
143,41,Data Scientist,Junior Data Scientist,"Lviv, Ukraine",via Indeed,Full-time,False,Ukraine,2026-08-25 18:49:13,False,False,Ukraine,,,
144,110,Data Analyst,Data Quality Analyst,"Cologne, Germany",via Rabota.ua,Full-time,False,Germany,2026-09-11 12:54:22,False,True,Germany,,,
145,101,Cloud Engineer,Cloud Data Engineer,"Cologne, Germany",via Rabota.ua,Full-time,False,Germany,2026-08-27 04:33:48,True,True,Germany,,,
146,77,Senior Data Analyst,Senior Data Analyst,"Gdansk, Poland",via Work.ua,Internship,False,Poland,2026-09-18 20:50:30,False,False,Poland,,,
147,4,Machine Learning Engineer,Machine Learning Engineer,"Lviv, Ukraine",via Work.ua,Internship,False,Ukraine,2026-09-03 13:50:56,True,True,Ukraine,,,
148,81,Data Analyst,Junior Data Analyst,"Stuttgart, Germany",via Xing,Contractor,False,Germany,2026-08-24 10:55:45,True,True,Germany,,,
149,60,Data Engineer,Power BI Developer,"Lodz, Poland",via Glassdoor,Contractor,False,Poland,2026-08-15 01:34:12,False,False,Poland,,,
150,90,Machine Learning Engineer,Machine Learning Engineer,"Stuttgart, Germany",via Rabota.ua,Full-time,False,Germany,2026-09-05 15:22:48,True,False,Germany,,,
151,132,Senior Data Engineer,Senior Data Engineer,"Kyiv, Ukraine",via Rabota.ua,Full-time,False,Ukraine,2026-08-18 22:07:26,False,True,Ukraine,,,
152,63,Business Analyst,Business Analyst,"Poznan, Poland",via Djinni,Contractor,True,Poland,2026-08-27 19:12:49,True,False,Poland,year,26726.0,
153,57,Data Analyst,Data Analyst,"Krakow, Poland",via Djinni,Full-time,False,Poland,2026-09-25 07:29:18,True,True,Poland,,,
154,82,Data Scientist,Data Scientist,"Stuttgart, Germany",via Glassdoor,Part-time,False,Germany,2026-09-01 23:05:23,False,True,Germany,,,
155,103,Data Scientist,Junior Data Scientist,"Frankfurt, Germany",via NoFluffJobs,Part-time,False,Germany,2026-08-16 21:56:53,False,False,Germany,,,
156,59,Business Analyst,Business Analyst,"Lodz, Poland",via Work.ua,Contractor,False,Poland,2026-09-06 21:43:41,False,False,Poland,,,
157,117,Data Analyst,Data Analyst (Marketing),"Katowice, Poland",via Pracuj.pl,Full-time,False,Poland,2026-09-16 07:35:41,False,False,Poland,year,29107.0,
158,45,Data Analyst,Data Analyst (Finance),"Warsaw, Poland",via Xing,Part-time,False,Poland,2026-09-24 09:56:32,False,False,Poland,,,
159,37,Data Engineer,Data Engineer,"Lviv, Ukraine",via Work.ua,Full-time,False,Ukraine,2026-09-05 11:53:40,False,True,Ukraine,,,
160,12,Data Analyst,Product Data Analyst,"Lviv, Ukraine",via Glassdoor,Contractor,False,Ukraine,2026-09-21 16:08:31,True,False,Ukraine,,,
161,95,Business Analyst,BI Analyst,"Dusseldorf, Germany",via Work.ua,Full-time,False,Germany,2026-09-09 10:18:28,False,True,Germany,,,
162,119,Data Analyst,Product Data Analyst,"Dnipro, Ukraine",via Rabota.ua,Full-time,False,Ukraine,2026-09-25 05:32:34,False,True,Ukraine,year,20227.0,
163,119,Data Analyst,Data Quality Analyst,"Kharkiv, Ukraine",via Rabota.ua,Full-time,False,Ukraine,2026-08-24 01:44:50,True,False,Ukraine,year,25768.0,
164,38,Data Analyst,Business Data Analyst,"Odesa, Ukraine",via Glassdoor,Full-time,False,Ukraine,2026-09-24 22:45:41,False,False,Ukraine,,,
165,108,Senior Data Analyst,Lead Data Analyst,"Cologne, Germany",via Robota.ua,Full-time,False,Germany,2026-09-21 08:00:21,False,False,Germany,year,102859.0,
166,66,Machine Learning Engineer,Machine Learning Engineer,"Wroclaw, Poland",via StepStone,Contractor,False,Poland,2026-08-20 11:14:56,True,True,Poland,,,
167,95,Senior Data Analyst,Senior Data Analyst,"Dusseldorf, Germany",via Pracuj.pl,Full-time,False,Germany,2026-09-17 11:32:51,False,False,Germany,,,
168,116,Data Engineer,Junior Data Engineer,"Dusseldorf, Germany",via Work.ua,Part-time,False,Germany,2026-09-11 20:52:04,False,True,Germany,,,
169,74,Senior Data Analyst,Senior Data Analyst,"Warsaw, Poland",via Xing,Full-time,False,Poland,2026-09-21 01:44:54,True,False,Poland,year,55312.0,
170,30,Business Analyst,Junior Business Analyst,"Kharkiv, Ukraine",via StepStone,Full-time,False,Ukraine,2026-09-24 04:19:43,False,False,Ukraine,,,
171,93,Business Analyst,Business Analyst,"Cologne, Germany",via NoFluffJobs,Full-time,False,Germany,2026-09-10 20:54:32,True,True,Germany,,,
172,20,Data Engineer,Data Engineer,"Dnipro, Ukraine",via Pracuj.pl,Full-time,False,Ukraine,2026-08-27 23:37:31,False,True,Ukraine,,,
173,37,Data Scientist,Junior Data Scientist,"Kharkiv, Ukraine",via Work.ua,Full-time,True,Ukraine,2026-09-25 13:17:53,False,False,Ukraine,,,
174,2,Data Analyst,Product Data Analyst,"Lviv, Ukraine",via LinkedIn,Part-time,False,Ukraine,2026-09-24 00:52:37,False,False,Ukraine,year,16440.0,
175,107,Data Analyst,Junior Data Analyst,"Frankfurt, Germany",via Robota.ua,Contractor,False,Germany,2026-08-25 05:36:36,False,False,Germany,,,
176,72,Data Engineer,BI Developer,"Katowice, Poland",via Glassdoor,Full-time,False,Poland,2026-08-17 20:20:06,False,False,Poland,,,
177,46,Data Scientist,Junior Data Scientist,Anywhere,via Glassdoor,Part-time,True,Poland,2026-08-15 16:56:08,False,True,Poland,,,
178,45,Data Analyst,Data Analyst,"Wroclaw, Poland",via Robota.ua,Full-time,False,Poland,2026-09-24 16:02:57,False,True,Poland,,,
179,26,Machine Learning Engineer,Machine Learning Engineer,Anywhere,via Xing,Contractor,True,Ukraine,2026-09-14 05:14:53,False,True,Ukraine,,,
180,50,Data Engineer,Junior Data Engineer,"Krakow, Poland",via Xing,Part-time,True,Poland,2026-08-17 17:32:48,True,False,Poland,year,18431.0,
181,78,Senior Data Scientist,Senior Data Scientist,"Cologne, Germany",via StepStone,Contractor,False,Germany,2026-08-31 06:00:45,False,True,Germany,,,
182,11,Business Analyst,Business Intelligence Analyst,"Ivano-Frankivsk, Ukraine",via Indeed,Part-time,False,Ukraine,2026-09-19 15:11:23,False,False,Ukraine,,,
183,41,Data Analyst,Data Analyst (Finance),"Ivano-Frankivsk, Ukraine",via StepStone,Part-time,False,Ukraine,2026-08-18 05:24:40,True,True,Ukraine,year,27110.0,
184,33,Data Engineer,BI Developer,"Dnipro, Ukraine",via Xing,Full-time,False,Ukraine,2026-08-26 20:31:28,True,False,Ukraine,,,
185,80,Data Analyst,Data Analyst,"Frankfurt, Germany",via Pracuj.pl,Contractor,True,Germany,2026-09-06 21:25:25,False,False,Germany,,,
186,77,Business Analyst,Business Intelligence Analyst,"Wroclaw, Poland",via Djinni,Part-time,False,Poland,2026-08-19 16:18:21,False,False,Poland,,,
187,89,Data Scientist,Data Scientist,Anywhere,via Djinni,Full-time,True,Germany,2026-08-19 12:40:50,False,False,Germany,year,59262.0,
188,53,Data Scientist,Junior Data Scientist,"Wroclaw, Poland",via Rabota.ua,Full-time,False,Poland,2026-09-15 23:12:15,False,False,Poland,year,14825.0,
189,10,Data Engineer,Analytics Engineer,"Dnipro, Ukraine",via StepStone,Full-time,False,Ukraine,2026-09-09 07:48:36,True,False,Ukraine,,,
190,15,Data Engineer,ETL Developer,"Vinnytsia, Ukraine",via Pracuj.pl,Full-time,False,Ukraine,2026-09-19 08:15:17,False,False,Ukraine,,,
191,14,Data Scientist,Junior Data Scientist,"Odesa, Ukraine",via Indeed,Full-time,False,Ukraine,2026-08-24 23:09:30,False,True,Ukraine,,,
192,84,Data Analyst,Business Data Analyst,"Cologne, Germany",via Indeed,Full-time,False,Germany,2026-09-06 21:38:12,False,False,Germany,,,
193,126,Senior Data Analyst,Lead Data Analyst,Anywhere,via Rabota.ua,Full-time,True,Ukraine,2026-08-25 20:51:59,True,False,Ukraine,,,
194,5,Data Analyst,Data Analyst (Marketing),"Vinnytsia, Ukraine",via StepStone,Contractor,False,Ukraine,2026-09-10 05:11:54,True,False,Ukraine,,,
195,38,Data Analyst,Data Analyst (Marketing),"Lviv, Ukraine",via Xing,Full-time,True,Ukraine,2026-08-20 20:59:56,False,True,Ukraine,,,
196,100,Data Scientist,Junior Data Scientist,"Cologne, Germany",via Robota.ua,Internship,False,Germany,2026-09-18 05:37:38,False,False,Germany,,,
197,22,Business Analyst,Junior Business Analyst,"Vinnytsia, Ukraine",via StepStone,Full-time,False,Ukraine,2026-09-15 15:19:00,False,False,Ukraine,,,
198,128,Data Analyst,Data Analyst,"Lodz, Poland",via StepStone,Part-time,False,Poland,2026-09-01 09:41:47,False,True,Poland,year,23095.0,
199,81,Data Analyst,Data Analyst (Finance),"Berlin, Germany",via Djinni,Full-time,True,Germany,2026-09-01 04:45:28,False,True,Germany,year,63352.0,
200,42,Business Analyst,Junior Business Analyst,"Odesa, Ukraine",via Pracuj.pl,Contractor,False,Ukraine,2026-08-15 03:49:45,True,False,Ukraine,,,
201,96,Senior Data Scientist,Senior Data Scientist,"Berlin, Germany",via StepStone,Part-time,False,Germany,2026-08-22 08:30:40,True,True,Germany,year,95001.0,
202,0,Data Engineer,Junior Data Engineer,"Vinnytsia, Ukraine",via Work.ua,Full-time,False,Ukraine,2026-09-15 02:43:39,True,False,Ukraine,,,
203,79,Data Engineer,ETL Developer,"Berlin, Germany",via Glassdoor,Part-time,False,Germany,2026-09-02 17:44:31,True,True,Germany,,,
204,37,Senior Data Engineer,Senior Data Engineer,"Vinnytsia, Ukraine",via Rabota.ua,Part-time,False,Ukraine,2026-09-08 06:33:43,False,False,Ukraine,,,
205,75,Business Analyst,Business Intelligence Analyst,"Warsaw, Poland",via Xing,Internship,False,Poland,2026-08-19 00:59:58,True,False,Poland,,,
206,83,Data Scientist,Junior Data Scientist,"Berlin, Germany",via Pracuj.pl,Full-time,False,Germany,2026-08-28 16:06:06,False,False,Germany,year,45367.0,
207,33,Business Analyst,Junior Business Analyst,Anywhere,via NoFluffJobs,Full-time,True,Ukraine,2026-09-19 10:54:23,False,False,Ukraine,,,
208,5,Data Analyst,Data Analyst,"Dnipro, Ukraine",via StepStone,Full-time,False,Ukraine,2026-09-03 00:19:14,True,True,Ukraine,,,
209,37,Data Scientist,Data Scientist,"Odesa, Ukraine",via Pracuj.pl,Full-time,False,Ukraine,2026-09-20 12:36:58,True,True,Ukraine,,,
210,120,Senior Data Analyst,Senior Data Analyst,"Odesa, Ukraine",via Xing,Full-time,False,Ukraine,2026-09-24 20:24:03,True,True,Ukraine,,,
211,50,Data Analyst,Data Analyst (Marketing),"Poznan, Poland",via Robota.ua,Full-time,False,Poland,2026-09-05 02:30:36,False,False,Poland,,,
212,71,Data Analyst,Business Data Analyst,"Lodz, Poland",via Xing,Full-time,False,Poland,2026-08-22 21:26:27,False,True,Poland,,,
213,94,Business Analyst,Junior Business Analyst,"Hamburg, Germany",via Robota.ua,Internship,False,Germany,2026-08-20 03:47:03,True,False,Germany,year,49654.0,
214,125,Business Analyst,Junior Business Analyst,"Berlin, Germany",via Rabota.ua,Part-time,False,Germany,2026-08-17 08:10:03,True,False,Germany,,,
215,80,Data Scientist,Data Scientist,"Cologne, Germany",via Rabota.ua,Contractor,False,Germany,2026-08-29 12:32:45,True,True,Germany,,,
216,46,Data Engineer,Junior Data Engineer,"Poznan, Poland",via Rabota.ua,Full-time,False,Poland,2026-09-08 00:35:17,True,True,Poland,,,
217,119,Data Scientist,Junior Data Scientist,"Kharkiv, Ukraine",via Robota.ua,Internship,False,Ukraine,2026-09-20 05:20:04,False,False,Ukraine,year,11223.0,
218,98,Data Engineer,BI Developer,"Hamburg, Germany",via Work.ua,Internship,False,Germany,2026-08-16 11:05:44,False,True,Germany,,,
219,66,Senior Data Engineer,Senior Data Engineer,"Gdansk, Poland",via Glassdoor,Part-time,True,Poland,2026-09-15 22:20:55,False,True,Poland,,,
220,121,Business Analyst,BI Analyst,Anywhere,via LinkedIn,Full-time,True,Germany,2026-09-17 17:25:47,True,True,Germany,,,
221,38,Data Engineer,Junior Data Engineer,Anywhere,via Rabota.ua,Contractor,True,Ukraine,2026-08-20 23:32:07,True,False,Ukraine,,,
222,41,Data Engineer,Data Engineer,"Lviv, Ukraine",via Glassdoor,Internship,True,Ukraine,2026-09-07 02:33:45,False,False,Ukraine,,,
223,38,Senior Data Analyst,Lead Data Analyst,Anywhere,via Pracuj.pl,Internship,True,Ukraine,2026-08-26 03:57:08,False,True,Ukraine,,,
224,53,Data Engineer,Analytics Engineer,Anywhere,via Indeed,Contractor,True,Poland,2026-08-20 19:38:00,True,False,Poland,,,
225,62,Data Analyst,Junior Data Analyst,"Wroclaw, Poland",via Xing,Internship,False,Poland,2026-09-22 18:50:35,True,False,Poland,,,
226,122,Data Analyst,Data Quality Analyst,"Dnipro, Ukraine",via Indeed,Part-time,False,Ukraine,2026-08-28 22:13:39,True,False,Ukraine,,,
227,105,Senior Data Analyst,Lead Data Analyst,"Cologne, Germany",via Xing,Full-time,False,Germany,2026-08-23 19:36:31,False,False,Germany,,,
228,12,Senior Data Analyst,Lead Data Analyst,"Vinnytsia, Ukraine",via Rabota.ua,Full-time,False,Ukraine,2026-08-15 20:12:44,True,False,Ukraine,,,
229,127,Data Analyst,Business Data Analyst,Anywhere,via Glassdoor,Full-time,True,Germany,2026-09-25 04:30:09,False,False,Germany,,,
230,46,Data Analyst,Junior Data Analyst,"Poznan, Poland",via NoFluffJobs,Contractor,False,Poland,2026-09-24 17:53:10,False,True,Poland,,,
231,99,Data Analyst,Business Data Analyst,"Frankfurt, Germany",via LinkedIn,Full-time,True,Germany,2026-08-20 14:32:01,False,False,Germany,year,59823.0,
232,89,Senior Data Analyst,Senior Data Analyst,"Berlin, Germany",via LinkedIn,Internship,False,Germany,2026-09-22 02:21:29,False,True,Germany,,,
233,127,Data Analyst,Data Analyst (Finance),"Stuttgart, Germany",via Rabota.ua,Full-time,False,Germany,2026-09-01 04:10:17,True,False,Germany,,,
234,62,Data Analyst,Data Analyst (Marketing),"Warsaw, Poland",via LinkedIn,Full-time,True,Poland,2026-09-11 12:11:45,False,False,Poland,,,
235,126,Cloud Engineer,Cloud Data Engineer,"Kharkiv, Ukraine",via Glassdoor,Full-time,True,Ukraine,2026-09-13 09:43:41,False,False,Ukraine,year,18686.0,
236,112,Business Analyst,BI Analyst,"Munich, Germany",via Rabota.ua,Full-time,False,Germany,2026-09-03 17:29:25,False,True,Germany,year,55657.0,
237,104,Data Analyst,Product Data Analyst,"Munich, Germany",via Xing,Contractor,False,Germany,2026-08-22 18:38:29,True,True,Germany,,,
238,87,Data Scientist,Data Scientist,"Frankfurt, Germany",via Glassdoor,Part-time,False,Germany,2026-09-02 12:39:36,False,True,Germany,,,
239,118,Data Analyst,Data Analyst (Finance),"Kyiv, Ukraine",via StepStone,Full-time,True,Ukraine,2026-08-22 09:55:01,True,False,Ukraine,,,
240,80,Data Scientist,Data Scientist,"Cologne, Germany",via Rabota.ua,Full-time,False,Germany,2026-08-23 00:04:41,True,False,Germany,,,
241,110,Data Analyst,Data Analyst (Finance),"Berlin, Germany",via Work.ua,Internship,False,Germany,2026-09-16 08:26:59,False,True,Germany,,,
242,126,Business Analyst,Business Analyst,"Odesa, Ukraine",via Rabota.ua,Internship,False,Ukraine,2026-08-19 21:40:34,False,True,Ukraine,year,20123.0,
243,46,Machine Learning Engineer,Machine Learning Engineer,"Poznan, Poland",via Xing,Internship,True,Poland,2026-09-03 23:50:36,True,False,Poland,,,
244,51,Senior Data Engineer,Senior Data Engineer,"Wroclaw, Poland",via NoFluffJobs,Full-time,False,Poland,2026-08-31 22:15:31,True,False,Poland,year,59650.0,
245,7,Data Analyst,Data Analyst (Marketing),"Ivano-Frankivsk, Ukraine",via Glassdoor,Internship,False,Ukraine,2026-09-18 07:24:43,False,False,Ukraine,year,26443.0,
246,46,Machine Learning Engineer,Machine Learning Engineer,"Poznan, Poland",via Pracuj.pl,Full-time,False,Poland,2026-08-31 20:37:25,False,False,Poland,year,32750.0,
247,1,Data Analyst,Data Analyst (Finance),"Odesa, Ukraine",via Rabota.ua,Full-time,False,Ukraine,2026-08-22 02:54:38,True,False,Ukraine,,,
248,86,Data Engineer,ETL Developer,"Dusseldorf, Germany",via Rabota.ua,Full-time,False,Germany,2026-08-31 05:49:04,True,True,Germany,,,
249,19,Data Engineer,Data Engineer,"Kyiv, Ukraine",via Xing,Internship,True,Ukraine,2026-08-31 14:01:57,False,False,Ukraine,year,16454.0,
250,22,Senior Data Analyst,Lead Data Analyst,"Lviv, Ukraine",via NoFluffJobs,Full-time,False,Ukraine,2026-09-03 12:03:40,False,False,Ukraine,,,
251,68,Data Engineer,ETL Developer,"Lodz, Poland",via Rabota.ua,Internship,False,Poland,2026-09-06 15:05:56,False,False,Poland,year,25089.0,
252,83,Data Analyst,Product Data Analyst,"Berlin, Germany",via Work.ua,Internship,False,Germany,2026-09-17 14:43:55,False,True,Germany,,,
253,65,Data Engineer,Junior Data Engineer,"Warsaw, Poland",via LinkedIn,Full-time,True,Poland,2026-08-21 14:39:10,False,True,Poland,,,
254,100,Data Analyst,Product Data Analyst,"Frankfurt, Germany",via Work.ua,Full-time,False,Germany,2026-09-21 05:21:04,True,True,Germany,,,
255,128,Senior Data Engineer,Senior Data Engineer,Anywhere,via Djinni,Full-time,True,Poland,2026-08-15 05:59:05,False,False,Poland,,,
256,52,Data Engineer,ETL Developer,"Katowice, Poland",via StepStone,Full-time,False,Poland,2026-08-27 03:33:06,False,False,Poland,,,
257,109,Data Analyst,Data Analyst,"Berlin, Germany",via Pracuj.pl,Full-time,False,Germany,2026-09-11 08:21:39,False,False,Germany,year,69030.0,
258,19,Data Engineer,ETL Developer,"Ivano-Frankivsk, Ukraine",via Rabota.ua,Full-time,True,Ukraine,2026-08-29 03:20:14,True,False,Ukraine,,,
259,21,Data Analyst,Junior Data Analyst,"Kyiv, Ukraine",via LinkedIn,Full-time,False,Ukraine,2026-08-23 03:54:29,False,True,Ukraine,,,
260,53,Data Engineer,Analytics Engineer,"Poznan, Poland",via Indeed,Internship,True,Poland,2026-08-30 07:20:27,False,False,Poland,,,
261,51,Data Engineer,Analytics Engineer,"Gdansk, Poland",via Pracuj.pl,Full-time,True,Poland,2026-09-25 02:01:30,False,True,Poland,,,
262,22,Data Scientist,Data Scientist,"Ivano-Frankivsk, Ukraine",via NoFluffJobs,Part-time,False,Ukraine,2026-08-17 09:27:48,True,False,Ukraine,,,
263,36,Data Engineer,Power BI Developer,"Lviv, Ukraine",via Work.ua,Full-time,False,Ukraine,2026-09-05 07:34:07,False,False,Ukraine,,,
264,97,Data Engineer,Power BI Developer,"Cologne, Germany",via NoFluffJobs,Internship,False,Germany,2026-08-19 06:57:56,False,True,Germany,,,
265,118,Senior Data Analyst,Senior Data Analyst,Anywhere,via NoFluffJobs,Contractor,True,Ukraine,2026-09-12 23:41:01,True,True,Ukraine,,,
266,19,Business Analyst,Junior Business Analyst,"Dnipro, Ukraine",via Pracuj.pl,Full-time,True,Ukraine,2026-09-14 11:18:49,False,True,Ukraine,,,
267,112,Business Analyst,Business Intelligence Analyst,"Frankfurt, Germany",via LinkedIn,Internship,False,Germany,2026-09-04 11:09:23,False,False,Germany,,,
268,85,Data Analyst,Product Data Analyst,"Stuttgart, Germany",via Pracuj.pl,Contractor,False,Germany,2026-09-02 18:42:09,False,False,Germany,,,
269,33,Data Engineer,Junior Data Engineer,Anywhere,via NoFluffJobs,Full-time,True,Ukraine,2026-09-04 01:38:41,True,False,Ukraine,,,
270,5,Data Analyst,Data Quality Analyst,"Ivano-Frankivsk, Ukraine",via NoFluffJobs,Full-time,False,Ukraine,2026-09-02 11:22:19,False,False,Ukraine,year,24734.0,
271,16,Data Analyst,Data Analyst (Marketing),"Vinnytsia, Ukraine",via Xing,Contractor,True,Ukraine,2026-08-20 00:26:40,False,True,Ukraine,,,
272,99,Data Scientist,Junior Data Scientist,Anywhere,via StepStone,Internship,True,Germany,2026-09-13 07:01:50,True,True,Germany,,,
273,103,Business Analyst,Business Intelligence Analyst,Anywhere,via Djinni,Full-time,True,Germany,2026-09-16 23:36:01,False,True,Germany,year,59353.0,
274,62,Data Analyst,Data Analyst (Finance),"Krakow, Poland",via Rabota.ua,Full-time,False,Poland,2026-08-21 19:48:10,False,False,Poland,,,
275,35,Senior Data Analyst,Senior Data Analyst,"Lviv, Ukraine",via StepStone,Full-time,False,Ukraine,2026-08-27 17:39:44,False,False,Ukraine,,,
276,111,Senior Data Analyst,Lead Data Analyst,"Frankfurt, Germany",via Xing,Part-time,False,Germany,2026-09-05 05:45:19,True,False,Germany,year,100704.0,
277,76,Data Analyst,Data Quality Analyst,Anywhere,via Indeed,Full-time,True,Poland,2026-08-27 03:02:50,False,False,Poland,,,
278,3,Data Engineer,Junior Data Engineer,"Kharkiv, Ukraine",via LinkedIn,Full-time,False,Ukraine,2026-08-24 23:17:37,True,True,Ukraine,,,
279,18,Cloud Engineer,Cloud Data Engineer,"Odesa, Ukraine",via Glassdoor,Full-time,False,Ukraine,2026-09-21 05:28:43,False,True,Ukraine,,,
280,72,Data Analyst,Data Analyst (Marketing),"Krakow, Poland",via Glassdoor,Part-time,False,Poland,2026-09-03 21:53:28,True,True,Poland,,,
281,75,Data Engineer,Analytics Engineer,Anywhere,via StepStone,Internship,True,Poland,2026-08-20 03:09:25,False,False,Poland,year,36805.0,
282,21,Senior Data Engineer,Lead Data Engineer,"Vinnytsia, Ukraine",via Xing,Contractor,False,Ukraine,2026-09-15 16:17:09,False,True,Ukraine,,,
283,100,Data Analyst,Data Analyst (Finance),"Munich, Germany",via Rabota.ua,Part-time,False,Germany,2026-09-15 14:12:18,False,False,Germany,,,
284,106,Data Scientist,Junior Data Scientist,Anywhere,via LinkedIn,Full-time,True,Germany,2026-08-26 17:42:55,False,False,Germany,year,44030.0,
285,46,Senior Data Engineer,Lead Data Engineer,"Katowice, Poland",via Xing,Full-time,True,Poland,2026-08-23 11:22:51,False,True,Poland,,,
286,92,Data Scientist,Data Scientist,"Stuttgart, Germany",via StepStone,Full-time,True,Germany,2026-08-17 14:42:55,False,False,Germany,,,
287,101,Business Analyst,Business Intelligence Analyst,"Frankfurt, Germany",via NoFluffJobs,Contractor,False,Germany,2026-08-27 15:40:54,False,True,Germany,,,
288,88,Data Engineer,ETL Developer,"Munich, Germany",via StepStone,Contractor,False,Germany,2026-09-11 06:22:50,True,False,Germany,,,
289,17,Business Analyst,Junior Business Analyst,Anywhere,via Pracuj.pl,Internship,True,Ukraine,2026-09-18 19:54:49,False,False,Ukraine,,,
290,120,Senior Data Analyst,Senior Data Analyst,"Odesa, Ukraine",via Pracuj.pl,Full-time,False,Ukraine,2026-09-25 05:16:43,False,True,Ukraine,year,31263.0,
291,122,Data Analyst,Data Quality Analyst,"Dnipro, Ukraine",via Robota.ua,Internship,False,Ukraine,2026-08-17 23:31:50,True,False,Ukraine,year,23219.0,
292,91,Business Analyst,Business Analyst,"Hamburg, Germany",via NoFluffJobs,Full-time,False,Germany,2026-09-21 23:24:51,False,True,Germany,,,
293,83,Business Analyst,Business Intelligence Analyst,"Munich, Germany",via Indeed,Contractor,False,Germany,2026-08-30 08:56:50,False,True,Germany,,,
294,38,Data Engineer,Power BI Developer,"Odesa, Ukraine",via Indeed,Full-time,False,Ukraine,2026-09-24 22:23:57,False,True,Ukraine,,,
295,44,Senior Data Engineer,Lead Data Engineer,"Lviv, Ukraine",via Glassdoor,Contractor,False,Ukraine,2026-09-10 10:45:27,False,False,Ukraine,,,
296,17,Data Engineer,Power BI Developer,"Kharkiv, Ukraine",via Work.ua,Internship,True,Ukraine,2026-09-03 10:36:05,True,True,Ukraine,,,
297,100,Senior Data Engineer,Senior Data Engineer,"Munich, Germany",via Robota.ua,Contractor,False,Germany,2026-09-08 18:14:01,False,False,Germany,,,
298,120,Senior Data Engineer,Lead Data Engineer,Anywhere,via Djinni,Full-time,True,Ukraine,2026-08-28 06:55:52,False,True,Ukraine,,,
299,89,Data Analyst,Data Analyst (Marketing),"Frankfurt, Germany",via Indeed,Internship,False,Germany,2026-08-28 22:24:45,False,False,Germany,year,64811.0,
300,69,Data Analyst,Data Analyst (Finance),"Lodz, Poland",via Indeed,Internship,False,Poland,2026-09-07 04:57:35,True,True,Poland,year,29885.0,
301,56,Data Scientist,Junior Data Scientist,"Katowice, Poland",via Pracuj.pl,Full-time,False,Poland,2026-09-23 08:33:20,False,True,Poland,,,
302,97,Data Analyst,Product Data Analyst,Anywhere,via Indeed,Full-time,True,Germany,2026-09-15 01:28:22,False,False,Germany,,,
303,49,Data Engineer,Data Engineer,"Wroclaw, Poland",via Djinni,Full-time,False,Poland,2026-09-15 21:06:56,True,True,Poland,,,
304,69,Data Engineer,Analytics Engineer,"Katowice, Poland",via Xing,Full-time,False,Poland,2026-08-28 01:51:41,True,False,Poland,,,
305,96,Senior Data Scientist,Senior Data Scientist,"Stuttgart, Germany",via NoFluffJobs,Part-time,False,Germany,2026-08-27 15:28:56,False,True,Germany,,,
306,64,Senior Data Scientist,Senior Data Scientist,"Poznan, Poland",via Djinni,Contractor,False,Poland,2026-09-03 04:08:43,False,False,Poland,,,
307,91,Senior Data Analyst,Senior Data Analyst,"Berlin, Germany",via Rabota.ua,Contractor,True,Germany,2026-08-26 05:53:25,True,True,Germany,,,
308,102,Senior Data Analyst,Senior Data Analyst,"Berlin, Germany",via LinkedIn,Full-time,False,Germany,2026-09-25 15:29:44,False,False,Germany,,,
309,25,Data Scientist,Data Scientist,Anywhere,via Rabota.ua,Full-time,True,Ukraine,2026-09-25 07:27:53,False,False,Ukraine,year,19611.0,
310,93,Data Analyst,Data Analyst,"Munich, Germany",via Indeed,Contractor,False,Germany,2026-09-15 23:37:38,False,False,Germany,hour,,35.45
311,7,Business Analyst,Business Intelligence Analyst,Anywhere,via Indeed,Full-time,True,Ukraine,2026-08-25 09:46:12,False,True,Ukraine,,,
312,80,Senior Data Engineer,Senior Data Engineer,"Hamburg, Germany",via Djinni,Internship,False,Germany,2026-09-14 04:11:12,True,False,Germany,,,
313,7,Data Engineer,Data Engineer,"Odesa, Ukraine",via NoFluffJobs,Full-time,False,Ukraine,2026-08-17 17:17:57,True,False,Ukraine,,,
314,63,Data Scientist,Data Scientist,"Krakow, Poland",via Djinni,Full-time,True,Poland,2026-09-07 05:46:18,False,False,Poland,,,
315,8,Data Analyst,Junior Data Analyst,"Lviv, Ukraine",via Indeed,Full-time,False,Ukraine,2026-09-24 21:15:09,False,False,Ukraine,,,
316,80,Machine Learning Engineer,Machine Learning Engineer,"Frankfurt, Germany",via StepStone,Full-time,False,Germany,2026-08-20 10:20:25,False,True,Germany,year,69461.0,
317,48,Senior Data Analyst,Lead Data Analyst,"Katowice, Poland",via LinkedIn,Full-time,False,Poland,2026-09-17 19:58:09,False,True,Poland,year,49977.0,
318,84,Senior Data Analyst,Senior Data Analyst,"Cologne, Germany",via StepStone,Part-time,False,Germany,2026-09-03 16:21:48,False,True,Germany,,,
319,10,Data Analyst,Data Analyst (Finance),"Vinnytsia, Ukraine",via Rabota.ua,Full-time,True,Ukraine,2026-09-12 09:36:47,True,True,Ukraine,year,24949.0,
320,127,Data Scientist,Junior Data Scientist,Anywhere,via Djinni,Full-time,True,Germany,2026-09-11 13:05:05,True,False,Germany,,,
321,12,Data Scientist,Data Scientist,"Kharkiv, Ukraine",via Glassdoor,Full-time,False,Ukraine,2026-09-16 16:07:44,True,False,Ukraine,,,
322,10,Data Analyst,Data Analyst (Marketing),"Kyiv, Ukraine",via Robota.ua,Part-time,False,Ukraine,2026-09-10 01:59:57,True,True,Ukraine,year,24876.0,
323,60,Senior Data Engineer,Lead Data Engineer,Anywhere,via Rabota.ua,Contractor,True,Poland,2026-08-24 23:20:05,False,False,Poland,,,
324,96,Business Analyst,Business Analyst,"Munich, Germany",via Xing,Part-time,True,Germany,2026-09-20 01:36:33,True,False,Germany,,,
325,95,Senior Data Analyst,Senior Data Analyst,Anywhere,via LinkedIn,Full-time,True,Germany,2026-09-11 05:26:01,False,True,Germany,,,
326,55,Data Analyst,Business Data Analyst,"Wroclaw, Poland",via LinkedIn,Full-time,True,Poland,2026-09-08 03:20:09,False,True,Poland,,,
327,7,Data Analyst,Business Data Analyst,Anywhere,via StepStone,Contractor,True,Ukraine,2026-08-19 15:01:26,False,False,Ukraine,year,23034.0,
328,16,Senior Data Analyst,Senior Data Analyst,"Odesa, Ukraine",via Indeed,Part-time,False,Ukraine,2026-09-12 01:00:52,False,False,Ukraine,,,
329,15,Software Engineer,Data Software Engineer,"Dnipro, Ukraine",via StepStone,Part-time,True,Ukraine,2026-08-19 09:05:25,False,False,Ukraine,,,
330,22,Data Engineer,Data Engineer,"Kyiv, Ukraine",via Indeed,Part-time,False,Ukraine,2026-09-15 12:34:05,False,False,Ukraine,year,16371.0,
331,34,Data Engineer,Power BI Developer,"Vinnytsia, Ukraine",via Xing,Internship,True,Ukraine,2026-09-03 22:14:14,False,False,Ukraine,year,21914.0,
332,127,Data Engineer,BI Developer,"Frankfurt, Germany",via Robota.ua,Internship,True,Germany,2026-08-19 04:16:59,False,True,Germany,,,
333,115,Data Scientist,Junior Data Scientist,"Dnipro, Ukraine",via StepStone,Contractor,True,Ukraine,2026-09-15 11:33:48,True,False,Ukraine,year,12727.0,
334,96,Data Analyst,Product Data Analyst,"Munich, Germany",via Indeed,Full-time,True,Germany,2026-09-21 20:59:21,False,True,Germany,,,
335,88,Data Engineer,BI Developer,"Munich, Germany",via LinkedIn,Full-time,True,Germany,2026-09-08 10:56:54,False,False,Germany,year,70455.0,
336,82,Business Analyst,BI Analyst,"Dusseldorf, Germany",via Xing,Full-time,False,Germany,2026-09-05 20:43:50,True,False,Germany,,,
337,112,Data Engineer,ETL Developer,"Stuttgart, Germany",via Xing,Contractor,False,Germany,2026-08-26 07:08:51,True,True,Germany,,,
338,94,Data Analyst,Data Analyst (Finance),"Berlin, Germany",via Work.ua,Full-time,False,Germany,2026-09-24 06:50:04,True,False,Germany,,,
339,72,Business Analyst,Business Analyst,"Gdansk, Poland",via Glassdoor,Part-time,False,Poland,2026-08-28 07:30:47,False,False,Poland,,,
340,127,Data Engineer,ETL Developer,"Berlin, Germany",via Work.ua,Full-time,False,Germany,2026-09-02 05:14:56,True,True,Germany,,,
341,70,Data Scientist,Data Scientist,"Lodz, Poland",via Djinni,Full-time,False,Poland,2026-08-24 04:50:12,True,True,Poland,,,
342,6,Machine Learning Engineer,Machine Learning Engineer,"Odesa, Ukraine",via Glassdoor,Internship,False,Ukraine,2026-09-23 02:10:32,False,False,Ukraine,,,
343,116,Data Analyst,Junior Data Analyst,Anywhere,via Work.ua,Contractor,True,Germany,2026-08-28 09:27:56,False,True,Germany,,,
344,123,Business Analyst,Business Intelligence Analyst,"Dusseldorf, Germany",via Indeed,Contractor,False,Germany,2026-09-07 15:20:17,False,True,Germany,year,60259.0,
345,80,Data Analyst,Junior Data Analyst,"Stuttgart, Germany",via NoFluffJobs,Full-time,True,Germany,2026-09-03 23:52:49,False,True,Germany,,,
346,77,Machine Learning Engineer,Machine Learning Engineer,Anywhere,via Rabota.ua,Part-time,True,Poland,2026-08-24 12:14:14,False,True,Poland,year,31392.0,
347,112,Data Analyst,Product Data Analyst,"Berlin, Germany",via Rabota.ua,Full-time,False,Germany,2026-09-05 07:26:27,False,True,Germany,,,
348,93,Cloud Engineer,Cloud Data Engineer,"Dusseldorf, Germany",via Indeed,Full-time,True,Germany,2026-09-14 03:21:36,False,False,Germany,,,
349,61,Business Analyst,Business Intelligence Analyst,"Warsaw, Poland",via Indeed,Contractor,True,Poland,2026-08-25 03:08:34,False,False,Poland,,,
350,96,Data Engineer,BI Developer,Anywhere,via Pracuj.pl,Full-time,True,Germany,2026-08-15 04:28:04,False,False,Germany,year,59565.0,
351,36,Senior Data Analyst,Senior Data Analyst,"Ivano-Frankivsk, Ukraine",via Rabota.ua,Full-time,False,Ukraine,2026-09-20 03:25:44,False,True,Ukraine,,,
352,45,Software Engineer,Data Software Engineer,"Katowice, Poland",via Djinni,Part-time,True,Poland,2026-09-04 13:28:10,True,False,Poland,,,
353,65,Data Engineer,Analytics Engineer,"Wroclaw, Poland",via Pracuj.pl,Full-time,False,Poland,2026-08-25 00:38:06,True,True,Poland,,,
354,62,Data Scientist,Data Scientist,"Lodz, Poland",via Glassdoor,Full-time,False,Poland,2026-09-22 00:03:49,False,True,Poland,year,36540.0,
355,69,Senior Data Analyst,Senior Data Analyst,"Katowice, Poland",via Rabota.ua,Full-time,False,Poland,2026-09-23 06:59:34,False,True,Poland,year,40329.0,
356,92,Data Engineer,ETL Developer,"Stuttgart, Germany",via Work.ua,Contractor,True,Germany,2026-09-03 19:31:06,False,False,Germany,,,
357,124,Senior Data Analyst,Senior Data Analyst,"Berlin, Germany",via Xing,Full-time,False,Germany,2026-09-03 07:47:27,False,False,Germany,year,86236.0,
358,19,Data Engineer,ETL Developer,"Kharkiv, Ukraine",via Rabota.ua,Full-time,False,Ukraine,2026-09-17 13:41:52,True,True,Ukraine,,,
359,61,Machine Learning Engineer,Machine Learning Engineer,"Wroclaw, Poland",via Robota.ua,Full-time,False,Poland,2026-08-26 18:35:53,False,True,Poland,,,
360,126,Machine Learning Engineer,Machine Learning Engineer,"Ivano-Frankivsk, Ukraine",via Glassdoor,Contractor,False,Ukraine,2026-09-11 16:39:47,False,True,Ukraine,,,
361,20,Data Analyst,Business Data Analyst,"Ivano-Frankivsk, Ukraine",via Glassdoor,Full-time,False,Ukraine,2026-09-05 04:45:30,True,False,Ukraine,year,26340.0,
362,10,Senior Data Analyst,Lead Data Analyst,"Lviv, Ukraine",via LinkedIn,Full-time,False,Ukraine,2026-09-08 18:10:12,False,False,Ukraine,,,
363,11,Data Engineer,Junior Data Engineer,Anywhere,via LinkedIn,Full-time,True,Ukraine,2026-09-24 22:43:01,False,False,Ukraine,,,
364,68,Senior Data Analyst,Senior Data Analyst,"Gdansk, Poland",via Robota.ua,Contractor,False,Poland,2026-08-31 22:19:32,False,False,Poland,,,
365,16,Data Analyst,Junior Data Analyst,"Ivano-Frankivsk, Ukraine",via LinkedIn,Full-time,False,Ukraine,2026-09-15 00:06:04,False,True,Ukraine,,,
366,76,Business Analyst,Junior Business Analyst,"Wroclaw, Poland",via Robota.ua,Full-time,False,Poland,2026-08-31 13:28:40,False,True,Poland,,,
367,131,Data Analyst,Business Data Analyst,"Kyiv, Ukraine",via LinkedIn,Full-time,False,Ukraine,2026-08-28 16:50:00,False,False,Ukraine,,,
368,40,Machine Learning Engineer,Machine Learning Engineer,"Ivano-Frankivsk, Ukraine",via NoFluffJobs,Full-time,False,Ukraine,2026-08-21 00:29:55,False,False,Ukraine,,,
369,0,Business Analyst,Junior Business Analyst,"Kyiv, Ukraine",via NoFluffJobs,Full-time,False,Ukraine,2026-09-24 11:55:02,False,False,Ukraine,,,
370,131,Data Engineer,ETL Developer,"Odesa, Ukraine",via StepStone,Part-time,False,Ukraine,2026-09-16 01:08:31,False,True,Ukraine,,,
371,30,Data Analyst,Business Data Analyst,"Ivano-Frankivsk, Ukraine",via Work.ua,Internship,False,Ukraine,2026-08-31 21:30:57,False,False,Ukraine,,,
372,92,Data Engineer,Analytics Engineer,"Dusseldorf, Germany",via StepStone,Contractor,False,Germany,2026-08-29 07:16:07,True,True,Germany,,,
373,85,Senior Data Engineer,Senior Data Engineer,"Hamburg, Germany",via LinkedIn,Part-time,True,Germany,2026-09-13 10:09:52,False,False,Germany,,,
374,32,Cloud Engineer,Cloud Data Engineer,"Kharkiv, Ukraine",via Work.ua,Internship,False,Ukraine,2026-08-29 22:47:03,False,False,Ukraine,,,
375,93,Data Analyst,Product Data Analyst,"Cologne, Germany",via Work.ua,Internship,False,Germany,2026-09-19 12:06:08,True,False,Germany,,,
376,82,Senior Data Analyst,Senior Data Analyst,"Frankfurt, Germany",via Indeed,Internship,False,Germany,2026-08-25 01:06:22,False,True,Germany,year,104408.0,
377,36,Data Engineer,Analytics Engineer,"Lviv, Ukraine",via Rabota.ua,Contractor,False,Ukraine,2026-09-01 20:41:28,False,True,Ukraine,year,24026.0,
378,131,Data Analyst,Product Data Analyst,"Kharkiv, Ukraine",via LinkedIn,Contractor,False,Ukraine,2026-09-19 17:50:51,False,True,Ukraine,,,
379,39,Data Analyst,Data Analyst (Finance),"Odesa, Ukraine",via Djinni,Part-time,False,Ukraine,2026-08-31 01:05:07,False,True,Ukraine,,,
380,46,Data Engineer,BI Developer,"Gdansk, Poland",via Rabota.ua,Full-time,False,Poland,2026-08-30 01:12:09,True,False,Poland,,,
381,16,Business Analyst,Business Analyst,"Dnipro, Ukraine",via Rabota.ua,Full-time,False,Ukraine,2026-09-07 18:42:41,False,False,Ukraine,,,
382,44,Data Analyst,Product Data Analyst,"Lviv, Ukraine",via NoFluffJobs,Full-time,False,Ukraine,2026-08-24 07:17:00,True,False,Ukraine,year,27421.0,
383,26,Business Analyst,Business Analyst,"Kyiv, Ukraine",via Indeed,Full-time,True,Ukraine,2026-09-06 23:43:50,False,False,Ukraine,,,
384,71,Data Engineer,Analytics Engineer,Anywhere,via Robota.ua,Contractor,True,Poland,2026-09-06 14:32:18,True,True,Poland,,,
385,86,Data Engineer,Data Engineer,"Frankfurt, Germany",via Djinni,Internship,False,Germany,2026-09-02 17:59:31,False,True,Germany,,,
386,24,Data Analyst,Product Data Analyst,"Kyiv, Ukraine",via Robota.ua,Internship,False,Ukraine,2026-09-17 07:11:04,False,True,Ukraine,,,
387,108,Data Analyst,Data Analyst (Marketing),"Cologne, Germany",via LinkedIn,Internship,False,Germany,2026-09-24 18:25:13,False,False,Germany,,,
388,89,Data Analyst,Business Data Analyst,"Munich, Germany",via Robota.ua,Contractor,True,Germany,2026-09-06 00:06:27,False,True,Germany,,,
389,4,Business Analyst,Business Intelligence Analyst,"Lviv, Ukraine",via Rabota.ua,Contractor,False,Ukraine,2026-08-25 04:22:47,False,True,Ukraine,,,
390,111,Machine Learning Engineer,Machine Learning Engineer,"Munich, Germany",via StepStone,Contractor,False,Germany,2026-08-23 10:48:48,False,True,Germany,,,
391,104,Data Analyst,Data Quality Analyst,"Stuttgart, Germany",via Xing,Internship,False,Germany,2026-08-15 13:30:18,True,True,Germany,,,
392,2,Business Analyst,Business Analyst,"Kharkiv, Ukraine",via Xing,Internship,True,Ukraine,2026-09-24 04:14:07,True,True,Ukraine,,,
393,78,Data Analyst,Data Analyst (Marketing),Anywhere,via LinkedIn,Part-time,True,Germany,2026-09-11 20:03:19,True,True,Germany,,,
394,49,Data Analyst,Business Data Analyst,"Krakow, Poland",via Pracuj.pl,Contractor,False,Poland,2026-09-07 10:19:07,True,True,Poland,,,
395,104,Data Engineer,Junior Data Engineer,"Dusseldorf, Germany",via Djinni,Full-time,True,Germany,2026-09-24 23:38:07,True,False,Germany,,,
396,69,Data Analyst,Data Analyst (Marketing),"Poznan, Poland",via StepStone,Full-time,False,Poland,2026-09-07 14:40:45,True,True,Poland,,,
397,32,Senior Data Engineer,Senior Data Engineer,"Ivano-Frankivsk, Ukraine",via StepStone,Part-time,False,Ukraine,2026-08-19 05:28:48,False,False,Ukraine,,,
398,108,Data Analyst,Data Analyst,"Hamburg, Germany",via Rabota.ua,Full-time,False,Germany,2026-09-01 04:17:55,False,False,Germany,year,70938.0,
399,31,Data Engineer,Analytics Engineer,"Dnipro, Ukraine",via LinkedIn,Internship,False,Ukraine,2026-08-15 11:14:46,False,True,Ukraine,,,
400,5,Data Analyst,Junior Data Analyst,"Ivano-Frankivsk, Ukraine",via Glassdoor,Full-time,False,Ukraine,2026-09-15 05:29:11,False,True,Ukraine,,,
401,25,Data Analyst,Data Analyst,"Ivano-Frankivsk, Ukraine",via Rabota.ua,Contractor,False,Ukraine,2026-08-21 23:33:08,False,False,Ukraine,,,
402,69,Data Analyst,Data Quality Analyst,"Krakow, Poland",via Rabota.ua,Part-time,False,Poland,2026-08-15 00:50:06,False,False,Poland,,,
403,114,Data Analyst,Junior Data Analyst,"Odesa, Ukraine",via Pracuj.pl,Internship,True,Ukraine,2026-09-18 03:01:52,True,False,Ukraine,year,15205.0,
404,76,Business Analyst,Business Analyst,"Gdansk, Poland",via Pracuj.pl,Full-time,True,Poland,2026-08-19 19:21:07,False,False,Poland,year,22694.0,
405,105,Senior Data Analyst,Senior Data Analyst,"Cologne, Germany",via Rabota.ua,Full-time,False,Germany,2026-08-31 22:51:04,False,False,Germany,,,
406,34,Data Analyst,Business Data Analyst,"Kharkiv, Ukraine",via Indeed,Full-time,True,Ukraine,2026-09-04 15:27:30,False,True,Ukraine,,,
407,66,Data Engineer,Junior Data Engineer,"Katowice, Poland",via LinkedIn,Full-time,True,Poland,2026-09-19 15:08:58,True,False,Poland,,,
408,11,Senior Data Analyst,Senior Data Analyst,"Lviv, Ukraine",via Xing,Full-time,False,Ukraine,2026-08-16 04:23:09,True,True,Ukraine,,,
409,19,Senior Data Engineer,Senior Data Engineer,"Dnipro, Ukraine",via LinkedIn,Internship,True,Ukraine,2026-08-17 19:48:11,False,True,Ukraine,,,
410,128,Cloud Engineer,Cloud Data Engineer,"Gdansk, Poland",via LinkedIn,Full-time,False,Poland,2026-09-09 05:52:47,False,False,Poland,year,33079.0,
411,40,Data Analyst,Data Analyst (Finance),"Lviv, Ukraine",via Xing,Full-time,True,Ukraine,2026-09-03 06:35:12,False,True,Ukraine,,,
412,5,Business Analyst,Business Intelligence Analyst,"Ivano-Frankivsk, Ukraine",via Robota.ua,Internship,False,Ukraine,2026-08-21 10:26:57,False,True,Ukraine,,,
413,78,Data Scientist,Data Scientist,"Frankfurt, Germany",via StepStone,Part-time,False,Germany,2026-09-22 20:33:59,False,True,Germany,year,58689.0,
414,96,Business Analyst,Business Analyst,Anywhere,via Djinni,Contractor,True,Germany,2026-09-04 05:59:18,True,True,Germany,,,
415,35,Data Analyst,Data Quality Analyst,"Dnipro, Ukraine",via Xing,Internship,False,Ukraine,2026-08-23 14:23:32,False,False,Ukraine,,,
416,65,Data Engineer,BI Developer,"Warsaw, Poland",via Djinni,Full-time,True,Poland,2026-09-08 05:36:25,False,True,Poland,,,
417,119,Senior Data Analyst,Senior Data Analyst,"Vinnytsia, Ukraine",via Xing,Contractor,False,Ukraine,2026-08-28 22:47:30,True,False,Ukraine,,,
418,0,Data Analyst,Junior Data Analyst,"Kyiv, Ukraine",via Rabota.ua,Contractor,False,Ukraine,2026-09-01 08:40:11,True,True,Ukraine,,,
419,90,Data Analyst,Business Data Analyst,"Dusseldorf, Germany",via StepStone,Internship,False,Germany,2026-08-25 22:27:22,False,False,Germany,,,
420,56,Data Scientist,Data Scientist,"Lodz, Poland",via LinkedIn,Contractor,False,Poland,2026-08-23 20:28:40,False,True,Poland,year,28723.0,
421,107,Data Scientist,Data Scientist,Anywhere,via Rabota.ua,Contractor,True,Germany,2026-09-10 13:22:22,False,True,Germany,,,
422,131,Software Engineer,Data Software Engineer,"Lviv, Ukraine",via Xing,Contractor,False,Ukraine,2026-08-21 15:47:48,False,False,Ukraine,,,
423,20,Senior Data Analyst,Lead Data Analyst,"Kyiv, Ukraine",via Work.ua,Part-time,False,Ukraine,2026-09-02 08:56:42,True,False,Ukraine,,,
424,10,Data Scientist,Junior Data Scientist,"Vinnytsia, Ukraine",via Xing,Contractor,True,Ukraine,2026-08-30 17:25:12,False,True,Ukraine,year,12004.0,
425,93,Data Scientist,Junior Data Scientist,"Frankfurt, Germany",via Work.ua,Full-time,False,Germany,2026-08-20 00:27:00,False,False,Germany,year,47906.0,
426,128,Senior Data Engineer,Senior Data Engineer,"Poznan, Poland",via Robota.ua,Internship,True,Poland,2026-08-16 20:37:55,True,False,Poland,,,
427,128,Data Scientist,Junior Data Scientist,"Wroclaw, Poland",via LinkedIn,Full-time,True,Poland,2026-09-20 20:38:54,True,False,Poland,,,
428,7,Data Scientist,Data Scientist,"Vinnytsia, Ukraine",via Djinni,Internship,True,Ukraine,2026-08-23 08:17:30,True,True,Ukraine,,,
429,35,Senior Data Analyst,Lead Data Analyst,"Ivano-Frankivsk, Ukraine",via Pracuj.pl,Full-time,False,Ukraine,2026-09-23 03:38:24,False,False,Ukraine,,,
430,46,Senior Data Analyst,Senior Data Analyst,"Wroclaw, Poland",via Indeed,Full-time,False,Poland,2026-09-06 07:04:13,False,True,Poland,,,
431,53,Data Analyst,Business Data Analyst,"Krakow, Poland",via Rabota.ua,Contractor,False,Poland,2026-09-11 10:52:20,True,True,Poland,,,
432,26,Data Analyst,Data Quality Analyst,"Kyiv, Ukraine",via Pracuj.pl,Full-time,False,Ukraine,2026-09-09 01:57:34,False,True,Ukraine,,,
433,106,Business Analyst,Business Analyst,"Dusseldorf, Germany",via Glassdoor,Contractor,False,Germany,2026-09-25 03:53:23,False,True,Germany,year,55191.0,
434,76,Data Analyst,Business Data Analyst,"Krakow, Poland",via Xing,Contractor,False,Poland,2026-09-01 22:10:59,True,False,Poland,year,34049.0,
435,75,Cloud Engineer,Cloud Data Engineer,Anywhere,via Work.ua,Full-time,True,Poland,2026-08-31 09:45:05,False,False,Poland,year,32354.0,
436,129,Data Scientist,Junior Data Scientist,Anywhere,via Rabota.ua,Full-time,True,Ukraine,2026-09-16 03:58:08,True,True,Ukraine,,,
437,17,Data Analyst,Data Analyst (Marketing),Anywhere,via NoFluffJobs,Full-time,True,Ukraine,2026-08-22 17:05:22,False,True,Ukraine,,,
438,11,Data Analyst,Junior Data Analyst,"Ivano-Frankivsk, Ukraine",via Pracuj.pl,Part-time,True,Ukraine,2026-09-22 15:33:27,True,True,Ukraine,year,9778.0,
439,131,Data Analyst,Data Quality Analyst,"Dnipro, Ukraine",via Robota.ua,Full-time,False,Ukraine,2026-09-06 20:18:45,False,False,Ukraine,year,22039.0,
440,0,Senior Data Analyst,Senior Data Analyst,"Kharkiv, Ukraine",via Djinni,Full-time,False,Ukraine,2026-08-15 19:22:30,False,False,Ukraine,year,29860.0,
441,43,Business Analyst,Business Intelligence Analyst,"Dnipro, Ukraine",via Pracuj.pl,Full-time,False,Ukraine,2026-09-13 00:52:22,True,True,Ukraine,,,
442,66,Data Engineer,Junior Data Engineer,"Katowice, Poland",via Work.ua,Part-time,False,Poland,2026-09-11 11:13:47,True,False,Poland,,,
443,29,Senior Data Analyst,Lead Data Analyst,"Dnipro, Ukraine",via LinkedIn,Part-time,False,Ukraine,2026-09-17 22:21:53,False,True,Ukraine,,,
444,123,Data Engineer,BI Developer,"Cologne, Germany",via Rabota.ua,Full-time,False,Germany,2026-09-03 15:18:04,False,True,Germany,year,58509.0,
445,21,Data Analyst,Product Data Analyst,"Odesa, Ukraine",via Djinni,Full-time,False,Ukraine,2026-08-29 01:30:59,False,False,Ukraine,,,
446,95,Data Scientist,Data Scientist,"Hamburg, Germany",via Indeed,Part-time,False,Germany,2026-08-27 09:19:05,True,False,Germany,,,
447,99,Senior Data Engineer,Lead Data Engineer,"Frankfurt, Germany",via Xing,Full-time,False,Germany,2026-08-18 12:08:25,False,False,Germany,,,
448,32,Data Analyst,Data Analyst (Finance),"Kyiv, Ukraine",via StepStone,Full-time,False,Ukraine,2026-09-19 23:31:08,True,False,Ukraine,,,
449,108,Business Analyst,Junior Business Analyst,"Hamburg, Germany",via LinkedIn,Part-time,True,Germany,2026-09-12 12:03:59,True,True,Germany,,,
450,113,Data Analyst,Data Quality Analyst,"Hamburg, Germany",via StepStone,Full-time,True,Germany,2026-09-14 15:18:18,False,False,Germany,,,
451,82,Data Engineer,Data Engineer,Anywhere,via LinkedIn,Full-time,True,Germany,2026-08-23 14:56:46,False,True,Germany,year,63515.0,
452,101,Business Analyst,Junior Business Analyst,"Cologne, Germany",via Rabota.ua,Full-time,False,Germany,2026-09-09 02:58:53,False,True,Germany,,,
453,69,Data Analyst,Product Data Analyst,"Wroclaw, Poland",via Rabota.ua,Full-time,False,Poland,2026-09-15 21:30:20,False,False,Poland,,,
454,48,Senior Data Scientist,Senior Data Scientist,"Poznan, Poland",via Djinni,Contractor,True,Poland,2026-09-07 19:40:53,True,True,Poland,year,40931.0,
455,130,Data Engineer,Power BI Developer,"Lviv, Ukraine",via Robota.ua,Full-time,False,Ukraine,2026-09-07 13:36:34,False,True,Ukraine,,,
456,27,Senior Data Analyst,Lead Data Analyst,"Lviv, Ukraine",via Robota.ua,Part-time,False,Ukraine,2026-09-03 03:07:31,True,False,Ukraine,,,
457,86,Business Analyst,Junior Business Analyst,"Cologne, Germany",via LinkedIn,Part-time,False,Germany,2026-08-22 18:30:59,False,True,Germany,year,42733.0,
458,121,Senior Data Analyst,Senior Data Analyst,"Dusseldorf, Germany",via Xing,Full-time,False,Germany,2026-09-19 15:08:17,False,True,Germany,,,
459,15,Data Engineer,Power BI Developer,"Kyiv, Ukraine",via LinkedIn,Contractor,False,Ukraine,2026-09-08 22:08:27,False,False,Ukraine,hour,,12.99
460,51,Data Scientist,Data Scientist,"Warsaw, Poland",via Robota.ua,Contractor,True,Poland,2026-08-26 09:02:20,True,False,Poland,hour,,17.61
461,19,Data Engineer,ETL Developer,"Dnipro, Ukraine",via Work.ua,Part-time,False,Ukraine,2026-09-01 10:44:34,False,True,Ukraine,,,
462,54,Machine Learning Engineer,Machine Learning Engineer,Anywhere,via LinkedIn,Full-time,True,Poland,2026-09-01 18:24:19,False,True,Poland,,,
463,23,Business Analyst,Business Intelligence Analyst,"Kyiv, Ukraine",via NoFluffJobs,Full-time,False,Ukraine,2026-09-21 06:48:01,True,False,Ukraine,,,
464,59,Data Analyst,Data Analyst (Marketing),Anywhere,via Work.ua,Full-time,True,Poland,2026-08-15 08:51:43,False,True,Poland,year,30685.0,
465,39,Data Analyst,Product Data Analyst,"Vinnytsia, Ukraine",via Robota.ua,Contractor,False,Ukraine,2026-09-13 00:28:00,False,False,Ukraine,,,
466,92,Business Analyst,Business Intelligence Analyst,"Cologne, Germany",via Glassdoor,Full-time,False,Germany,2026-08-29 20:11:09,False,False,Germany,year,67056.0,
467,132,Data Analyst,Data Quality Analyst,"Vinnytsia, Ukraine",via LinkedIn,Part-time,False,Ukraine,2026-08-30 11:06:04,False,True,Ukraine,year,18449.0,
468,80,Data Analyst,Data Analyst (Marketing),"Stuttgart, Germany",via Pracuj.pl,Part-time,False,Germany,2026-08-16 05:23:02,True,True,Germany,,,
469,15,Senior Data Engineer,Senior Data Engineer,"Lviv, Ukraine",via Work.ua,Part-time,False,Ukraine,2026-09-16 18:40:35,False,False,Ukraine,year,42934.0,
470,19,Data Engineer,Analytics Engineer,"Vinnytsia, Ukraine",via StepStone,Part-time,True,Ukraine,2026-08-19 11:41:30,False,True,Ukraine,,,
471,2,Data Scientist,Junior Data Scientist,"Kyiv, Ukraine",via Indeed,Full-time,True,Ukraine,2026-09-19 22:59:30,False,True,Ukraine,year,12020.0,
472,69,Data Analyst,Business Data Analyst,Anywhere,via Indeed,Internship,True,Poland,2026-09-12 23:53:27,True,False,Poland,year,24935.0,
473,34,Machine Learning Engineer,Machine Learning Engineer,"Odesa, Ukraine",via NoFluffJobs,Full-time,False,Ukraine,2026-09-20 16:57:33,False,False,Ukraine,,,
474,35,Senior Data Analyst,Senior Data Analyst,"Dnipro, Ukraine",via Pracuj.pl,Part-time,False,Ukraine,2026-08-21 07:42:17,True,True,Ukraine,,,
475,127,Data Analyst,Data Quality Analyst,"Berlin, Germany",via Pracuj.pl,Part-time,False,Germany,2026-09-11 23:28:33,True,False,Germany,,,
476,34,Data Engineer,Data Engineer,"Vinnytsia, Ukraine",via Work.ua,Internship,False,Ukraine,2026-08-19 10:10:32,True,False,Ukraine,,,
477,121,Machine Learning Engineer,Machine Learning Engineer,"Hamburg, Germany",via Indeed,Full-time,True,Germany,2026-08-27 08:30:09,False,True,Germany,,,
478,104,Data Engineer,Analytics Engineer,"Frankfurt, Germany",via Work.ua,Full-time,False,Germany,2026-09-15 15:50:40,False,True,Germany,,,
479,24,Data Engineer,Power BI Developer,"Kharkiv, Ukraine",via Glassdoor,Contractor,False,Ukraine,2026-09-22 13:43:15,True,True,Ukraine,year,20908.0,
480,66,Business Analyst,Junior Business Analyst,"Gdansk, Poland",via Djinni,Part-time,False,Poland,2026-09-23 10:08:38,False,False,Poland,year,16413.0,
481,5,Data Scientist,Data Scientist,"Dnipro, Ukraine",via NoFluffJobs,Full-time,False,Ukraine,2026-09-10 06:35:46,True,True,Ukraine,,,
482,23,Data Analyst,Data Analyst,"Ivano-Frankivsk, Ukraine",via Robota.ua,Internship,False,Ukraine,2026-09-01 02:04:04,False,False,Ukraine,,,
483,11,Business Analyst,Business Analyst,"Dnipro, Ukraine",via Work.ua,Full-time,False,Ukraine,2026-08-31 20:36:30,False,True,Ukraine,year,20876.0,
484,102,Business Analyst,Business Analyst,"Dusseldorf, Germany",via Glassdoor,Full-time,False,Germany,2026-09-14 18:06:41,True,True,Germany,,,
485,78,Data Analyst,Data Analyst (Marketing),"Cologne, Germany",via NoFluffJobs,Full-time,False,Germany,2026-08-17 10:44:36,False,False,Germany,,,
486,126,Senior Data Scientist,Senior Data Scientist,"Lviv, Ukraine",via LinkedIn,Full-time,False,Ukraine,2026-09-17 23:07:10,True,False,Ukraine,year,43054.0,
487,10,Business Analyst,Junior Business Analyst,"Kharkiv, Ukraine",via Rabota.ua,Full-time,False,Ukraine,2026-09-23 22:23:33,False,False,Ukraine,year,11311.0,
488,18,Data Analyst,Junior Data Analyst,"Odesa, Ukraine",via StepStone,Contractor,False,Ukraine,2026-09-05 03:03:39,False,True,Ukraine,,,
489,114,Senior Data Analyst,Lead Data Analyst,"Dnipro, Ukraine",via Rabota.ua,Internship,False,Ukraine,2026-08-27 02:37:09,True,True,Ukraine,year,37582.0,
490,1,Senior Data Scientist,Senior Data Scientist,"Kharkiv, Ukraine",via LinkedIn,Full-time,True,Ukraine,2026-08-19 01:08:32,False,True,Ukraine,,,
491,117,Machine Learning Engineer,Machine Learning Engineer,"Wroclaw, Poland",via StepStone,Contractor,False,Poland,2026-09-15 22:50:16,False,False,Poland,,,
492,82,Data Analyst,Business Data Analyst,"Hamburg, Germany",via Pracuj.pl,Full-time,True,Germany,2026-08-21 11:58:16,False,True,Germany,,,
493,30,Data Scientist,Junior Data Scientist,Anywhere,via Glassdoor,Full-time,True,Ukraine,2026-09-14 23:55:41,False,False,Ukraine,year,9202.0,
494,34,Cloud Engineer,Cloud Data Engineer,"Kyiv, Ukraine",via Rabota.ua,Full-time,False,Ukraine,2026-08-25 18:46:23,False,False,Ukraine,,,
495,50,Senior Data Analyst,Senior Data Analyst,"Poznan, Poland",via NoFluffJobs,Full-time,False,Poland,2026-09-05 14:36:53,False,False,Poland,,,
496,82,Data Analyst,Business Data Analyst,Anywhere,via Djinni,Internship,True,Germany,2026-08-30 09:53:43,False,False,Germany,year,69384.0,
497,45,Data Analyst,Junior Data Analyst,"Poznan, Poland",via Robota.ua,Full-time,False,Poland,2026-08-31 22:28:16,True,True,Poland,,,
498,116,Software Engineer,Data Software Engineer,"Stuttgart, Germany",via Rabota.ua,Full-time,False,Germany,2026-08-28 10:44:32,False,False,Germany,,,
499,128,Data Engineer,Data Engineer,"Katowice, Poland",via Rabota.ua,Full-time,False,Poland,2026-08-15 05:26:30,True,False,Poland,year,36610.0,
500,33,Business Analyst,Junior Business Analyst,"Dnipro, Ukraine",via Xing,Full-time,False,Ukraine,2026-09-14 21:25:19,True,False,Ukraine,year,15543.0,
501,2,Machine Learning Engineer,Machine Learning Engineer,"Kharkiv, Ukraine",via LinkedIn,Full-time,False,Ukraine,2026-09-03 04:51:22,False,True,Ukraine,year,17770.0,
502,111,Data Analyst,Data Analyst,Anywhere,via StepStone,Internship,True,Germany,2026-09-09 22:13:58,False,True,Germany,,,
503,11,Data Engineer,BI Developer,"Lviv, Ukraine",via Rabota.ua,Internship,False,Ukraine,2026-09-21 00:14:56,False,False,Ukraine,,,
504,4,Senior Data Analyst,Lead Data Analyst,"Dnipro, Ukraine",via Glassdoor,Full-time,False,Ukraine,2026-08-31 13:11:10,False,False,Ukraine,year,41706.0,
505,11,Senior Data Engineer,Lead Data Engineer,"Ivano-Frankivsk, Ukraine",via Rabota.ua,Full-time,False,Ukraine,2026-09-22 14:32:23,False,False,Ukraine,,,
506,54,Senior Data Analyst,Lead Data Analyst,"Poznan, Poland",via Glassdoor,Contractor,True,Poland,2026-09-07 01:56:38,False,True,Poland,,,
507,76,Senior Data Analyst,Senior Data Analyst,"Lodz, Poland",via Djinni,Part-time,False,Poland,2026-08-21 04:46:09,False,True,Poland,,,
508,15,Business Analyst,Business Analyst,"Vinnytsia, Ukraine",via Pracuj.pl,Contractor,False,Ukraine,2026-09-09 00:11:47,True,False,Ukraine,,,
509,0,Data Analyst,Data Analyst (Marketing),"Dnipro, Ukraine",via Robota.ua,Full-time,False,Ukraine,2026-09-16 21:02:38,False,True,Ukraine,,,
510,85,Data Analyst,Junior Data Analyst,"Berlin, Germany",via Work.ua,Full-time,False,Germany,2026-09-23 09:46:45,False,False,Germany,,,
511,116,Business Analyst,Junior Business Analyst,"Dusseldorf, Germany",via LinkedIn,Internship,False,Germany,2026-09-20 02:40:31,False,True,Germany,year,51788.0,
512,115,Senior Data Analyst,Senior Data Analyst,"Dnipro, Ukraine",via Glassdoor,Full-time,False,Ukraine,2026-09-08 17:08:24,False,False,Ukraine,year,31711.0,
513,44,Senior Data Analyst,Senior Data Analyst,"Ivano-Frankivsk, Ukraine",via Pracuj.pl,Full-time,False,Ukraine,2026-09-07 20:06:42,False,False,Ukraine,,,
514,43,Data Analyst,Data Quality Analyst,"Kharkiv, Ukraine",via LinkedIn,Part-time,False,Ukraine,2026-09-05 14:41:11,False,True,Ukraine,,,
515,107,Software Engineer,Data Software Engineer,"Berlin, Germany",via Work.ua,Full-time,False,Germany,2026-09-20 20:30:43,True,True,Germany,,,
516,119,Data Analyst,Business Data Analyst,"Lviv, Ukraine",via Work.ua,Part-time,False,Ukraine,2026-09-13 14:15:43,False,False,Ukraine,,,
517,18,Senior Data Engineer,Lead Data Engineer,Anywhere,via Indeed,Full-time,True,Ukraine,2026-09-10 08:56:45,False,False,Ukraine,,,
518,6,Data Engineer,Analytics Engineer,"Ivano-Frankivsk, Ukraine",via Djinni,Full-time,False,Ukraine,2026-08-31 18:48:50,True,True,Ukraine,,,
519,8,Data Analyst,Data Analyst (Marketing),"Vinnytsia, Ukraine",via Pracuj.pl,Part-time,False,Ukraine,2026-09-01 19:02:48,True,False,Ukraine,year,26562.0,
520,94,Data Engineer,Analytics Engineer,"Cologne, Germany",via LinkedIn,Full-time,False,Germany,2026-09-21 09:09:37,True,True,Germany,,,
521,103,Data Analyst,Data Analyst (Marketing),"Berlin, Germany",via Djinni,Full-time,False,Germany,2026-08-29 09:13:14,True,False,Germany,,,
522,23,Senior Data Analyst,Senior Data Analyst,"Vinnytsia, Ukraine",via Pracuj.pl,Part-time,False,Ukraine,2026-09-18 23:34:55,True,False,Ukraine,,,
523,109,Data Analyst,Data Analyst (Finance),"Cologne, Germany",via Djinni,Internship,False,Germany,2026-08-27 23:53:58,True,False,Germany,,,
524,85,Senior Data Engineer,Senior Data Engineer,"Hamburg, Germany",via Glassdoor,Full-time,False,Germany,2026-09-14 06:06:34,False,False,Germany,,,
525,109,Data Analyst,Data Analyst (Marketing),"Cologne, Germany",via Pracuj.pl,Full-time,False,Germany,2026-09-18 07:21:17,False,False,Germany,,,
526,88,Senior Data Scientist,Senior Data Scientist,"Stuttgart, Germany",via StepStone,Full-time,False,Germany,2026-08-27 03:48:14,True,False,Germany,,,
527,67,Data Analyst,Data Analyst (Finance),Anywhere,via Rabota.ua,Part-time,True,Poland,2026-09-10 23:17:14,False,False,Poland,,,
528,18,Senior Data Engineer,Lead Data Engineer,"Kyiv, Ukraine",via NoFluffJobs,Internship,False,Ukraine,2026-08-23 14:49:17,True,False,Ukraine,year,40183.0,
529,9,Data Analyst,Junior Data Analyst,"Kharkiv, Ukraine",via Glassdoor,Internship,False,Ukraine,2026-09-21 15:02:49,False,False,Ukraine,,,
530,27,Senior Data Scientist,Senior Data Scientist,Anywhere,via Robota.ua,Internship,True,Ukraine,2026-08-19 10:49:46,False,True,Ukraine,year,33081.0,
531,80,Senior Data Scientist,Senior Data Scientist,"Hamburg, Germany",via Glassdoor,Full-time,True,Germany,2026-09-13 11:21:12,False,False,Germany,,,
532,10,Data Analyst,Data Analyst (Marketing),"Kyiv, Ukraine",via NoFluffJobs,Part-time,False,Ukraine,2026-09-15 09:36:21,False,False,Ukraine,,,
533,42,Senior Data Engineer,Lead Data Engineer,"Dnipro, Ukraine",via Robota.ua,Internship,False,Ukraine,2026-09-05 02:11:41,False,False,Ukraine,,,
534,100,Business Analyst,Junior Business Analyst,"Stuttgart, Germany",via Xing,Full-time,False,Germany,2026-08-27 04:13:19,True,True,Germany,,,
535,116,Data Analyst,Junior Data Analyst,"Dusseldorf, Germany",via Work.ua,Full-time,False,Germany,2026-09-06 00:08:56,False,True,Germany,,,
536,39,Data Analyst,Junior Data Analyst,"Lviv, Ukraine",via Work.ua,Full-time,True,Ukraine,2026-09-15 23:38:22,False,True,Ukraine,year,15896.0,
537,131,Senior Data Analyst,Lead Data Analyst,"Lviv, Ukraine",via Rabota.ua,Full-time,False,Ukraine,2026-08-29 22:05:41,False,True,Ukraine,,,
538,87,Data Engineer,Data Engineer,"Berlin, Germany",via Work.ua,Internship,False,Germany,2026-09-02 11:39:26,False,True,Germany,year,63928.0,
539,30,Senior Data Engineer,Lead Data Engineer,"Kyiv, Ukraine",via LinkedIn,Internship,False,Ukraine,2026-08-24 13:02:34,False,False,Ukraine,,,
540,22,Data Analyst,Data Analyst (Marketing),"Dnipro, Ukraine",via Rabota.ua,Part-time,True,Ukraine,2026-09-07 19:42:45,True,False,Ukraine,,,
541,77,Data Analyst,Data Analyst (Finance),"Krakow, Poland",via Pracuj.pl,Full-time,False,Poland,2026-09-03 10:45:29,False,False,Poland,,,
542,62,Senior Data Engineer,Senior Data Engineer,"Warsaw, Poland",via LinkedIn,Full-time,True,Poland,2026-08-25 12:20:00,False,False,Poland,,,
543,17,Data Analyst,Data Quality Analyst,Anywhere,via StepStone,Contractor,True,Ukraine,2026-08-21 21:54:21,False,True,Ukraine,,,
544,112,Data Scientist,Junior Data Scientist,Anywhere,via Indeed,Part-time,True,Germany,2026-08-20 16:11:25,False,False,Germany,,,
545,80,Business Analyst,Junior Business Analyst,"Stuttgart, Germany",via Rabota.ua,Full-time,True,Germany,2026-09-24 20:54:39,True,False,Germany,,,
546,0,Business Analyst,Junior Business Analyst,"Dnipro, Ukraine",via Pracuj.pl,Internship,True,Ukraine,2026-09-19 21:19:13,False,False,Ukraine,,,
547,93,Data Engineer,Junior Data Engineer,"Stuttgart, Germany",via Pracuj.pl,Full-time,True,Germany,2026-09-09 03:46:47,False,False,Germany,year,39994.0,
548,64,Data Analyst,Data Quality Analyst,"Katowice, Poland",via LinkedIn,Contractor,False,Poland,2026-08-31 03:40:29,False,True,Poland,,,
549,115,Senior Data Analyst,Senior Data Analyst,"Dnipro, Ukraine",via Pracuj.pl,Full-time,False,Ukraine,2026-09-24 16:21:26,False,True,Ukraine,,,
550,35,Business Analyst,BI Analyst,"Ivano-Frankivsk, Ukraine",via Djinni,Part-time,True,Ukraine,2026-09-25 03:36:06,True,False,Ukraine,,,
551,115,Data Engineer,Data Engineer,"Odesa, Ukraine",via LinkedIn,Internship,False,Ukraine,2026-09-05 03:18:58,False,True,Ukraine,,,
552,41,Data Analyst,Data Quality Analyst,"Vinnytsia, Ukraine",via NoFluffJobs,Full-time,False,Ukraine,2026-09-15 02:21:22,False,False,Ukraine,,,
553,15,Data Analyst,Data Quality Analyst,Anywhere,via NoFluffJobs,Full-time,True,Ukraine,2026-09-12 11:48:10,False,True,Ukraine,year,22982.0,
554,86,Data Analyst,Data Analyst,"Dusseldorf, Germany",via Robota.ua,Internship,False,Germany,2026-09-05 17:22:25,True,True,Germany,,,
555,72,Data Analyst,Junior Data Analyst,"Poznan, Poland",via Work.ua,Internship,True,Poland,2026-08-29 07:56:14,False,False,Poland,year,15671.0,
556,58,Senior Data Engineer,Lead Data Engineer,"Poznan, Poland",via NoFluffJobs,Full-time,False,Poland,2026-09-04 17:22:04,False,True,Poland,,,
557,110,Business Analyst,Business Analyst,Anywhere,via Xing,Contractor,True,Germany,2026-09-15 18:27:04,False,True,Germany,,,
558,91,Machine Learning Engineer,Machine Learning Engineer,Anywhere,via Indeed,Internship,True,Germany,2026-08-23 12:13:42,False,False,Germany,,,
559,108,Senior Data Engineer,Senior Data Engineer,"Munich, Germany",via Robota.ua,Internship,False,Germany,2026-08-27 07:38:49,False,True,Germany,year,94482.0,
560,91,Business Analyst,Junior Business Analyst,"Cologne, Germany",via Work.ua,Full-time,False,Germany,2026-09-25 20:05:21,False,True,Germany,,,
561,114,Data Analyst,Data Analyst (Finance),"Vinnytsia, Ukraine",via Robota.ua,Full-time,False,Ukraine,2026-09-24 19:31:11,False,False,Ukraine,year,24198.0,
562,109,Business Analyst,BI Analyst,"Berlin, Germany",via StepStone,Full-time,False,Germany,2026-09-03 09:06:22,False,False,Germany,year,54294.0,
563,58,Senior Data Engineer,Senior Data Engineer,"Krakow, Poland",via NoFluffJobs,Full-time,False,Poland,2026-08-30 15:12:50,False,True,Poland,,,
564,13,Senior Data Analyst,Lead Data Analyst,"Lviv, Ukraine",via Glassdoor,Full-time,False,Ukraine,2026-09-04 17:30:39,False,False,Ukraine,,,
565,36,Data Engineer,Power BI Developer,"Kyiv, Ukraine",via LinkedIn,Full-time,False,Ukraine,2026-09-08 06:22:34,True,False,Ukraine,,,
566,42,Data Engineer,Analytics Engineer,"Odesa, Ukraine",via Xing,Full-time,False,Ukraine,2026-08-17 12:13:57,False,False,Ukraine,year,18885.0,
567,125,Data Scientist,Junior Data Scientist,"Cologne, Germany",via Rabota.ua,Internship,False,Germany,2026-09-01 13:44:00,False,True,Germany,,,
568,61,Data Analyst,Business Data Analyst,"Wroclaw, Poland",via Pracuj.pl,Internship,False,Poland,2026-09-09 09:34:18,True,False,Poland,year,23910.0,
569,102,Data Analyst,Data Analyst,"Dusseldorf, Germany",via Djinni,Full-time,True,Germany,2026-09-11 19:23:28,False,True,Germany,,,
570,73,Business Analyst,Business Analyst,"Lodz, Poland",via Pracuj.pl,Part-time,False,Poland,2026-08-19 07:11:40,True,False,Poland,,,
571,83,Data Analyst,Data Analyst,"Dusseldorf, Germany",via LinkedIn,Part-time,False,Germany,2026-08-25 23:59:20,False,True,Germany,year,57374.0,
572,42,Data Analyst,Data Quality Analyst,Anywhere,via Xing,Internship,True,Ukraine,2026-09-08 09:43:39,False,False,Ukraine,year,21887.0,
573,58,Software Engineer,Data Software Engineer,"Katowice, Poland",via Indeed,Full-time,False,Poland,2026-08-24 01:29:26,False,False,Poland,year,28436.0,
574,3,Data Analyst,Product Data Analyst,"Odesa, Ukraine",via Rabota.ua,Part-time,False,Ukraine,2026-09-07 14:35:55,False,True,Ukraine,,,
575,67,Data Engineer,BI Developer,"Lodz, Poland",via Glassdoor,Full-time,True,Poland,2026-08-28 12:36:42,True,False,Poland,,,
576,28,Data Analyst,Data Quality Analyst,"Kyiv, Ukraine",via Djinni,Full-time,False,Ukraine,2026-09-06 06:47:09,False,True,Ukraine,year,23479.0,
577,67,Senior Data Scientist,Senior Data Scientist,"Wroclaw, Poland",via StepStone,Part-time,False,Poland,2026-09-10 05:35:35,False,False,Poland,,,
578,113,Data Engineer,ETL Developer,Anywhere,via Xing,Part-time,True,Germany,2026-08-26 14:57:01,False,False,Germany,,,
579,28,Senior Data Analyst,Lead Data Analyst,"Kyiv, Ukraine",via Xing,Contractor,False,Ukraine,2026-08-25 11:54:16,True,True,Ukraine,,,
580,21,Senior Data Engineer,Lead Data Engineer,"Lviv, Ukraine",via LinkedIn,Full-time,False,Ukraine,2026-09-23 00:47:36,True,True,Ukraine,,,
581,8,Data Analyst,Business Data Analyst,"Dnipro, Ukraine",via Glassdoor,Full-time,False,Ukraine,2026-09-01 02:58:28,False,True,Ukraine,,,
582,64,Business Analyst,Junior Business Analyst,"Krakow, Poland",via LinkedIn,Internship,False,Poland,2026-08-15 23:51:21,False,False,Poland,year,18635.0,
583,119,Senior Data Scientist,Senior Data Scientist,"Kharkiv, Ukraine",via Djinni,Full-time,True,Ukraine,2026-09-11 21:14:13,True,True,Ukraine,,,
584,19,Data Analyst,Data Analyst,"Lviv, Ukraine",via Work.ua,Full-time,True,Ukraine,2026-08-24 17:36:12,False,False,Ukraine,year,18245.0,
585,24,Data Engineer,BI Developer,"Kyiv, Ukraine",via Rabota.ua,Full-time,False,Ukraine,2026-09-02 05:04:03,True,True,Ukraine,,,
586,43,Senior Data Analyst,Lead Data Analyst,"Vinnytsia, Ukraine",via Glassdoor,Full-time,False,Ukraine,2026-09-18 23:12:14,False,True,Ukraine,,,
587,130,Data Scientist,Junior Data Scientist,"Ivano-Frankivsk, Ukraine",via Rabota.ua,Full-time,False,Ukraine,2026-09-09 11:00:27,False,False,Ukraine,year,13151.0,
588,56,Senior Data Analyst,Senior Data Analyst,Anywhere,via Rabota.ua,Full-time,True,Poland,2026-09-06 03:04:20,False,False,Poland,year,49413.0,
589,13,Data Engineer,BI Developer,"Kharkiv, Ukraine",via NoFluffJobs,Internship,False,Ukraine,2026-09-07 22:55:08,False,False,Ukraine,year,21365.0,
590,0,Senior Data Engineer,Lead Data Engineer,"Vinnytsia, Ukraine",via Robota.ua,Full-time,False,Ukraine,2026-09-24 18:58:14,False,False,Ukraine,,,
591,98,Data Analyst,Data Analyst (Marketing),"Hamburg, Germany",via Pracuj.pl,Internship,False,Germany,2026-08-24 11:54:49,True,True,Germany,,,
592,106,Data Engineer,BI Developer,"Hamburg, Germany",via Rabota.ua,Full-time,False,Germany,2026-09-22 19:07:18,False,False,Germany,year,70374.0,
593,94,Business Analyst,BI Analyst,"Frankfurt, Germany",via NoFluffJobs,Full-time,False,Germany,2026-09-01 14:17:12,False,False,Germany,year,54956.0,
594,106,Data Scientist,Junior Data Scientist,"Berlin, Germany",via Rabota.ua,Full-time,False,Germany,2026-09-09 05:20:39,False,True,Germany,,,
595,1,Senior Data Engineer,Lead Data Engineer,"Vinnytsia, Ukraine",via NoFluffJobs,Full-time,True,Ukraine,2026-09-15 12:34:03,False,False,Ukraine,,,
596,111,Data Analyst,Junior Data Analyst,"Hamburg, Germany",via Robota.ua,Part-time,False,Germany,2026-09-04 10:24:48,False,True,Germany,,,
597,121,Data Analyst,Data Analyst (Finance),Anywhere,via LinkedIn,Full-time,True,Germany,2026-08-20 18:56:23,False,False,Germany,,,
598,67,Data Scientist,Junior Data Scientist,"Katowice, Poland",via Pracuj.pl,Contractor,True,Poland,2026-08-22 20:18:28,True,False,Poland,,,
599,99,Senior Data Analyst,Senior Data Analyst,"Hamburg, Germany",via Pracuj.pl,Full-time,False,Germany,2026-09-16 00:19:00,True,True,Germany,,,
600,111,Business Analyst,Business Intelligence Analyst,"Hamburg, Germany",via Djinni,Full-time,True,Germany,2026-08-16 19:03:54,True,True,Germany,year,62236.0,
601,10,Data Analyst,Data Analyst (Marketing),"Kyiv, Ukraine",via LinkedIn,Full-time,False,Ukraine,2026-09-03 04:16:29,False,False,Ukraine,,,
602,21,Data Analyst,Product Data Analyst,Anywhere,via Djinni,Internship,True,Ukraine,2026-08-24 06:04:25,False,True,Ukraine,,,
603,26,Data Engineer,Junior Data Engineer,"Dnipro, Ukraine",via Pracuj.pl,Full-time,True,Ukraine,2026-08-30 22:28:51,True,False,Ukraine,,,
604,97,Business Analyst,Business Intelligence Analyst,"Stuttgart, Germany",via StepStone,Full-time,False,Germany,2026-09-04 23:40:22,False,False,Germany,,,
605,52,Data Engineer,Junior Data Engineer,"Katowice, Poland",via Rabota.ua,Contractor,False,Poland,2026-09-12 17:55:43,True,True,Poland,,,
606,48,Data Scientist,Data Scientist,"Krakow, Poland",via Pracuj.pl,Part-time,False,Poland,2026-08-25 23:14:43,False,True,Poland,year,33710.0,
607,102,Business Analyst,Business Analyst,"Cologne, Germany",via Indeed,Full-time,False,Germany,2026-08-28 17:40:06,False,True,Germany,year,58803.0,
608,82,Data Engineer,ETL Developer,"Stuttgart, Germany",via Work.ua,Full-time,False,Germany,2026-09-11 19:37:58,False,False,Germany,year,63301.0,
609,75,Software Engineer,Data Software Engineer,"Warsaw, Poland",via Djinni,Contractor,False,Poland,2026-08-31 17:05:05,True,False,Poland,,,
610,53,Data Engineer,Data Engineer,"Warsaw, Poland",via Xing,Internship,False,Poland,2026-08-16 16:28:04,False,False,Poland,,,
611,2,Business Analyst,Junior Business Analyst,"Kyiv, Ukraine",via Rabota.ua,Full-time,False,Ukraine,2026-09-08 01:19:11,True,False,Ukraine,,,
612,115,Data Analyst,Data Analyst (Finance),"Vinnytsia, Ukraine",via Djinni,Contractor,False,Ukraine,2026-09-14 01:17:27,False,True,Ukraine,hour,,15.21
613,52,Business Analyst,Junior Business Analyst,Anywhere,via Rabota.ua,Part-time,True,Poland,2026-09-07 17:16:30,True,False,Poland,year,16719.0,
614,51,Data Analyst,Product Data Analyst,"Poznan, Poland",via LinkedIn,Full-time,False,Poland,2026-08-23 10:58:15,False,False,Poland,year,29596.0,
615,94,Data Scientist,Data Scientist,Anywhere,via StepStone,Full-time,True,Germany,2026-09-20 05:15:40,False,False,Germany,,,
616,110,Senior Data Engineer,Senior Data Engineer,Anywhere,via Xing,Part-time,True,Germany,2026-09-10 20:55:48,False,True,Germany,,,
617,8,Data Analyst,Data Analyst (Finance),"Vinnytsia, Ukraine",via Glassdoor,Part-time,False,Ukraine,2026-09-15 12:48:55,False,False,Ukraine,,,
618,92,Data Analyst,Business Data Analyst,"Cologne, Germany",via Xing,Part-time,False,Germany,2026-08-29 10:59:57,True,True,Germany,year,74364.0,
619,25,Data Engineer,ETL Developer,"Vinnytsia, Ukraine",via Glassdoor,Part-time,False,Ukraine,2026-09-17 05:07:46,False,True,Ukraine,year,23178.0,
620,93,Data Analyst,Junior Data Analyst,"Cologne, Germany",via Glassdoor,Part-time,False,Germany,2026-09-21 08:32:36,False,True,Germany,,,
621,38,Data Analyst,Data Analyst,"Dnipro, Ukraine",via StepStone,Full-time,True,Ukraine,2026-08-23 03:59:47,False,True,Ukraine,,,
622,98,Senior Data Scientist,Senior Data Scientist,"Hamburg, Germany",via StepStone,Part-time,True,Germany,2026-09-04 07:10:51,False,True,Germany,,,
623,66,Data Analyst,Data Analyst,"Gdansk, Poland",via Indeed,Part-time,False,Poland,2026-09-22 12:28:13,True,False,Poland,,,
624,3,Data Scientist,Junior Data Scientist,"Ivano-Frankivsk, Ukraine",via StepStone,Full-time,False,Ukraine,2026-09-04 00:31:32,False,False,Ukraine,,,
625,97,Machine Learning Engineer,Machine Learning Engineer,"Munich, Germany",via LinkedIn,Contractor,False,Germany,2026-09-20 11:23:24,True,True,Germany,,,
626,2,Data Scientist,Junior Data Scientist,"Vinnytsia, Ukraine",via Work.ua,Full-time,True,Ukraine,2026-08-25 02:39:44,False,True,Ukraine,,,
627,105,Business Analyst,BI Analyst,"Frankfurt, Germany",via Work.ua,Part-time,False,Germany,2026-08-19 02:49:06,True,False,Germany,,,
628,55,Senior Data Engineer,Senior Data Engineer,"Warsaw, Poland",via Robota.ua,Full-time,False,Poland,2026-09-14 04:54:08,True,False,Poland,,,
629,5,Business Analyst,BI Analyst,Anywhere,via Rabota.ua,Part-time,True,Ukraine,2026-09-06 19:36:45,False,True,Ukraine,,,
630,70,Data Scientist,Data Scientist,"Lodz, Poland",via Pracuj.pl,Full-time,False,Poland,2026-08-16 10:31:12,False,True,Poland,,,
631,123,Data Engineer,ETL Developer,"Hamburg, Germany",via Indeed,Full-time,False,Germany,2026-08-30 04:57:40,False,True,Germany,year,62697.0,
632,21,Data Analyst,Data Analyst (Finance),"Odesa, Ukraine",via NoFluffJobs,Full-time,False,Ukraine,2026-09-12 12:21:51,False,True,Ukraine,,,
633,50,Data Analyst,Junior Data Analyst,"Lodz, Poland",via Glassdoor,Internship,False,Poland,2026-09-24 08:09:09,False,True,Poland,,,
634,81,Senior Data Analyst,Lead Data Analyst,"Hamburg, Germany",via Djinni,Full-time,True,Germany,2026-08-17 08:46:30,False,True,Germany,,,
635,10,Data Scientist,Junior Data Scientist,"Vinnytsia, Ukraine",via NoFluffJobs,Part-time,False,Ukraine,2026-08-24 21:43:53,False,False,Ukraine,,,
636,132,Data Analyst,Junior Data Analyst,"Odesa, Ukraine",via Work.ua,Full-time,False,Ukraine,2026-09-13 04:59:06,False,False,Ukraine,,,
637,115,Data Analyst,Data Analyst (Marketing),"Kyiv, Ukraine",via NoFluffJobs,Full-time,False,Ukraine,2026-09-03 07:31:56,False,False,Ukraine,,,
638,28,Data Analyst,Data Analyst,"Kyiv, Ukraine",via Indeed,Contractor,True,Ukraine,2026-08-20 22:41:09,False,True,Ukraine,hour,,15.45
639,22,Data Scientist,Data Scientist,"Kharkiv, Ukraine",via Glassdoor,Full-time,False,Ukraine,2026-09-01 18:18:39,False,True,Ukraine,,,
640,43,Senior Data Analyst,Lead Data Analyst,"Dnipro, Ukraine",via Indeed,Contractor,False,Ukraine,2026-08-30 09:42:20,True,False,Ukraine,,,
641,26,Senior Data Engineer,Lead Data Engineer,"Odesa, Ukraine",via Indeed,Contractor,False,Ukraine,2026-08-22 20:42:42,False,False,Ukraine,,,
642,56,Business Analyst,BI Analyst,"Katowice, Poland",via NoFluffJobs,Internship,False,Poland,2026-09-11 21:20:58,False,False,Poland,year,35907.0,
643,57,Machine Learning Engineer,Machine Learning Engineer,"Wroclaw, Poland",via LinkedIn,Internship,False,Poland,2026-09-07 22:21:51,False,True,Poland,year,34345.0,
644,72,Business Analyst,Business Intelligence Analyst,Anywhere,via LinkedIn,Full-time,True,Poland,2026-09-05 00:26:37,False,False,Poland,,,
645,132,Senior Data Analyst,Senior Data Analyst,"Odesa, Ukraine",via Glassdoor,Full-time,True,Ukraine,2026-09-09 00:27:03,False,False,Ukraine,,,
646,114,Senior Data Engineer,Senior Data Engineer,Anywhere,via Xing,Full-time,True,Ukraine,2026-09-18 21:35:18,False,False,Ukraine,,,
647,125,Data Analyst,Business Data Analyst,"Cologne, Germany",via Indeed,Full-time,False,Germany,2026-08-25 11:06:48,False,True,Germany,,,
648,22,Machine Learning Engineer,Machine Learning Engineer,"Dnipro, Ukraine",via Djinni,Contractor,False,Ukraine,2026-09-05 03:32:49,False,False,Ukraine,,,
649,52,Software Engineer,Data Software Engineer,"Wroclaw, Poland",via StepStone,Internship,False,Poland,2026-09-18 06:30:59,False,True,Poland,,,
650,61,Cloud Engineer,Cloud Data Engineer,Anywhere,via StepStone,Contractor,True,Poland,2026-09-08 10:41:23,True,True,Poland,,,
651,28,Data Analyst,Data Analyst,"Lviv, Ukraine",via Glassdoor,Contractor,False,Ukraine,2026-09-19 17:46:48,True,False,Ukraine,year,19805.0,
652,87,Data Engineer,Analytics Engineer,"Frankfurt, Germany",via Indeed,Full-time,False,Germany,2026-09-17 11:04:31,True,True,Germany,year,74569.0,
653,85,Data Scientist,Data Scientist,"Hamburg, Germany",via Djinni,Full-time,False,Germany,2026-08-18 08:19:53,False,False,Germany,,,
654,18,Data Analyst,Data Analyst (Marketing),"Kyiv, Ukraine",via NoFluffJobs,Contractor,False,Ukraine,2026-09-18 03:16:10,False,False,Ukraine,,,
655,74,Business Analyst,Junior Business Analyst,"Wroclaw, Poland",via Rabota.ua,Part-time,False,Poland,2026-08-30 13:00:43,False,True,Poland,,,
656,47,Senior Data Analyst,Lead Data Analyst,"Lodz, Poland",via Pracuj.pl,Full-time,False,Poland,2026-08-30 19:54:56,True,True,Poland,,,
657,71,Data Analyst,Data Analyst,"Gdansk, Poland",via LinkedIn,Internship,False,Poland,2026-08-19 21:25:08,False,True,Poland,year,22045.0,
658,100,Cloud Engineer,Cloud Data Engineer,"Cologne, Germany",via Work.ua,Internship,False,Germany,2026-08-24 06:24:22,True,False,Germany,,,
659,3,Senior Data Analyst,Lead Data Analyst,"Kharkiv, Ukraine",via Robota.ua,Contractor,False,Ukraine,2026-08-15 15:50:48,False,False,Ukraine,,,
660,66,Senior Data Analyst,Senior Data Analyst,"Warsaw, Poland",via Rabota.ua,Contractor,False,Poland,2026-09-08 07:35:32,False,True,Poland,,,
661,77,Data Analyst,Data Analyst (Finance),"Krakow, Poland",via Pracuj.pl,Full-time,False,Poland,2026-08-30 21:59:35,False,False,Poland,,,
662,48,Business Analyst,Business Analyst,Anywhere,via Work.ua,Full-time,True,Poland,2026-08-21 23:19:46,False,True,Poland,,,
663,40,Business Analyst,BI Analyst,"Odesa, Ukraine",via StepStone,Full-time,False,Ukraine,2026-08-19 03:36:57,True,True,Ukraine,year,21605.0,
664,121,Data Analyst,Data Analyst (Finance),"Dusseldorf, Germany",via Pracuj.pl,Internship,True,Germany,2026-09-21 14:57:13,True,False,Germany,,,
665,9,Business Analyst,Business Analyst,Anywhere,via Work.ua,Contractor,True,Ukraine,2026-09-05 03:05:32,False,False,Ukraine,,,
666,113,Data Engineer,Junior Data Engineer,"Frankfurt, Germany",via Work.ua,Internship,False,Germany,2026-08-17 23:11:12,False,True,Germany,,,
667,18,Data Analyst,Data Analyst,"Kharkiv, Ukraine",via Indeed,Full-time,False,Ukraine,2026-08-20 05:13:04,True,True,Ukraine,year,25751.0,
668,11,Data Analyst,Data Quality Analyst,Anywhere,via Pracuj.pl,Full-time,True,Ukraine,2026-08-31 19:13:59,False,False,Ukraine,year,20870.0,
669,76,Business Analyst,BI Analyst,"Wroclaw, Poland",via Robota.ua,Part-time,True,Poland,2026-08-29 04:15:58,True,False,Poland,,,
670,69,Senior Data Analyst,Senior Data Analyst,"Wroclaw, Poland",via Work.ua,Internship,False,Poland,2026-09-24 02:33:09,False,True,Poland,,,
671,23,Senior Data Engineer,Senior Data Engineer,"Kyiv, Ukraine",via LinkedIn,Full-time,False,Ukraine,2026-09-04 05:48:47,False,False,Ukraine,year,31237.0,
672,7,Senior Data Engineer,Lead Data Engineer,"Dnipro, Ukraine",via Djinni,Part-time,False,Ukraine,2026-08-24 19:42:36,False,True,Ukraine,,,
673,22,Data Engineer,Junior Data Engineer,"Ivano-Frankivsk, Ukraine",via NoFluffJobs,Full-time,False,Ukraine,2026-09-07 23:33:17,False,True,Ukraine,,,
674,72,Business Analyst,Business Analyst,Anywhere,via LinkedIn,Contractor,True,Poland,2026-08-28 07:26:38,False,False,Poland,,,
675,17,Data Analyst,Data Analyst,"Dnipro, Ukraine",via Djinni,Contractor,False,Ukraine,2026-08-31 16:07:56,False,False,Ukraine,year,19104.0,
676,59,Data Analyst,Product Data Analyst,"Gdansk, Poland",via Djinni,Contractor,False,Poland,2026-09-01 07:09:43,True,False,Poland,,,
677,60,Senior Data Analyst,Lead Data Analyst,"Gdansk, Poland",via Pracuj.pl,Full-time,True,Poland,2026-09-13 01:52:24,True,False,Poland,,,
678,28,Business Analyst,Business Intelligence Analyst,"Ivano-Frankivsk, Ukraine",via Pracuj.pl,Part-time,False,Ukraine,2026-09-20 16:32:58,False,False,Ukraine,,,
679,32,Data Engineer,ETL Developer,"Kyiv, Ukraine",via Rabota.ua,Full-time,False,Ukraine,2026-09-02 07:13:58,True,False,Ukraine,,,
680,54,Business Analyst,Business Analyst,"Warsaw, Poland",via Work.ua,Full-time,False,Poland,2026-09-21 02:40:43,True,True,Poland,,,
681,28,Senior Data Scientist,Senior Data Scientist,"Vinnytsia, Ukraine",via Djinni,Contractor,False,Ukraine,2026-09-16 13:49:35,False,False,Ukraine,year,31548.0,
682,108,Machine Learning Engineer,Machine Learning Engineer,"Berlin, Germany",via Rabota.ua,Full-time,False,Germany,2026-09-09 11:39:50,True,False,Germany,year,65885.0,
683,44,Data Analyst,Data Quality Analyst,"Kharkiv, Ukraine",via Xing,Part-time,False,Ukraine,2026-09-16 04:04:15,False,True,Ukraine,,,
684,101,Data Analyst,Data Analyst (Marketing),"Dusseldorf, Germany",via LinkedIn,Part-time,False,Germany,2026-08-21 03:47:08,False,False,Germany,,,
685,52,Data Scientist,Data Scientist,"Lodz, Poland",via Glassdoor,Full-time,True,Poland,2026-09-04 23:13:06,False,False,Poland,,,
686,31,Data Analyst,Data Analyst,"Lviv, Ukraine",via StepStone,Full-time,False,Ukraine,2026-09-17 14:49:12,True,True,Ukraine,,,
687,70,Business Analyst,Business Analyst,"Warsaw, Poland",via Xing,Part-time,False,Poland,2026-08-19 09:18:36,True,True,Poland,,,
688,118,Data Scientist,Junior Data Scientist,"Lviv, Ukraine",via Pracuj.pl,Full-time,False,Ukraine,2026-09-18 11:37:24,False,False,Ukraine,year,12957.0,
689,83,Senior Data Analyst,Senior Data Analyst,Anywhere,via Robota.ua,Contractor,True,Germany,2026-09-24 03:29:48,False,False,Germany,,,
690,87,Data Engineer,BI Developer,"Berlin, Germany",via Pracuj.pl,Full-time,False,Germany,2026-09-06 13:56:42,True,True,Germany,,,
691,1,Senior Data Engineer,Lead Data Engineer,"Ivano-Frankivsk, Ukraine",via Rabota.ua,Full-time,False,Ukraine,2026-08-28 00:35:30,False,True,Ukraine,,,
692,96,Data Scientist,Junior Data Scientist,"Berlin, Germany",via Robota.ua,Contractor,False,Germany,2026-08-29 00:00:42,False,True,Germany,,,
693,128,Business Analyst,Business Intelligence Analyst,"Krakow, Poland",via Xing,Full-time,False,Poland,2026-09-04 01:29:26,False,False,Poland,,,
694,21,Data Analyst,Data Analyst (Marketing),Anywhere,via Glassdoor,Part-time,True,Ukraine,2026-09-02 12:10:03,False,True,Ukraine,year,20839.0,
695,68,Senior Data Scientist,Senior Data Scientist,"Krakow, Poland",via Pracuj.pl,Full-time,False,Poland,2026-09-09 16:43:34,True,False,Poland,year,47985.0,
696,3,Data Scientist,Data Scientist,"Lviv, Ukraine",via Robota.ua,Full-time,True,Ukraine,2026-09-08 03:14:48,False,False,Ukraine,,,
697,55,Data Scientist,Junior Data Scientist,"Warsaw, Poland",via Indeed,Full-time,True,Poland,2026-09-16 01:52:06,False,True,Poland,year,17066.0,
698,1,Data Scientist,Data Scientist,"Lviv, Ukraine",via Pracuj.pl,Part-time,False,Ukraine,2026-09-10 05:36:34,True,False,Ukraine,,,
699,44,Data Analyst,Junior Data Analyst,Anywhere,via LinkedIn,Contractor,True,Ukraine,2026-09-21 17:46:40,False,False,Ukraine,,,
700,16,Data Analyst,Data Quality Analyst,"Kharkiv, Ukraine",via Rabota.ua,Full-time,True,Ukraine,2026-09-04 21:10:05,False,False,Ukraine,,,
701,81,Data Engineer,BI Developer,"Frankfurt, Germany",via Xing,Full-time,True,Germany,2026-09-04 18:25:29,False,False,Germany,,,
702,112,Data Scientist,Data Scientist,"Stuttgart, Germany",via Xing,Internship,False,Germany,2026-08-29 21:53:34,False,False,Germany,,,
703,121,Data Engineer,Analytics Engineer,"Munich, Germany",via Robota.ua,Full-time,False,Germany,2026-09-18 12:28:24,False,False,Germany,,,
704,120,Business Analyst,Junior Business Analyst,"Kharkiv, Ukraine",via Xing,Full-time,False,Ukraine,2026-09-15 23:02:50,False,True,Ukraine,,,
705,30,Data Engineer,ETL Developer,"Ivano-Frankivsk, Ukraine",via Xing,Full-time,False,Ukraine,2026-09-13 18:02:01,False,True,Ukraine,,,
706,98,Senior Data Engineer,Senior Data Engineer,"Hamburg, Germany",via Xing,Full-time,False,Germany,2026-09-05 12:10:16,True,False,Germany,,,
707,70,Data Analyst,Data Quality Analyst,"Krakow, Poland",via Indeed,Full-time,False,Poland,2026-09-07 00:41:31,False,False,Poland,,,
708,108,Data Scientist,Data Scientist,"Munich, Germany",via Xing,Contractor,False,Germany,2026-08-25 01:12:33,False,True,Germany,year,53978.0,
709,49,Data Scientist,Junior Data Scientist,"Krakow, Poland",via Indeed,Contractor,False,Poland,2026-09-04 01:01:39,True,False,Poland,,,
710,39,Data Engineer,BI Developer,Anywhere,via StepStone,Full-time,True,Ukraine,2026-09-22 23:53:08,False,True,Ukraine,,,
711,100,Data Scientist,Junior Data Scientist,Anywhere,via StepStone,Contractor,True,Germany,2026-09-01 09:55:10,True,False,Germany,,,
712,105,Data Analyst,Junior Data Analyst,"Cologne, Germany",via Djinni,Full-time,False,Germany,2026-09-11 10:01:08,False,True,Germany,year,40183.0,
713,7,Senior Data Engineer,Lead Data Engineer,"Lviv, Ukraine",via NoFluffJobs,Full-time,False,Ukraine,2026-09-14 01:33:13,False,True,Ukraine,,,
714,16,Business Analyst,Junior Business Analyst,"Ivano-Frankivsk, Ukraine",via Rabota.ua,Contractor,False,Ukraine,2026-09-02 20:26:09,False,True,Ukraine,,,
715,102,Data Engineer,Junior Data Engineer,"Munich, Germany",via Xing,Full-time,True,Germany,2026-09-25 00:40:19,False,True,Germany,,,
716,4,Data Scientist,Junior Data Scientist,Anywhere,via NoFluffJobs,Full-time,True,Ukraine,2026-09-07 17:40:17,False,True,Ukraine,,,
717,108,Data Engineer,Junior Data Engineer,"Munich, Germany",via Work.ua,Full-time,False,Germany,2026-09-12 22:46:13,False,False,Germany,,,
718,100,Data Engineer,BI Developer,"Munich, Germany",via Work.ua,Part-time,False,Germany,2026-09-19 04:15:57,True,False,Germany,,,
719,47,Data Analyst,Data Analyst,"Katowice, Poland",via Pracuj.pl,Part-time,False,Poland,2026-09-15 19:45:46,True,False,Poland,,,
720,123,Senior Data Engineer,Lead Data Engineer,"Munich, Germany",via NoFluffJobs,Full-time,False,Germany,2026-09-21 17:58:33,True,True,Germany,,,
721,75,Data Engineer,Power BI Developer,Anywhere,via StepStone,Part-time,True,Poland,2026-09-16 18:28:22,False,False,Poland,,,
722,95,Data Analyst,Data Analyst,"Stuttgart, Germany",via Robota.ua,Full-time,False,Germany,2026-09-20 02:01:49,True,False,Germany,,,
723,83,Data Engineer,Junior Data Engineer,"Berlin, Germany",via Glassdoor,Full-time,False,Germany,2026-08-28 21:37:31,True,False,Germany,year,38678.0,
724,52,Data Analyst,Data Analyst (Marketing),"Lodz, Poland",via Robota.ua,Full-time,True,Poland,2026-08-22 19:46:02,False,False,Poland,,,
725,127,Senior Data Analyst,Lead Data Analyst,"Hamburg, Germany",via Rabota.ua,Full-time,False,Germany,2026-09-13 20:56:42,False,False,Germany,year,97931.0,
726,100,Cloud Engineer,Cloud Data Engineer,"Cologne, Germany",via LinkedIn,Part-time,False,Germany,2026-08-27 22:54:23,False,True,Germany,,,
727,108,Data Analyst,Junior Data Analyst,"Dusseldorf, Germany",via StepStone,Full-time,False,Germany,2026-09-18 11:24:19,False,True,Germany,,,
728,57,Data Analyst,Junior Data Analyst,"Warsaw, Poland",via Djinni,Contractor,False,Poland,2026-09-11 18:01:26,True,True,Poland,,,
729,39,Data Analyst,Business Data Analyst,"Ivano-Frankivsk, Ukraine",via Xing,Internship,False,Ukraine,2026-09-12 11:27:57,False,False,Ukraine,,,
730,20,Senior Data Analyst,Senior Data Analyst,"Kyiv, Ukraine",via Djinni,Part-time,False,Ukraine,2026-08-22 01:13:01,False,False,Ukraine,,,
731,72,Business Analyst,Business Analyst,"Katowice, Poland",via Robota.ua,Part-time,False,Poland,2026-08-16 23:06:21,False,False,Poland,year,22679.0,
732,105,Senior Data Analyst,Lead Data Analyst,Anywhere,via Pracuj.pl,Full-time,True,Germany,2026-09-09 05:07:45,True,True,Germany,,,
733,84,Data Analyst,Product Data Analyst,"Hamburg, Germany",via Robota.ua,Contractor,False,Germany,2026-08-31 13:56:25,False,True,Germany,,,
734,77,Senior Data Analyst,Senior Data Analyst,"Poznan, Poland",via Rabota.ua,Part-time,False,Poland,2026-08-16 02:50:07,True,False,Poland,,,
735,61,Data Scientist,Junior Data Scientist,"Warsaw, Poland",via Rabota.ua,Internship,False,Poland,2026-08-19 10:50:11,True,False,Poland,,,
736,110,Data Engineer,Junior Data Engineer,Anywhere,via Xing,Contractor,True,Germany,2026-08-22 13:24:38,False,True,Germany,,,
737,120,Data Analyst,Product Data Analyst,"Dnipro, Ukraine",via Djinni,Part-time,False,Ukraine,2026-09-12 00:04:45,False,True,Ukraine,,,
738,30,Data Engineer,Power BI Developer,"Dnipro, Ukraine",via StepStone,Full-time,True,Ukraine,2026-08-30 11:43:44,False,False,Ukraine,,,
739,6,Data Analyst,Data Quality Analyst,"Lviv, Ukraine",via Indeed,Full-time,False,Ukraine,2026-09-03 17:08:10,False,False,Ukraine,,,
740,32,Data Scientist,Junior Data Scientist,"Kyiv, Ukraine",via NoFluffJobs,Contractor,False,Ukraine,2026-08-20 05:53:12,False,True,Ukraine,,,
741,62,Data Analyst,Data Analyst (Finance),"Katowice, Poland",via Djinni,Full-time,False,Poland,2026-08-20 18:27:07,False,True,Poland,,,
742,89,Data Engineer,Power BI Developer,"Dusseldorf, Germany",via Rabota.ua,Full-time,True,Germany,2026-09-22 13:44:40,True,False,Germany,,,
743,79,Business Analyst,Junior Business Analyst,"Dusseldorf, Germany",via StepStone,Full-time,False,Germany,2026-08-15 16:36:50,False,True,Germany,,,
744,19,Data Engineer,Data Engineer,"Ivano-Frankivsk, Ukraine",via Djinni,Full-time,True,Ukraine,2026-09-03 02:13:53,True,False,Ukraine,,,
745,71,Data Analyst,Business Data Analyst,"Katowice, Poland",via Djinni,Contractor,False,Poland,2026-09-05 22:01:58,True,False,Poland,,,
746,47,Data Analyst,Data Quality Analyst,"Lodz, Poland",via Djinni,Contractor,False,Poland,2026-09-14 23:04:49,False,False,Poland,,,
747,88,Data Analyst,Data Analyst (Marketing),"Cologne, Germany",via Djinni,Full-time,False,Germany,2026-09-04 19:11:58,False,True,Germany,,,
748,27,Data Analyst,Data Analyst (Finance),"Ivano-Frankivsk, Ukraine",via Djinni,Full-time,False,Ukraine,2026-09-05 18:16:20,False,True,Ukraine,year,17617.0,
749,71,Data Engineer,Analytics Engineer,"Warsaw, Poland",via Djinni,Contractor,False,Poland,2026-08-20 13:43:46,True,False,Poland,,,
750,18,Data Analyst,Data Analyst (Finance),"Dnipro, Ukraine",via Pracuj.pl,Part-time,False,Ukraine,2026-09-21 08:11:03,True,True,Ukraine,,,
751,96,Data Analyst,Data Quality Analyst,"Stuttgart, Germany",via Glassdoor,Full-time,False,Germany,2026-09-18 00:36:28,False,True,Germany,,,
752,17,Senior Data Engineer,Lead Data Engineer,"Dnipro, Ukraine",via Indeed,Internship,True,Ukraine,2026-09-05 19:38:22,True,True,Ukraine,,,
753,33,Data Analyst,Business Data Analyst,"Lviv, Ukraine",via Djinni,Full-time,False,Ukraine,2026-08-26 08:45:06,True,False,Ukraine,,,
754,51,Data Analyst,Data Analyst (Finance),"Lodz, Poland",via Glassdoor,Part-time,False,Poland,2026-08-23 06:55:05,True,False,Poland,,,
755,94,Data Engineer,Junior Data Engineer,"Berlin, Germany",via Pracuj.pl,Full-time,False,Germany,2026-09-14 10:14:27,True,False,Germany,,,
756,78,Business Analyst,Business Intelligence Analyst,"Stuttgart, Germany",via Pracuj.pl,Full-time,False,Germany,2026-08-17 21:27:16,True,True,Germany,,,
757,64,Senior Data Scientist,Senior Data Scientist,"Poznan, Poland",via Xing,Internship,False,Poland,2026-09-15 21:39:46,False,True,Poland,,,
758,15,Data Engineer,Data Engineer,Anywhere,via NoFluffJobs,Internship,True,Ukraine,2026-08-15 20:34:03,False,True,Ukraine,,,
759,14,Data Analyst,Junior Data Analyst,"Dnipro, Ukraine",via Rabota.ua,Internship,True,Ukraine,2026-08-21 16:04:45,False,True,Ukraine,,,
760,38,Data Scientist,Data Scientist,"Vinnytsia, Ukraine",via Glassdoor,Part-time,False,Ukraine,2026-09-23 06:28:45,False,True,Ukraine,,,
761,68,Data Scientist,Junior Data Scientist,"Wroclaw, Poland",via Xing,Full-time,False,Poland,2026-09-03 10:30:37,False,False,Poland,year,20558.0,
762,110,Data Engineer,Junior Data Engineer,"Hamburg, Germany",via Djinni,Full-time,False,Germany,2026-08-22 20:42:35,False,True,Germany,,,
763,39,Data Analyst,Data Analyst,"Kyiv, Ukraine",via Robota.ua,Full-time,True,Ukraine,2026-08-16 02:44:33,False,True,Ukraine,year,26920.0,
764,25,Senior Data Analyst,Senior Data Analyst,"Dnipro, Ukraine",via Work.ua,Part-time,True,Ukraine,2026-09-02 10:41:15,False,True,Ukraine,,,
765,87,Data Analyst,Business Data Analyst,"Dusseldorf, Germany",via Xing,Full-time,False,Germany,2026-08-21 01:00:12,False,False,Germany,,,
766,86,Data Analyst,Product Data Analyst,"Berlin, Germany",via Rabota.ua,Contractor,False,Germany,2026-09-11 08:05:04,True,False,Germany,,,
767,26,Data Analyst,Data Analyst (Marketing),"Vinnytsia, Ukraine",via Xing,Part-time,True,Ukraine,2026-09-01 19:30:02,False,True,Ukraine,,,
768,77,Data Analyst,Data Analyst (Finance),Anywhere,via LinkedIn,Part-time,True,Poland,2026-08-29 17:27:35,False,False,Poland,,,
769,128,Data Analyst,Data Analyst (Finance),"Gdansk, Poland",via Djinni,Full-time,True,Poland,2026-09-11 22:48:22,False,False,Poland,,,
770,70,Senior Data Scientist,Senior Data Scientist,Anywhere,via NoFluffJobs,Full-time,True,Poland,2026-09-16 10:07:29,False,True,Poland,year,54455.0,
771,87,Senior Data Analyst,Senior Data Analyst,"Frankfurt, Germany",via Glassdoor,Full-time,True,Germany,2026-09-16 18:04:28,True,False,Germany,,,
772,85,Senior Data Analyst,Senior Data Analyst,"Berlin, Germany",via Robota.ua,Full-time,False,Germany,2026-09-07 15:53:00,False,True,Germany,,,
773,109,Business Analyst,Business Intelligence Analyst,"Cologne, Germany",via Djinni,Contractor,True,Germany,2026-09-17 20:58:52,False,True,Germany,,,
774,32,Senior Data Engineer,Senior Data Engineer,"Lviv, Ukraine",via NoFluffJobs,Full-time,True,Ukraine,2026-09-23 05:54:29,False,True,Ukraine,,,
775,115,Data Engineer,Power BI Developer,"Kyiv, Ukraine",via Glassdoor,Full-time,True,Ukraine,2026-09-25 02:56:32,False,True,Ukraine,,,
776,45,Data Scientist,Data Scientist,"Wroclaw, Poland",via Work.ua,Full-time,False,Poland,2026-09-18 02:13:57,False,False,Poland,year,27317.0,
777,81,Senior Data Analyst,Senior Data Analyst,"Dusseldorf, Germany",via StepStone,Contractor,False,Germany,2026-08-17 23:27:28,True,False,Germany,,,
778,90,Senior Data Analyst,Senior Data Analyst,"Berlin, Germany",via LinkedIn,Contractor,False,Germany,2026-09-12 08:45:03,False,True,Germany,,,
779,100,Data Analyst,Data Analyst (Marketing),"Cologne, Germany",via Rabota.ua,Part-time,False,Germany,2026-08-21 07:06:05,False,False,Germany,,,
780,77,Data Engineer,ETL Developer,"Gdansk, Poland",via Pracuj.pl,Internship,False,Poland,2026-08-20 21:11:00,False,False,Poland,year,36418.0,
781,125,Business Analyst,Business Intelligence Analyst,"Berlin, Germany",via LinkedIn,Contractor,False,Germany,2026-08-21 14:45:12,False,False,Germany,,,
782,62,Data Analyst,Data Analyst (Marketing),"Poznan, Poland",via Xing,Full-time,False,Poland,2026-09-03 23:00:13,False,False,Poland,year,27571.0,
783,88,Machine Learning Engineer,Machine Learning Engineer,"Frankfurt, Germany",via NoFluffJobs,Full-time,False,Germany,2026-08-30 11:43:36,True,True,Germany,,,
784,32,Data Analyst,Data Analyst (Marketing),Anywhere,via Glassdoor,Full-time,True,Ukraine,2026-08-17 22:57:15,False,False,Ukraine,,,
785,110,Data Analyst,Data Analyst (Marketing),Anywhere,via Glassdoor,Contractor,True,Germany,2026-08-25 10:20:00,True,False,Germany,,,
786,132,Data Analyst,Data Analyst,"Kharkiv, Ukraine",via Xing,Internship,False,Ukraine,2026-08-24 07:50:14,True,False,Ukraine,year,24847.0,
787,79,Data Analyst,Product Data Analyst,"Dusseldorf, Germany",via Work.ua,Full-time,False,Germany,2026-08-24 03:05:24,False,True,Germany,year,73333.0,
788,43,Data Analyst,Data Analyst (Finance),"Kharkiv, Ukraine",via Xing,Internship,True,Ukraine,2026-09-21 13:19:10,False,True,Ukraine,,,
789,17,Data Analyst,Data Analyst (Marketing),Anywhere,via LinkedIn,Internship,True,Ukraine,2026-09-22 04:00:58,False,True,Ukraine,,,
790,55,Data Analyst,Data Analyst (Finance),"Krakow, Poland",via Glassdoor,Internship,False,Poland,2026-08-15 21:23:36,True,True,Poland,year,28984.0,
791,15,Business Analyst,Business Analyst,"Kyiv, Ukraine",via NoFluffJobs,Full-time,False,Ukraine,2026-09-14 17:48:51,False,False,Ukraine,year,27749.0,
792,9,Data Analyst,Business Data Analyst,"Kyiv, Ukraine",via StepStone,Full-time,False,Ukraine,2026-08-25 23:48:30,True,True,Ukraine,,,
793,35,Cloud Engineer,Cloud Data Engineer,"Kharkiv, Ukraine",via StepStone,Internship,False,Ukraine,2026-08-22 02:26:23,False,False,Ukraine,,,
794,112,Data Engineer,Data Engineer,"Hamburg, Germany",via Work.ua,Full-time,False,Germany,2026-08-23 16:05:26,True,True,Germany,,,
795,110,Data Analyst,Data Analyst,"Berlin, Germany",via Xing,Full-time,False,Germany,2026-09-10 21:56:52,False,False,Germany,,,
796,93,Data Analyst,Data Analyst (Finance),"Munich, Germany",via Work.ua,Full-time,False,Germany,2026-09-10 15:00:32,True,True,Germany,,,
797,93,Senior Data Scientist,Senior Data Scientist,"Dusseldorf, Germany",via LinkedIn,Full-time,False,Germany,2026-09-21 09:49:48,False,True,Germany,year,103959.0,
798,54,Data Analyst,Data Quality Analyst,"Wroclaw, Poland",via Indeed,Full-time,False,Poland,2026-08-20 09:09:16,True,True,Poland,year,35260.0,
799,57,Machine Learning Engineer,Machine Learning Engineer,"Lodz, Poland",via Work.ua,Internship,True,Poland,2026-09-03 22:05:42,False,False,Poland,,,
800,83,Senior Data Analyst,Senior Data Analyst,"Hamburg, Germany",via Work.ua,Full-time,False,Germany,2026-08-30 02:05:45,False,False,Germany,,,
801,98,Business Analyst,BI Analyst,"Dusseldorf, Germany",via Pracuj.pl,Internship,False,Germany,2026-09-24 10:12:23,False,True,Germany,,,
802,92,Senior Data Analyst,Lead Data Analyst,"Frankfurt, Germany",via NoFluffJobs,Full-time,True,Germany,2026-09-07 00:34:44,False,False,Germany,,,
803,95,Senior Data Engineer,Lead Data Engineer,"Dusseldorf, Germany",via Glassdoor,Full-time,False,Germany,2026-08-22 07:00:29,False,True,Germany,year,98308.0,
804,12,Data Scientist,Junior Data Scientist,"Vinnytsia, Ukraine",via Work.ua,Internship,False,Ukraine,2026-08-18 14:36:26,True,False,Ukraine,year,15727.0,
805,126,Senior Data Analyst,Lead Data Analyst,"Lviv, Ukraine",via StepStone,Full-time,False,Ukraine,2026-09-04 05:13:23,False,False,Ukraine,,,
806,62,Data Analyst,Junior Data Analyst,"Wroclaw, Poland",via Rabota.ua,Full-time,False,Poland,2026-09-17 13:50:21,False,False,Poland,year,17002.0,
807,69,Senior Data Scientist,Senior Data Scientist,"Wroclaw, Poland",via StepStone,Full-time,False,Poland,2026-08-16 11:20:41,False,False,Poland,year,58257.0,
808,39,Senior Data Engineer,Senior Data Engineer,"Ivano-Frankivsk, Ukraine",via Rabota.ua,Internship,False,Ukraine,2026-08-20 15:10:58,True,True,Ukraine,,,
809,46,Data Scientist,Data Scientist,"Gdansk, Poland",via Robota.ua,Internship,True,Poland,2026-09-12 07:44:39,True,False,Poland,,,
810,97,Senior Data Analyst,Senior Data Analyst,Anywhere,via LinkedIn,Part-time,True,Germany,2026-08-26 12:38:31,False,True,Germany,,,
811,66,Data Scientist,Data Scientist,"Krakow, Poland",via Glassdoor,Internship,False,Poland,2026-09-24 13:59:45,False,False,Poland,,,
812,6,Data Analyst,Data Analyst,"Dnipro, Ukraine",via Robota.ua,Full-time,False,Ukraine,2026-09-19 21:54:47,False,False,Ukraine,,,
813,101,Data Analyst,Product Data Analyst,"Berlin, Germany",via Work.ua,Internship,False,Germany,2026-09-14 07:04:54,False,False,Germany,,,
814,114,Senior Data Engineer,Lead Data Engineer,"Kharkiv, Ukraine",via Rabota.ua,Full-time,True,Ukraine,2026-08-29 12:11:25,False,False,Ukraine,,,
815,70,Data Analyst,Product Data Analyst,"Poznan, Poland",via Xing,Internship,True,Poland,2026-09-05 10:27:17,True,False,Poland,year,33534.0,
816,74,Data Analyst,Data Analyst (Marketing),"Wroclaw, Poland",via Djinni,Part-time,False,Poland,2026-09-25 15:06:08,False,True,Poland,,,
817,53,Data Analyst,Data Analyst (Marketing),Anywhere,via Glassdoor,Full-time,True,Poland,2026-08-20 19:49:11,True,False,Poland,,,
818,96,Data Analyst,Data Analyst (Finance),"Munich, Germany",via Indeed,Full-time,False,Germany,2026-09-03 06:01:32,False,False,Germany,,,
819,35,Data Scientist,Junior Data Scientist,"Dnipro, Ukraine",via Glassdoor,Full-time,False,Ukraine,2026-09-14 00:45:03,True,True,Ukraine,,,
820,13,Data Engineer,Data Engineer,"Dnipro, Ukraine",via LinkedIn,Full-time,False,Ukraine,2026-09-10 07:22:20,False,False,Ukraine,year,24869.0,
821,110,Data Analyst,Data Analyst,"Stuttgart, Germany",via LinkedIn,Full-time,False,Germany,2026-09-07 11:07:10,False,False,Germany,,,
822,84,Data Engineer,ETL Developer,"Cologne, Germany",via Indeed,Full-time,False,Germany,2026-09-03 10:48:16,False,False,Germany,,,
823,110,Business Analyst,Business Intelligence Analyst,"Dusseldorf, Germany",via StepStone,Internship,False,Germany,2026-09-19 05:09:14,True,True,Germany,,,
824,21,Data Analyst,Junior Data Analyst,"Lviv, Ukraine",via Xing,Contractor,False,Ukraine,2026-08-23 01:44:11,True,False,Ukraine,hour,,8.5
825,97,Data Scientist,Data Scientist,"Frankfurt, Germany",via LinkedIn,Full-time,True,Germany,2026-09-03 08:36:27,False,True,Germany,year,68641.0,
826,93,Data Analyst,Data Analyst (Finance),"Stuttgart, Germany",via Glassdoor,Full-time,False,Germany,2026-09-19 13:51:05,False,False,Germany,,,
827,70,Data Analyst,Junior Data Analyst,"Poznan, Poland",via Work.ua,Contractor,False,Poland,2026-08-25 21:47:08,True,True,Poland,,,
828,12,Business Analyst,BI Analyst,"Kyiv, Ukraine",via Rabota.ua,Full-time,True,Ukraine,2026-08-24 18:55:17,False,False,Ukraine,year,26633.0,
829,99,Data Analyst,Business Data Analyst,"Berlin, Germany",via StepStone,Full-time,True,Germany,2026-08-18 05:10:52,False,False,Germany,,,
830,74,Data Analyst,Data Analyst (Marketing),"Krakow, Poland",via LinkedIn,Full-time,False,Poland,2026-08-16 07:12:16,False,True,Poland,,,
831,24,Senior Data Engineer,Lead Data Engineer,"Odesa, Ukraine",via LinkedIn,Full-time,False,Ukraine,2026-09-01 20:23:13,True,False,Ukraine,year,31924.0,
832,74,Data Analyst,Product Data Analyst,"Wroclaw, Poland",via Rabota.ua,Full-time,False,Poland,2026-09-02 01:56:23,True,False,Poland,,,
833,95,Data Scientist,Junior Data Scientist,"Munich, Germany",via Xing,Full-time,False,Germany,2026-08-31 01:24:23,False,True,Germany,,,
834,68,Senior Data Analyst,Lead Data Analyst,"Poznan, Poland",via Robota.ua,Full-time,False,Poland,2026-09-15 07:40:12,False,False,Poland,year,42099.0,
835,12,Data Scientist,Data Scientist,"Lviv, Ukraine",via LinkedIn,Contractor,False,Ukraine,2026-09-02 22:02:51,False,True,Ukraine,hour,,15.37
836,132,Data Analyst,Data Analyst (Finance),Anywhere,via Robota.ua,Full-time,True,Ukraine,2026-08-16 11:54:18,True,True,Ukraine,year,24150.0,
837,22,Data Engineer,Junior Data Engineer,"Odesa, Ukraine",via Pracuj.pl,Full-time,False,Ukraine,2026-09-12 00:19:32,False,False,Ukraine,,,
838,106,Data Analyst,Product Data Analyst,Anywhere,via Glassdoor,Full-time,True,Germany,2026-09-23 22:57:11,False,False,Germany,year,73795.0,
839,64,Data Analyst,Data Analyst,"Lodz, Poland",via Djinni,Full-time,False,Poland,2026-09-22 04:01:41,False,False,Poland,year,31480.0,
840,120,Data Analyst,Product Data Analyst,"Kharkiv, Ukraine",via Robota.ua,Part-time,False,Ukraine,2026-09-02 21:48:11,True,True,Ukraine,,,
841,110,Data Engineer,Junior Data Engineer,"Munich, Germany",via Djinni,Full-time,False,Germany,2026-08-24 03:53:11,False,True,Germany,,,
842,83,Senior Data Analyst,Lead Data Analyst,"Frankfurt, Germany",via Rabota.ua,Full-time,False,Germany,2026-08-17 12:11:36,False,False,Germany,,,
843,96,Senior Data Engineer,Senior Data Engineer,"Dusseldorf, Germany",via Work.ua,Full-time,False,Germany,2026-08-26 03:39:09,False,True,Germany,year,77253.0,
844,76,Data Analyst,Data Quality Analyst,Anywhere,via Robota.ua,Contractor,True,Poland,2026-09-21 19:38:39,True,False,Poland,hour,,18.43
845,22,Data Analyst,Business Data Analyst,"Odesa, Ukraine",via StepStone,Full-time,False,Ukraine,2026-08-27 17:25:12,False,True,Ukraine,,,
846,41,Senior Data Scientist,Senior Data Scientist,"Kyiv, Ukraine",via Indeed,Part-time,True,Ukraine,2026-09-11 05:52:29,False,False,Ukraine,,,
847,7,Data Scientist,Junior Data Scientist,"Kharkiv, Ukraine",via Djinni,Full-time,False,Ukraine,2026-09-11 17:19:49,True,False,Ukraine,year,13647.0,
848,113,Senior Data Analyst,Lead Data Analyst,Anywhere,via Indeed,Full-time,True,Germany,2026-09-25 01:27:48,False,True,Germany,,,
849,44,Data Analyst,Data Analyst (Finance),"Lviv, Ukraine",via Xing,Contractor,False,Ukraine,2026-09-21 17:41:15,False,True,Ukraine,,,
850,88,Data Analyst,Data Analyst (Marketing),"Hamburg, Germany",via StepStone,Part-time,False,Germany,2026-09-20 05:21:20,True,True,Germany,,,
851,45,Senior Data Analyst,Lead Data Analyst,"Krakow, Poland",via Xing,Part-time,False,Poland,2026-09-09 15:01:35,True,False,Poland,,,
852,50,Data Scientist,Data Scientist,"Lodz, Poland",via Pracuj.pl,Contractor,False,Poland,2026-09-17 20:21:13,False,False,Poland,,,
853,82,Data Analyst,Junior Data Analyst,"Munich, Germany",via LinkedIn,Full-time,False,Germany,2026-09-09 04:29:02,False,True,Germany,,,
854,22,Business Analyst,Junior Business Analyst,"Kyiv, Ukraine",via Pracuj.pl,Internship,False,Ukraine,2026-09-18 17:15:39,False,False,Ukraine,,,
855,51,Data Analyst,Junior Data Analyst,"Warsaw, Poland",via Indeed,Internship,False,Poland,2026-09-09 03:37:56,False,False,Poland,,,
856,118,Senior Data Analyst,Senior Data Analyst,Anywhere,via LinkedIn,Internship,True,Ukraine,2026-08-22 16:30:10,False,False,Ukraine,year,29921.0,
857,69,Senior Data Analyst,Lead Data Analyst,"Katowice, Poland",via StepStone,Contractor,False,Poland,2026-09-07 05:19:02,False,False,Poland,hour,,25.32
858,39,Data Engineer,ETL Developer,"Odesa, Ukraine",via Rabota.ua,Internship,False,Ukraine,2026-09-02 14:50:01,True,True,Ukraine,,,
859,106,Data Analyst,Data Quality Analyst,"Munich, Germany",via Pracuj.pl,Full-time,False,Germany,2026-09-06 06:06:10,False,False,Germany,,,
860,104,Senior Data Scientist,Senior Data Scientist,Anywhere,via Glassdoor,Full-time,True,Germany,2026-09-11 08:34:41,False,True,Germany,,,
861,70,Data Engineer,Analytics Engineer,"Krakow, Poland",via LinkedIn,Part-time,True,Poland,2026-09-24 01:23:19,False,True,Poland,,,
862,118,Data Analyst,Data Quality Analyst,Anywhere,via Djinni,Full-time,True,Ukraine,2026-09-21 09:44:51,False,False,Ukraine,,,
863,61,Data Engineer,Junior Data Engineer,"Wroclaw, Poland",via LinkedIn,Part-time,False,Poland,2026-09-14 16:34:56,True,False,Poland,year,20150.0,
864,49,Senior Data Scientist,Senior Data Scientist,Anywhere,via StepStone,Full-time,True,Poland,2026-08-21 16:36:55,True,True,Poland,,,
865,92,Cloud Engineer,Cloud Data Engineer,"Hamburg, Germany",via Robota.ua,Part-time,False,Germany,2026-09-22 18:16:56,False,False,Germany,,,
866,41,Data Analyst,Data Analyst,"Ivano-Frankivsk, Ukraine",via Pracuj.pl,Full-time,False,Ukraine,2026-08-25 20:18:24,True,False,Ukraine,,,
867,112,Machine Learning Engineer,Machine Learning Engineer,"Berlin, Germany",via Djinni,Contractor,True,Germany,2026-09-21 14:46:34,False,False,Germany,,,
868,31,Senior Data Scientist,Senior Data Scientist,"Dnipro, Ukraine",via Work.ua,Contractor,False,Ukraine,2026-09-15 05:33:25,False,True,Ukraine,hour,,15.84
869,82,Data Scientist,Data Scientist,"Frankfurt, Germany",via Glassdoor,Contractor,False,Germany,2026-09-20 01:23:20,True,False,Germany,,,
870,127,Data Analyst,Data Analyst (Marketing),"Berlin, Germany",via Djinni,Full-time,False,Germany,2026-09-20 07:50:37,True,True,Germany,,,
871,72,Business Analyst,Business Intelligence Analyst,"Krakow, Poland",via Djinni,Full-time,False,Poland,2026-09-02 10:03:56,True,True,Poland,,,
872,33,Business Analyst,Junior Business Analyst,"Vinnytsia, Ukraine",via Xing,Full-time,False,Ukraine,2026-08-15 20:21:34,True,False,Ukraine,,,
873,68,Data Scientist,Data Scientist,Anywhere,via Xing,Full-time,True,Poland,2026-09-06 11:50:56,True,True,Poland,year,37304.0,
874,44,Data Analyst,Junior Data Analyst,"Dnipro, Ukraine",via Djinni,Contractor,True,Ukraine,2026-08-31 08:04:52,False,True,Ukraine,hour,,8.89
875,121,Data Analyst,Data Analyst (Finance),"Berlin, Germany",via Work.ua,Full-time,True,Germany,2026-08-31 04:31:26,True,True,Germany,,,
876,14,Data Engineer,Junior Data Engineer,"Kyiv, Ukraine",via Xing,Full-time,False,Ukraine,2026-09-10 15:25:16,False,False,Ukraine,,,
877,54,Data Analyst,Data Analyst (Marketing),"Krakow, Poland",via Work.ua,Full-time,False,Poland,2026-09-25 13:51:35,False,False,Poland,,,
878,19,Data Engineer,ETL Developer,"Odesa, Ukraine",via Work.ua,Contractor,False,Ukraine,2026-09-02 15:28:00,False,True,Ukraine,,,
879,61,Data Engineer,Junior Data Engineer,"Gdansk, Poland",via Xing,Full-time,False,Poland,2026-09-25 11:28:29,True,True,Poland,,,
880,96,Data Analyst,Product Data Analyst,"Frankfurt, Germany",via Pracuj.pl,Part-time,True,Germany,2026-09-13 00:37:46,False,False,Germany,,,
881,17,Data Analyst,Business Data Analyst,"Odesa, Ukraine",via Djinni,Full-time,True,Ukraine,2026-09-18 19:03:02,True,True,Ukraine,,,
882,83,Senior Data Scientist,Senior Data Scientist,"Berlin, Germany",via NoFluffJobs,Full-time,True,Germany,2026-09-09 13:46:08,True,True,Germany,,,
883,51,Data Analyst,Data Analyst (Marketing),"Gdansk, Poland",via Djinni,Full-time,False,Poland,2026-08-17 20:28:10,True,True,Poland,,,
884,91,Data Analyst,Product Data Analyst,"Cologne, Germany",via Djinni,Contractor,False,Germany,2026-08-22 18:10:35,False,False,Germany,,,
885,17,Senior Data Analyst,Senior Data Analyst,"Ivano-Frankivsk, Ukraine",via NoFluffJobs,Full-time,True,Ukraine,2026-08-28 18:17:48,True,False,Ukraine,,,
886,48,Data Engineer,ETL Developer,"Katowice, Poland",via Robota.ua,Contractor,True,Poland,2026-09-10 02:41:29,False,True,Poland,,,
887,85,Machine Learning Engineer,Machine Learning Engineer,"Frankfurt, Germany",via StepStone,Contractor,False,Germany,2026-09-02 23:38:51,False,True,Germany,,,
888,52,Cloud Engineer,Cloud Data Engineer,"Warsaw, Poland",via Xing,Part-time,False,Poland,2026-08-23 02:27:19,True,True,Poland,,,
889,34,Business Analyst,BI Analyst,"Dnipro, Ukraine",via LinkedIn,Part-time,False,Ukraine,2026-08-25 03:14:36,False,True,Ukraine,,,
890,94,Data Scientist,Junior Data Scientist,"Stuttgart, Germany",via Work.ua,Full-time,True,Germany,2026-08-15 01:01:01,False,True,Germany,,,
891,77,Senior Data Engineer,Senior Data Engineer,"Krakow, Poland",via Rabota.ua,Full-time,False,Poland,2026-08-30 04:43:31,True,False,Poland,,,
892,11,Business Analyst,Business Intelligence Analyst,"Ivano-Frankivsk, Ukraine",via LinkedIn,Full-time,False,Ukraine,2026-09-22 18:32:17,False,True,Ukraine,year,17161.0,
893,29,Business Analyst,Business Intelligence Analyst,"Kharkiv, Ukraine",via Work.ua,Internship,False,Ukraine,2026-08-31 21:00:04,False,True,Ukraine,year,20954.0,
894,115,Business Analyst,Business Analyst,"Lviv, Ukraine",via Robota.ua,Full-time,True,Ukraine,2026-09-25 23:01:51,True,False,Ukraine,,,
895,105,Machine Learning Engineer,Machine Learning Engineer,"Dusseldorf, Germany",via StepStone,Full-time,True,Germany,2026-09-16 02:31:16,False,False,Germany,,,
896,29,Data Analyst,Data Analyst,"Ivano-Frankivsk, Ukraine",via Rabota.ua,Full-time,False,Ukraine,2026-09-24 10:22:36,True,False,Ukraine,,,
897,38,Data Analyst,Data Analyst (Finance),"Odesa, Ukraine",via Glassdoor,Full-time,False,Ukraine,2026-08-16 02:46:56,False,True,Ukraine,,,
898,10,Data Analyst,Product Data Analyst,"Ivano-Frankivsk, Ukraine",via NoFluffJobs,Full-time,False,Ukraine,2026-08-31 09:24:46,True,False,Ukraine,,,
899,84,Data Analyst,Business Data Analyst,Anywhere,via Rabota.ua,Full-time,True,Germany,2026-09-03 15:54:09,True,True,Germany,,,
900,4,Senior Data Analyst,Senior Data Analyst,"Ivano-Frankivsk, Ukraine",via Indeed,Full-time,False,Ukraine,2026-09-09 04:54:08,True,True,Ukraine,,,
901,32,Data Engineer,ETL Developer,"Kyiv, Ukraine",via Djinni,Part-time,True,Ukraine,2026-09-03 16:36:30,False,False,Ukraine,year,19758.0,
902,91,Data Engineer,ETL Developer,"Frankfurt, Germany",via Xing,Full-time,False,Germany,2026-08-16 12:42:44,True,True,Germany,,,
903,78,Data Analyst,Business Data Analyst,"Cologne, Germany",via StepStone,Full-time,False,Germany,2026-08-19 16:33:17,False,True,Germany,year,61318.0,
904,4,Data Analyst,Data Quality Analyst,"Vinnytsia, Ukraine",via Rabota.ua,Internship,False,Ukraine,2026-09-01 02:51:46,True,False,Ukraine,year,20817.0,
905,68,Data Analyst,Data Analyst,"Gdansk, Poland",via Work.ua,Full-time,True,Poland,2026-09-22 14:35:52,False,False,Poland,,,
906,123,Senior Data Engineer,Lead Data Engineer,"Berlin, Germany",via Djinni,Internship,False,Germany,2026-09-08 04:48:22,False,False,Germany,,,
907,8,Data Analyst,Data Analyst (Finance),"Kharkiv, Ukraine",via LinkedIn,Contractor,False,Ukraine,2026-08-25 17:33:43,False,True,Ukraine,,,
908,102,Senior Data Analyst,Senior Data Analyst,Anywhere,via Robota.ua,Full-time,True,Germany,2026-08-27 21:38:56,False,False,Germany,,,
909,102,Data Scientist,Data Scientist,"Frankfurt, Germany",via StepStone,Full-time,False,Germany,2026-09-19 11:50:22,False,False,Germany,year,55903.0,
910,54,Data Analyst,Product Data Analyst,Anywhere,via LinkedIn,Contractor,True,Poland,2026-09-12 21:43:22,True,False,Poland,year,37721.0,
911,58,Data Analyst,Data Analyst (Marketing),"Warsaw, Poland",via NoFluffJobs,Full-time,False,Poland,2026-09-25 16:49:16,False,True,Poland,,,
912,107,Data Analyst,Data Analyst,"Berlin, Germany",via Djinni,Internship,False,Germany,2026-09-11 19:51:51,True,True,Germany,,,
913,58,Data Engineer,Analytics Engineer,"Gdansk, Poland",via Xing,Full-time,False,Poland,2026-08-29 09:35:05,True,True,Poland,,,
914,39,Data Analyst,Junior Data Analyst,"Vinnytsia, Ukraine",via Djinni,Full-time,False,Ukraine,2026-09-18 02:57:28,False,True,Ukraine,year,10639.0,
915,20,Data Analyst,Product Data Analyst,"Ivano-Frankivsk, Ukraine",via Pracuj.pl,Full-time,True,Ukraine,2026-09-11 23:53:23,False,True,Ukraine,,,
916,80,Senior Data Analyst,Lead Data Analyst,Anywhere,via StepStone,Internship,True,Germany,2026-08-29 15:42:46,True,True,Germany,,,
917,89,Data Engineer,Analytics Engineer,"Berlin, Germany",via Robota.ua,Full-time,True,Germany,2026-08-31 12:43:33,False,True,Germany,,,
918,3,Machine Learning Engineer,Machine Learning Engineer,"Ivano-Frankivsk, Ukraine",via Robota.ua,Full-time,False,Ukraine,2026-09-22 04:13:57,False,False,Ukraine,,,
919,78,Data Analyst,Product Data Analyst,"Stuttgart, Germany",via Work.ua,Full-time,False,Germany,2026-08-15 11:50:01,False,False,Germany,,,
920,132,Senior Data Engineer,Lead Data Engineer,"Odesa, Ukraine",via NoFluffJobs,Contractor,False,Ukraine,2026-09-12 01:47:30,False,False,Ukraine,,,
921,77,Senior Data Engineer,Senior Data Engineer,Anywhere,via Work.ua,Full-time,True,Poland,2026-08-18 22:11:11,False,True,Poland,year,54755.0,
922,77,Business Analyst,Junior Business Analyst,"Warsaw, Poland",via Djinni,Contractor,False,Poland,2026-09-21 00:13:37,False,True,Poland,hour,,9.29
923,98,Business Analyst,Business Analyst,"Berlin, Germany",via LinkedIn,Full-time,False,Germany,2026-09-12 14:56:56,False,False,Germany,,,
924,23,Data Analyst,Junior Data Analyst,"Odesa, Ukraine",via Glassdoor,Full-time,True,Ukraine,2026-08-31 08:24:36,True,True,Ukraine,,,
925,23,Senior Data Engineer,Lead Data Engineer,"Dnipro, Ukraine",via NoFluffJobs,Part-time,True,Ukraine,2026-09-23 17:20:06,False,True,Ukraine,,,
926,13,Data Analyst,Data Quality Analyst,"Ivano-Frankivsk, Ukraine",via Glassdoor,Contractor,False,Ukraine,2026-09-25 10:52:10,False,True,Ukraine,,,
927,120,Data Analyst,Data Analyst,"Ivano-Frankivsk, Ukraine",via NoFluffJobs,Contractor,False,Ukraine,2026-08-16 05:02:34,True,False,Ukraine,year,26133.0,
928,90,Data Scientist,Data Scientist,"Berlin, Germany",via StepStone,Part-time,False,Germany,2026-08-17 18:14:11,False,True,Germany,year,56745.0,
929,32,Data Analyst,Product Data Analyst,"Odesa, Ukraine",via Pracuj.pl,Full-time,False,Ukraine,2026-08-17 07:54:25,False,False,Ukraine,,,
930,93,Senior Data Scientist,Senior Data Scientist,"Frankfurt, Germany",via StepStone,Full-time,True,Germany,2026-09-06 18:47:47,False,False,Germany,year,99950.0,
931,56,Senior Data Analyst,Senior Data Analyst,Anywhere,via Glassdoor,Full-time,True,Poland,2026-09-21 11:17:10,True,True,Poland,year,55047.0,
932,4,Senior Data Analyst,Senior Data Analyst,"Odesa, Ukraine",via NoFluffJobs,Full-time,True,Ukraine,2026-09-09 04:27:54,False,False,Ukraine,year,42502.0,
933,124,Data Scientist,Data Scientist,"Berlin, Germany",via Xing,Full-time,True,Germany,2026-09-18 08:20:55,True,True,Germany,year,54436.0,
934,35,Senior Data Scientist,Senior Data Scientist,"Kharkiv, Ukraine",via Xing,Full-time,False,Ukraine,2026-09-07 22:47:16,False,True,Ukraine,year,37269.0,
935,99,Senior Data Engineer,Lead Data Engineer,Anywhere,via LinkedIn,Contractor,True,Germany,2026-09-15 20:24:53,False,False,Germany,,,
936,79,Data Engineer,BI Developer,"Hamburg, Germany",via StepStone,Full-time,False,Germany,2026-09-04 22:27:45,False,True,Germany,,,
937,10,Data Analyst,Data Analyst (Finance),"Ivano-Frankivsk, Ukraine",via Robota.ua,Full-time,True,Ukraine,2026-08-26 11:00:48,True,True,Ukraine,,,
938,51,Data Analyst,Junior Data Analyst,"Wroclaw, Poland",via Pracuj.pl,Full-time,False,Poland,2026-09-02 18:36:11,False,False,Poland,,,
939,38,Machine Learning Engineer,Machine Learning Engineer,"Ivano-Frankivsk, Ukraine",via Djinni,Contractor,True,Ukraine,2026-09-02 20:02:01,False,False,Ukraine,year,22899.0,
940,69,Senior Data Analyst,Senior Data Analyst,"Wroclaw, Poland",via Rabota.ua,Full-time,False,Poland,2026-09-04 12:17:25,True,False,Poland,,,
941,119,Data Analyst,Data Analyst,Anywhere,via Indeed,Internship,True,Ukraine,2026-08-24 07:43:07,True,False,Ukraine,year,20924.0,
942,58,Senior Data Analyst,Lead Data Analyst,"Krakow, Poland",via Work.ua,Contractor,False,Poland,2026-08-26 14:30:42,False,False,Poland,,,
943,4,Data Engineer,Data Engineer,"Dnipro, Ukraine",via Djinni,Contractor,False,Ukraine,2026-09-04 10:06:32,False,True,Ukraine,year,23437.0,
944,55,Data Analyst,Business Data Analyst,"Lodz, Poland",via Work.ua,Part-time,False,Poland,2026-09-08 18:16:28,False,False,Poland,year,35986.0,
945,36,Data Analyst,Data Analyst (Marketing),"Dnipro, Ukraine",via LinkedIn,Full-time,True,Ukraine,2026-09-22 10:14:32,False,False,Ukraine,,,
946,23,Data Engineer,Junior Data Engineer,Anywhere,via StepStone,Full-time,True,Ukraine,2026-08-31 21:27:03,True,False,Ukraine,,,
947,132,Data Scientist,Junior Data Scientist,"Kharkiv, Ukraine",via Indeed,Full-time,False,Ukraine,2026-09-09 17:59:51,False,False,Ukraine,,,
948,76,Data Analyst,Data Analyst (Finance),"Poznan, Poland",via Glassdoor,Internship,False,Poland,2026-09-19 12:01:18,False,True,Poland,,,
949,6,Data Analyst,Data Analyst,"Ivano-Frankivsk, Ukraine",via Glassdoor,Internship,False,Ukraine,2026-08-28 00:52:25,False,False,Ukraine,,,
950,0,Senior Data Scientist,Senior Data Scientist,"Lviv, Ukraine",via StepStone,Contractor,False,Ukraine,2026-09-16 20:32:27,True,False,Ukraine,,,
951,107,Senior Data Engineer,Lead Data Engineer,"Berlin, Germany",via NoFluffJobs,Internship,False,Germany,2026-09-04 00:54:42,False,False,Germany,year,78538.0,
952,33,Senior Data Engineer,Senior Data Engineer,Anywhere,via Work.ua,Part-time,True,Ukraine,2026-09-21 05:49:53,False,False,Ukraine,,,
953,114,Data Engineer,Junior Data Engineer,"Ivano-Frankivsk, Ukraine",via Robota.ua,Full-time,False,Ukraine,2026-08-28 22:44:37,False,False,Ukraine,year,15190.0,
954,27,Data Analyst,Business Data Analyst,"Dnipro, Ukraine",via StepStone,Full-time,False,Ukraine,2026-09-01 07:35:58,False,False,Ukraine,,,
955,86,Business Analyst,Business Analyst,"Dusseldorf, Germany",via LinkedIn,Contractor,False,Germany,2026-09-24 12:41:17,False,False,Germany,,,
956,6,Data Analyst,Data Analyst,"Odesa, Ukraine",via LinkedIn,Full-time,False,Ukraine,2026-09-14 01:59:38,False,True,Ukraine,,,
957,117,Data Engineer,Analytics Engineer,"Wroclaw, Poland",via Pracuj.pl,Full-time,False,Poland,2026-09-17 10:48:01,False,True,Poland,year,30122.0,
958,76,Data Engineer,Analytics Engineer,"Krakow, Poland",via Glassdoor,Contractor,True,Poland,2026-09-09 04:00:35,True,True,Poland,year,29301.0,
959,35,Data Scientist,Data Scientist,"Kharkiv, Ukraine",via Pracuj.pl,Internship,True,Ukraine,2026-08-24 09:10:42,False,True,Ukraine,,,
960,32,Data Analyst,Data Analyst (Marketing),Anywhere,via LinkedIn,Full-time,True,Ukraine,2026-09-02 07:24:20,True,False,Ukraine,,,
961,34,Data Engineer,Junior Data Engineer,"Ivano-Frankivsk, Ukraine",via Pracuj.pl,Part-time,False,Ukraine,2026-09-18 04:07:22,False,False,Ukraine,,,
962,44,Data Analyst,Data Analyst,"Kharkiv, Ukraine",via Pracuj.pl,Part-time,False,Ukraine,2026-09-15 21:57:11,True,True,Ukraine,,,
963,12,Senior Data Analyst,Lead Data Analyst,"Ivano-Frankivsk, Ukraine",via NoFluffJobs,Contractor,True,Ukraine,2026-09-23 18:58:56,False,False,Ukraine,year,38254.0,
964,33,Business Analyst,BI Analyst,Anywhere,via Glassdoor,Part-time,True,Ukraine,2026-08-26 11:58:49,False,True,Ukraine,year,22302.0,
965,64,Software Engineer,Data Software Engineer,"Warsaw, Poland",via Djinni,Full-time,True,Poland,2026-09-03 01:41:42,False,False,Poland,year,31871.0,
966,42,Data Analyst,Data Analyst,"Kyiv, Ukraine",via Xing,Contractor,False,Ukraine,2026-09-04 04:57:40,False,False,Ukraine,year,21217.0,
967,118,Senior Data Scientist,Senior Data Scientist,"Kharkiv, Ukraine",via Robota.ua,Full-time,True,Ukraine,2026-09-05 07:01:36,False,False,Ukraine,,,
968,70,Senior Data Analyst,Senior Data Analyst,"Warsaw, Poland",via Rabota.ua,Full-time,True,Poland,2026-08-30 20:59:00,False,True,Poland,year,49576.0,
969,114,Business Analyst,Business Analyst,"Kharkiv, Ukraine",via Djinni,Internship,False,Ukraine,2026-08-27 15:42:39,True,True,Ukraine,year,21954.0,
970,109,Machine Learning Engineer,Machine Learning Engineer,"Stuttgart, Germany",via Xing,Part-time,False,Germany,2026-08-19 18:12:33,False,True,Germany,year,58860.0,
971,12,Data Scientist,Data Scientist,"Vinnytsia, Ukraine",via LinkedIn,Internship,False,Ukraine,2026-09-14 13:20:04,False,False,Ukraine,,,
972,46,Business Analyst,Business Intelligence Analyst,"Katowice, Poland",via Djinni,Internship,False,Poland,2026-08-21 10:57:53,False,True,Poland,,,
973,0,Data Analyst,Business Data Analyst,"Kyiv, Ukraine",via LinkedIn,Internship,False,Ukraine,2026-09-03 10:57:19,True,True,Ukraine,year,25134.0,
974,41,Senior Data Engineer,Senior Data Engineer,"Odesa, Ukraine",via StepStone,Part-time,False,Ukraine,2026-09-09 21:17:40,False,False,Ukraine,,,
975,104,Senior Data Analyst,Lead Data Analyst,"Frankfurt, Germany",via Work.ua,Part-time,False,Germany,2026-09-13 09:16:54,True,False,Germany,,,
976,1,Business Analyst,Business Intelligence Analyst,"Odesa, Ukraine",via Work.ua,Internship,True,Ukraine,2026-08-24 12:24:06,True,False,Ukraine,,,
977,118,Software Engineer,Data Software Engineer,"Kharkiv, Ukraine",via Work.ua,Part-time,True,Ukraine,2026-09-14 21:00:30,False,True,Ukraine,,,
978,65,Business Analyst,BI Analyst,Anywhere,via Indeed,Contractor,True,Poland,2026-08-23 13:11:15,True,False,Poland,,,
979,35,Data Scientist,Junior Data Scientist,"Kyiv, Ukraine",via Indeed,Part-time,False,Ukraine,2026-09-09 01:21:59,False,True,Ukraine,year,11771.0,
980,69,Data Engineer,Junior Data Engineer,"Warsaw, Poland",via Work.ua,Internship,False,Poland,2026-08-16 04:23:08,True,True,Poland,year,14800.0,
981,115,Data Analyst,Data Quality Analyst,Anywhere,via NoFluffJobs,Contractor,True,Ukraine,2026-09-02 21:20:16,False,False,Ukraine,,,
982,110,Business Analyst,Business Analyst,"Berlin, Germany",via Djinni,Internship,False,Germany,2026-09-19 19:24:22,False,False,Germany,,,
983,70,Data Analyst,Data Analyst (Marketing),Anywhere,via LinkedIn,Full-time,True,Poland,2026-09-10 12:00:15,False,True,Poland,,,
984,48,Senior Data Scientist,Senior Data Scientist,"Warsaw, Poland",via NoFluffJobs,Full-time,True,Poland,2026-09-07 16:23:01,True,False,Poland,,,
985,32,Senior Data Analyst,Senior Data Analyst,"Dnipro, Ukraine",via Work.ua,Full-time,False,Ukraine,2026-09-21 10:19:28,False,True,Ukraine,,,
986,85,Data Engineer,Data Engineer,"Munich, Germany",via StepStone,Internship,False,Germany,2026-09-20 17:25:27,False,False,Germany,,,
987,10,Data Engineer,Data Engineer,"Kharkiv, Ukraine",via Glassdoor,Contractor,False,Ukraine,2026-08-20 17:16:15,False,False,Ukraine,hour,,9.06
988,122,Data Analyst,Data Quality Analyst,"Kharkiv, Ukraine",via Glassdoor,Contractor,False,Ukraine,2026-09-23 18:41:11,True,True,Ukraine,,,
989,4,Data Analyst,Data Analyst,"Dnipro, Ukraine",via LinkedIn,Full-time,False,Ukraine,2026-09-11 19:12:14,False,True,Ukraine,,,
990,82,Senior Data Engineer,Lead Data Engineer,"Stuttgart, Germany",via Djinni,Full-time,False,Germany,2026-09-01 22:21:08,False,True,Germany,,,
991,17,Senior Data Engineer,Lead Data Engineer,"Kharkiv, Ukraine",via Glassdoor,Contractor,False,Ukraine,2026-09-13 14:13:13,False,True,Ukraine,,,
992,23,Data Analyst,Business Data Analyst,"Kharkiv, Ukraine",via Pracuj.pl,Full-time,False,Ukraine,2026-09-24 09:05:46,False,False,Ukraine,,,
993,37,Business Analyst,BI Analyst,Anywhere,via Indeed,Full-time,True,Ukraine,2026-09-07 18:59:00,False,True,Ukraine,year,26113.0,
994,31,Machine Learning Engineer,Machine Learning Engineer,"Dnipro, Ukraine",via Pracuj.pl,Full-time,False,Ukraine,2026-09-22 15:41:37,True,False,Ukraine,year,23045.0,
995,106,Data Scientist,Data Scientist,"Cologne, Germany",via Rabota.ua,Full-time,False,Germany,2026-08-24 13:49:55,False,True,Germany,year,57116.0,
996,4,Data Engineer,Analytics Engineer,"Kharkiv, Ukraine",via Work.ua,Part-time,True,Ukraine,2026-09-17 22:58:19,False,True,Ukraine,,,
997,112,Data Analyst,Data Analyst (Finance),Anywhere,via LinkedIn,Full-time,True,Germany,2026-09-18 09:04:24,False,True,Germany,year,68820.0,
998,19,Data Engineer,BI Developer,"Ivano-Frankivsk, Ukraine",via Rabota.ua,Part-time,True,Ukraine,2026-08-30 00:54:39,False,True,Ukraine,year,25648.0,
999,44,Machine Learning Engineer,Machine Learning Engineer,Anywhere,via Rabota.ua,Part-time,True,Ukraine,2026-09-09 10:20:48,False,False,Ukraine,,,
1000,47,Data Engineer,ETL Developer,"Krakow, Poland",via NoFluffJobs,Full-time,False,Poland,2026-09-04 03:09:11,False,False,Poland,,,
1001,85,Data Scientist,Data Scientist,"Munich, Germany",via Work.ua,Contractor,False,Germany,2026-08-27 01:56:39,True,False,Germany,hour,,37.1
1002,51,Data Engineer,Analytics Engineer,"Krakow, Poland",via Glassdoor,Part-time,False,Poland,2026-09-15 18:56:31,True,True,Poland,,,
1003,75,Data Analyst,Data Analyst (Finance),"Warsaw, Poland",via Glassdoor,Internship,False,Poland,2026-09-24 07:36:16,False,False,Poland,,,
1004,69,Data Scientist,Data Scientist,"Katowice, Poland",via Xing,Full-time,False,Poland,2026-09-05 16:17:39,False,True,Poland,year,26995.0,
1005,7,Data Engineer,Data Engineer,"Ivano-Frankivsk, Ukraine",via Rabota.ua,Part-time,False,Ukraine,2026-08-25 06:00:32,False,False,Ukraine,,,
1006,128,Data Engineer,ETL Developer,"Wroclaw, Poland",via Glassdoor,Full-time,False,Poland,2026-09-17 06:06:54,False,True,Poland,year,28446.0,
1007,1,Business Analyst,Junior Business Analyst,"Dnipro, Ukraine",via Indeed,Full-time,False,Ukraine,2026-09-05 18:19:26,False,False,Ukraine,year,11943.0,
1008,107,Machine Learning Engineer,Machine Learning Engineer,"Frankfurt, Germany",via Work.ua,Contractor,False,Germany,2026-09-20 01:02:45,False,False,Germany,,,
1009,125,Data Analyst,Data Quality Analyst,Anywhere,via Indeed,Contractor,True,Germany,2026-09-04 10:12:37,False,False,Germany,,,
1010,92,Data Analyst,Data Analyst (Finance),"Berlin, Germany",via Pracuj.pl,Full-time,False,Germany,2026-09-16 19:48:45,False,True,Germany,,,
1011,111,Senior Data Analyst,Senior Data Analyst,"Hamburg, Germany",via Rabota.ua,Full-time,False,Germany,2026-08-26 03:59:40,False,False,Germany,,,
1012,58,Data Scientist,Data Scientist,"Wroclaw, Poland",via LinkedIn,Internship,False,Poland,2026-09-15 00:58:25,False,False,Poland,,,
1013,120,Data Engineer,BI Developer,Anywhere,via LinkedIn,Full-time,True,Ukraine,2026-09-04 01:26:31,True,False,Ukraine,,,
1014,53,Data Analyst,Business Data Analyst,"Katowice, Poland",via Rabota.ua,Full-time,False,Poland,2026-09-12 21:57:02,False,False,Poland,,,
1015,6,Business Analyst,Business Analyst,"Lviv, Ukraine",via Pracuj.pl,Contractor,False,Ukraine,2026-08-18 20:58:44,True,True,Ukraine,year,19872.0,
1016,43,Data Engineer,BI Developer,"Kyiv, Ukraine",via Robota.ua,Full-time,False,Ukraine,2026-09-24 09:51:49,False,True,Ukraine,,,
1017,122,Data Engineer,Analytics Engineer,"Odesa, Ukraine",via StepStone,Internship,False,Ukraine,2026-08-28 03:22:37,False,True,Ukraine,,,
1018,41,Software Engineer,Data Software Engineer,"Odesa, Ukraine",via Djinni,Contractor,True,Ukraine,2026-09-07 02:35:22,False,True,Ukraine,year,20669.0,
1019,35,Data Analyst,Data Analyst (Finance),"Lviv, Ukraine",via Glassdoor,Full-time,False,Ukraine,2026-09-05 00:10:57,True,False,Ukraine,year,22775.0,
1020,68,Data Engineer,Data Engineer,"Poznan, Poland",via Work.ua,Internship,False,Poland,2026-09-15 14:18:01,False,True,Poland,,,
1021,68,Data Engineer,Junior Data Engineer,"Krakow, Poland",via Work.ua,Contractor,False,Poland,2026-09-08 14:29:07,False,True,Poland,,,
1022,72,Data Analyst,Junior Data Analyst,Anywhere,via Indeed,Part-time,True,Poland,2026-08-29 13:31:22,False,True,Poland,,,
1023,49,Data Analyst,Data Quality Analyst,"Katowice, Poland",via Pracuj.pl,Contractor,True,Poland,2026-09-07 13:56:19,True,False,Poland,,,
1024,79,Data Engineer,Power BI Developer,"Dusseldorf, Germany",via Rabota.ua,Full-time,False,Germany,2026-09-06 18:48:10,False,False,Germany,,,
1025,92,Data Engineer,Junior Data Engineer,"Cologne, Germany",via Rabota.ua,Full-time,False,Germany,2026-09-19 12:30:09,True,False,Germany,year,38011.0,
1026,81,Senior Data Analyst,Senior Data Analyst,"Cologne, Germany",via Xing,Contractor,False,Germany,2026-09-17 16:29:37,False,True,Germany,year,83685.0,
1027,10,Business Analyst,Business Analyst,"Lviv, Ukraine",via StepStone,Contractor,False,Ukraine,2026-08-30 02:19:13,False,True,Ukraine,,,
1028,54,Data Analyst,Data Analyst (Finance),"Lodz, Poland",via NoFluffJobs,Contractor,False,Poland,2026-09-03 04:21:48,False,True,Poland,,,
1029,65,Senior Data Scientist,Senior Data Scientist,"Katowice, Poland",via Robota.ua,Internship,False,Poland,2026-08-27 00:25:02,True,True,Poland,year,49048.0,
1030,111,Data Analyst,Business Data Analyst,"Munich, Germany",via Xing,Part-time,False,Germany,2026-08-24 00:06:55,False,False,Germany,year,69024.0,
1031,62,Senior Data Analyst,Senior Data Analyst,"Warsaw, Poland",via Rabota.ua,Internship,True,Poland,2026-09-23 01:54:04,True,True,Poland,,,
1032,7,Senior Data Engineer,Senior Data Engineer,"Odesa, Ukraine",via Pracuj.pl,Full-time,False,Ukraine,2026-09-10 21:18:21,True,True,Ukraine,,,
1033,79,Data Analyst,Data Quality Analyst,Anywhere,via Rabota.ua,Internship,True,Germany,2026-09-14 20:57:55,False,True,Germany,,,
1034,84,Data Engineer,Analytics Engineer,"Dusseldorf, Germany",via NoFluffJobs,Part-time,False,Germany,2026-08-19 08:31:48,False,False,Germany,,,
1035,21,Senior Data Scientist,Senior Data Scientist,"Ivano-Frankivsk, Ukraine",via Rabota.ua,Full-time,False,Ukraine,2026-09-05 06:35:37,False,False,Ukraine,,,
1036,48,Machine Learning Engineer,Machine Learning Engineer,"Katowice, Poland",via Rabota.ua,Full-time,False,Poland,2026-09-10 17:21:32,False,True,Poland,,,
1037,86,Senior Data Analyst,Lead Data Analyst,"Hamburg, Germany",via StepStone,Full-time,False,Germany,2026-08-21 12:57:50,False,True,Germany,,,
1038,97,Data Engineer,Data Engineer,"Munich, Germany",via Xing,Contractor,False,Germany,2026-09-14 17:57:45,True,False,Germany,,,
1039,17,Data Analyst,Business Data Analyst,"Kharkiv, Ukraine",via Rabota.ua,Full-time,False,Ukraine,2026-09-08 22:18:22,False,True,Ukraine,,,
1040,82,Data Analyst,Data Quality Analyst,"Cologne, Germany",via Rabota.ua,Full-time,False,Germany,2026-08-22 05:41:26,False,True,Germany,,,
1041,102,Data Analyst,Data Quality Analyst,"Berlin, Germany",via Work.ua,Part-time,True,Germany,2026-09-22 08:46:37,True,False,Germany,year,57327.0,
1042,3,Machine Learning Engineer,Machine Learning Engineer,"Lviv, Ukraine",via Xing,Part-time,False,Ukraine,2026-08-31 02:46:03,False,False,Ukraine,,,
1043,28,Senior Data Engineer,Senior Data Engineer,"Dnipro, Ukraine",via Robota.ua,Full-time,False,Ukraine,2026-08-24 16:35:53,False,False,Ukraine,,,
1044,32,Data Analyst,Junior Data Analyst,"Lviv, Ukraine",via Glassdoor,Part-time,False,Ukraine,2026-08-21 15:53:59,False,True,Ukraine,,,
1045,7,Data Analyst,Junior Data Analyst,"Lviv, Ukraine",via Pracuj.pl,Full-time,False,Ukraine,2026-08-23 09:57:29,False,True,Ukraine,,,
1046,86,Senior Data Engineer,Senior Data Engineer,"Dusseldorf, Germany",via StepStone,Full-time,False,Germany,2026-09-15 12:18:55,False,False,Germany,year,98659.0,
1047,28,Senior Data Scientist,Senior Data Scientist,"Vinnytsia, Ukraine",via Xing,Internship,True,Ukraine,2026-09-11 21:11:24,True,False,Ukraine,,,
1048,9,Business Analyst,Business Intelligence Analyst,"Ivano-Frankivsk, Ukraine",via Pracuj.pl,Part-time,False,Ukraine,2026-09-20 19:14:03,True,True,Ukraine,,,
1049,17,Business Analyst,Business Analyst,Anywhere,via Robota.ua,Contractor,True,Ukraine,2026-09-09 04:48:41,False,True,Ukraine,,,
1050,48,Data Scientist,Junior Data Scientist,"Warsaw, Poland",via StepStone,Contractor,False,Poland,2026-08-21 00:00:40,False,True,Poland,,,
1051,87,Data Analyst,Data Analyst (Finance),"Frankfurt, Germany",via StepStone,Full-time,True,Germany,2026-09-02 00:34:17,False,False,Germany,,,
1052,43,Data Engineer,Data Engineer,"Odesa, Ukraine",via Djinni,Internship,False,Ukraine,2026-08-22 07:22:42,True,False,Ukraine,,,
1053,108,Data Engineer,Power BI Developer,"Stuttgart, Germany",via StepStone,Full-time,False,Germany,2026-09-22 14:33:15,True,False,Germany,year,53674.0,
1054,44,Senior Data Engineer,Lead Data Engineer,"Kharkiv, Ukraine",via Robota.ua,Full-time,False,Ukraine,2026-09-25 16:43:35,False,True,Ukraine,,,
1055,77,Data Engineer,Data Engineer,"Katowice, Poland",via StepStone,Full-time,False,Poland,2026-09-06 15:50:23,False,True,Poland,,,
1056,13,Data Analyst,Data Analyst,"Kyiv, Ukraine",via Indeed,Contractor,False,Ukraine,2026-08-30 07:28:48,True,True,Ukraine,hour,,9.85
1057,113,Business Analyst,Junior Business Analyst,Anywhere,via Indeed,Part-time,True,Germany,2026-09-23 05:40:39,False,True,Germany,,,
1058,17,Data Analyst,Junior Data Analyst,"Dnipro, Ukraine",via Pracuj.pl,Part-time,True,Ukraine,2026-08-15 01:17:05,False,True,Ukraine,year,11317.0,
1059,56,Business Analyst,BI Analyst,"Warsaw, Poland",via Robota.ua,Full-time,True,Poland,2026-09-12 01:15:48,True,False,Poland,,,
1060,87,Business Analyst,Junior Business Analyst,"Berlin, Germany",via Robota.ua,Part-time,False,Germany,2026-09-11 12:11:57,False,False,Germany,year,40211.0,
1061,109,Senior Data Scientist,Senior Data Scientist,"Hamburg, Germany",via Indeed,Contractor,False,Germany,2026-09-22 06:30:54,False,True,Germany,hour,,47.58
1062,79,Data Analyst,Junior Data Analyst,"Berlin, Germany",via Rabota.ua,Part-time,False,Germany,2026-08-18 03:36:15,False,True,Germany,,,
1063,128,Data Analyst,Data Quality Analyst,"Katowice, Poland",via Rabota.ua,Full-time,False,Poland,2026-09-15 02:32:47,False,False,Poland,,,
1064,123,Business Analyst,Business Analyst,"Cologne, Germany",via Pracuj.pl,Contractor,False,Germany,2026-09-02 07:28:00,False,True,Germany,,,
1065,43,Cloud Engineer,Cloud Data Engineer,"Ivano-Frankivsk, Ukraine",via NoFluffJobs,Full-time,False,Ukraine,2026-09-06 05:42:30,False,False,Ukraine,year,16318.0,
1066,19,Data Analyst,Product Data Analyst,Anywhere,via Rabota.ua,Contractor,True,Ukraine,2026-08-28 10:15:08,True,False,Ukraine,hour,,9.92
1067,66,Senior Data Scientist,Senior Data Scientist,"Krakow, Poland",via Robota.ua,Part-time,False,Poland,2026-09-03 06:01:02,True,False,Poland,,,
1068,42,Data Analyst,Business Data Analyst,"Ivano-Frankivsk, Ukraine",via Rabota.ua,Internship,False,Ukraine,2026-09-16 12:24:39,True,False,Ukraine,,,
1069,42,Data Scientist,Junior Data Scientist,"Odesa, Ukraine",via Robota.ua,Full-time,False,Ukraine,2026-08-21 03:49:17,False,True,Ukraine,,,
1070,37,Data Engineer,ETL Developer,"Ivano-Frankivsk, Ukraine",via Indeed,Full-time,False,Ukraine,2026-09-17 14:32:18,False,True,Ukraine,,,
1071,16,Data Scientist,Data Scientist,"Ivano-Frankivsk, Ukraine",via Glassdoor,Contractor,False,Ukraine,2026-09-15 05:38:14,False,False,Ukraine,,,
1072,17,Data Analyst,Junior Data Analyst,"Dnipro, Ukraine",via Glassdoor,Part-time,False,Ukraine,2026-08-15 09:58:22,False,False,Ukraine,,,
1073,122,Data Analyst,Data Analyst (Marketing),"Kharkiv, Ukraine",via Work.ua,Contractor,False,Ukraine,2026-09-25 23:56:09,False,False,Ukraine,,,
1074,13,Data Analyst,Data Analyst,"Lviv, Ukraine",via Robota.ua,Full-time,False,Ukraine,2026-08-18 23:43:33,True,False,Ukraine,year,25805.0,
1075,77,Business Analyst,Business Analyst,"Gdansk, Poland",via NoFluffJobs,Internship,False,Poland,2026-08-31 19:58:18,False,False,Poland,,,
1076,70,Senior Data Engineer,Senior Data Engineer,"Gdansk, Poland",via Rabota.ua,Full-time,False,Poland,2026-08-19 03:57:21,True,True,Poland,,,
1077,77,Senior Data Analyst,Lead Data Analyst,"Krakow, Poland",via NoFluffJobs,Full-time,False,Poland,2026-09-17 20:41:06,True,False,Poland,,,
1078,85,Senior Data Analyst,Lead Data Analyst,"Munich, Germany",via Glassdoor,Part-time,False,Germany,2026-08-31 01:05:59,False,True,Germany,,,
1079,3,Business Analyst,Business Analyst,"Ivano-Frankivsk, Ukraine",via NoFluffJobs,Part-time,True,Ukraine,2026-09-08 13:51:33,False,True,Ukraine,,,
1080,72,Data Engineer,Data Engineer,"Katowice, Poland",via StepStone,Full-time,False,Poland,2026-09-07 06:16:22,False,True,Poland,,,
1081,16,Data Analyst,Data Quality Analyst,Anywhere,via NoFluffJobs,Part-time,True,Ukraine,2026-08-17 02:43:21,False,True,Ukraine,,,
1082,111,Senior Data Engineer,Lead Data Engineer,"Hamburg, Germany",via Djinni,Internship,False,Germany,2026-09-07 23:45:03,True,True,Germany,,,
1083,110,Business Analyst,Junior Business Analyst,Anywhere,via Glassdoor,Contractor,True,Germany,2026-09-13 23:48:07,True,False,Germany,,,
1084,62,Data Scientist,Junior Data Scientist,"Wroclaw, Poland",via Rabota.ua,Full-time,True,Poland,2026-09-15 06:56:43,False,True,Poland,,,
1085,33,Senior Data Analyst,Lead Data Analyst,"Ivano-Frankivsk, Ukraine",via Xing,Part-time,False,Ukraine,2026-09-08 16:54:15,True,False,Ukraine,year,38455.0,
1086,37,Data Analyst,Data Analyst (Marketing),"Odesa, Ukraine",via Robota.ua,Full-time,False,Ukraine,2026-08-20 18:04:48,True,False,Ukraine,,,
1087,84,Business Analyst,Business Analyst,"Munich, Germany",via NoFluffJobs,Full-time,False,Germany,2026-08-21 01:04:25,False,False,Germany,,,
1088,54,Data Scientist,Data Scientist,"Gdansk, Poland",via StepStone,Part-time,False,Poland,2026-08-28 11:31:57,True,True,Poland,,,
1089,57,Data Engineer,Power BI Developer,"Lodz, Poland",via Robota.ua,Part-time,False,Poland,2026-08-24 09:25:34,True,False,Poland,,,
1090,101,Data Analyst,Data Quality Analyst,"Frankfurt, Germany",via Djinni,Contractor,False,Germany,2026-09-25 06:46:03,False,False,Germany,hour,,40.37
1091,38,Business Analyst,Junior Business Analyst,"Lviv, Ukraine",via StepStone,Full-time,False,Ukraine,2026-08-15 09:54:52,False,True,Ukraine,,,
1092,4,Data Engineer,Data Engineer,"Odesa, Ukraine",via Pracuj.pl,Internship,True,Ukraine,2026-08-29 20:28:26,False,True,Ukraine,,,
1093,22,Data Scientist,Data Scientist,"Lviv, Ukraine",via Djinni,Full-time,False,Ukraine,2026-09-06 21:35:13,False,False,Ukraine,year,23354.0,
1094,78,Business Analyst,BI Analyst,"Stuttgart, Germany",via Djinni,Contractor,False,Germany,2026-09-15 13:30:44,False,False,Germany,,,
1095,79,Data Analyst,Product Data Analyst,"Dusseldorf, Germany",via Rabota.ua,Full-time,False,Germany,2026-09-13 12:11:37,True,True,Germany,,,
1096,17,Business Analyst,Business Analyst,Anywhere,via Pracuj.pl,Part-time,True,Ukraine,2026-09-21 07:51:20,False,True,Ukraine,,,
1097,70,Machine Learning Engineer,Machine Learning Engineer,"Katowice, Poland",via Djinni,Internship,True,Poland,2026-09-02 03:49:28,True,False,Poland,,,
1098,126,Data Engineer,ETL Developer,"Ivano-Frankivsk, Ukraine",via Rabota.ua,Full-time,True,Ukraine,2026-08-17 00:45:38,True,True,Ukraine,,,
1099,81,Data Analyst,Data Analyst,"Munich, Germany",via Indeed,Internship,False,Germany,2026-08-17 15:17:10,False,False,Germany,,,
1100,74,Senior Data Analyst,Senior Data Analyst,"Warsaw, Poland",via Glassdoor,Internship,False,Poland,2026-08-27 00:08:51,True,True,Poland,,,
1101,97,Machine Learning Engineer,Machine Learning Engineer,"Berlin, Germany",via NoFluffJobs,Contractor,False,Germany,2026-08-20 20:48:17,True,False,Germany,,,
1102,48,Senior Data Analyst,Senior Data Analyst,"Poznan, Poland",via Pracuj.pl,Part-time,False,Poland,2026-08-29 21:59:22,False,False,Poland,,,
1103,40,Data Analyst,Data Quality Analyst,Anywhere,via Glassdoor,Full-time,True,Ukraine,2026-09-17 15:00:59,False,False,Ukraine,year,25278.0,
1104,114,Data Analyst,Data Analyst,"Vinnytsia, Ukraine",via LinkedIn,Part-time,False,Ukraine,2026-08-26 17:17:25,False,False,Ukraine,year,21495.0,
1105,75,Senior Data Scientist,Senior Data Scientist,"Poznan, Poland",via NoFluffJobs,Internship,False,Poland,2026-09-24 21:00:15,False,True,Poland,,,
1106,8,Data Analyst,Data Analyst,"Kharkiv, Ukraine",via Xing,Full-time,False,Ukraine,2026-08-29 07:48:31,False,False,Ukraine,,,
1107,17,Data Scientist,Junior Data Scientist,"Kharkiv, Ukraine",via Rabota.ua,Contractor,False,Ukraine,2026-08-26 21:22:07,False,False,Ukraine,,,
1108,126,Data Engineer,ETL Developer,"Lviv, Ukraine",via Rabota.ua,Full-time,True,Ukraine,2026-09-06 11:20:48,False,False,Ukraine,,,
1109,0,Senior Data Analyst,Lead Data Analyst,"Kharkiv, Ukraine",via Pracuj.pl,Full-time,False,Ukraine,2026-08-26 13:01:32,True,True,Ukraine,,,
1110,40,Data Analyst,Data Quality Analyst,"Odesa, Ukraine",via Xing,Full-time,False,Ukraine,2026-08-19 13:47:31,False,True,Ukraine,year,19959.0,
1111,14,Data Engineer,Data Engineer,"Kharkiv, Ukraine",via Work.ua,Full-time,False,Ukraine,2026-08-29 16:58:35,False,True,Ukraine,,,
1112,102,Data Analyst,Junior Data Analyst,Anywhere,via NoFluffJobs,Full-time,True,Germany,2026-09-12 12:29:11,False,True,Germany,,,
1113,119,Data Engineer,Junior Data Engineer,"Ivano-Frankivsk, Ukraine",via NoFluffJobs,Full-time,False,Ukraine,2026-08-20 01:43:41,False,False,Ukraine,,,
1114,101,Data Scientist,Junior Data Scientist,"Hamburg, Germany",via StepStone,Full-time,False,Germany,2026-09-11 04:43:39,True,True,Germany,,,
1115,79,Data Analyst,Data Analyst (Finance),Anywhere,via Glassdoor,Full-time,True,Germany,2026-09-12 20:18:22,False,False,Germany,,,
1116,128,Senior Data Engineer,Senior Data Engineer,Anywhere,via StepStone,Part-time,True,Poland,2026-08-17 06:47:19,False,False,Poland,year,44957.0,
1117,89,Data Engineer,ETL Developer,"Munich, Germany",via Robota.ua,Full-time,False,Germany,2026-09-11 17:32:06,True,False,Germany,,,
1118,55,Senior Data Analyst,Senior Data Analyst,"Wroclaw, Poland",via StepStone,Internship,True,Poland,2026-08-27 21:46:04,False,False,Poland,,,
1119,111,Software Engineer,Data Software Engineer,"Berlin, Germany",via StepStone,Part-time,False,Germany,2026-09-03 20:31:27,False,True,Germany,year,54976.0,
1120,30,Senior Data Engineer,Lead Data Engineer,"Lviv, Ukraine",via Glassdoor,Full-time,True,Ukraine,2026-09-17 11:05:48,True,False,Ukraine,,,
1121,54,Senior Data Analyst,Senior Data Analyst,"Gdansk, Poland",via Rabota.ua,Full-time,False,Poland,2026-09-16 16:26:48,True,True,Poland,,,
1122,130,Senior Data Analyst,Lead Data Analyst,"Odesa, Ukraine",via Work.ua,Part-time,False,Ukraine,2026-09-17 15:47:18,False,True,Ukraine,,,
1123,22,Data Analyst,Product Data Analyst,"Lviv, Ukraine",via Glassdoor,Contractor,True,Ukraine,2026-08-21 21:19:11,False,True,Ukraine,year,17352.0,
1124,58,Data Engineer,Analytics Engineer,"Warsaw, Poland",via StepStone,Part-time,False,Poland,2026-08-29 00:01:17,False,False,Poland,,,
1125,7,Data Engineer,Junior Data Engineer,Anywhere,via LinkedIn,Contractor,True,Ukraine,2026-09-05 19:14:17,True,False,Ukraine,year,13799.0,
1126,33,Data Engineer,Analytics Engineer,"Vinnytsia, Ukraine",via StepStone,Part-time,False,Ukraine,2026-09-17 20:16:53,False,False,Ukraine,,,
1127,84,Cloud Engineer,Cloud Data Engineer,"Munich, Germany",via StepStone,Internship,False,Germany,2026-08-21 00:27:04,False,False,Germany,,,
1128,12,Data Analyst,Data Analyst (Finance),"Dnipro, Ukraine",via Work.ua,Contractor,False,Ukraine,2026-09-19 16:04:05,False,False,Ukraine,,,
1129,51,Business Analyst,BI Analyst,Anywhere,via NoFluffJobs,Full-time,True,Poland,2026-08-25 03:24:14,False,False,Poland,,,
1130,83,Data Analyst,Product Data Analyst,"Frankfurt, Germany",via Pracuj.pl,Full-time,False,Germany,2026-09-17 10:32:14,True,True,Germany,,,
1131,53,Data Engineer,Junior Data Engineer,"Wroclaw, Poland",via NoFluffJobs,Full-time,False,Poland,2026-09-12 08:04:53,False,False,Poland,,,
1132,102,Data Scientist,Data Scientist,"Hamburg, Germany",via LinkedIn,Full-time,False,Germany,2026-09-18 12:14:36,False,True,Germany,year,56782.0,
1133,101,Senior Data Engineer,Senior Data Engineer,"Dusseldorf, Germany",via Pracuj.pl,Full-time,False,Germany,2026-09-21 17:29:08,False,False,Germany,year,104558.0,
1134,53,Machine Learning Engineer,Machine Learning Engineer,"Gdansk, Poland",via Glassdoor,Full-time,False,Poland,2026-09-14 22:08:07,False,True,Poland,,,
1135,65,Data Analyst,Junior Data Analyst,"Lodz, Poland",via LinkedIn,Full-time,False,Poland,2026-09-18 03:41:50,True,True,Poland,,,
1136,73,Data Engineer,Data Engineer,"Krakow, Poland",via StepStone,Contractor,False,Poland,2026-08-19 10:26:17,True,False,Poland,,,
1137,68,Data Scientist,Data Scientist,"Warsaw, Poland",via NoFluffJobs,Contractor,False,Poland,2026-09-04 19:17:11,False,False,Poland,year,24792.0,
1138,127,Data Engineer,Data Engineer,"Hamburg, Germany",via Pracuj.pl,Full-time,False,Germany,2026-09-01 20:40:54,True,True,Germany,,,
1139,80,Data Scientist,Data Scientist,"Cologne, Germany",via StepStone,Full-time,False,Germany,2026-09-08 19:08:35,True,True,Germany,,,
1140,82,Data Analyst,Data Analyst (Marketing),"Dusseldorf, Germany",via Work.ua,Full-time,False,Germany,2026-09-22 03:53:55,False,True,Germany,,,
1141,49,Senior Data Scientist,Senior Data Scientist,"Lodz, Poland",via StepStone,Contractor,False,Poland,2026-09-11 14:37:34,False,True,Poland,year,48067.0,
1142,79,Senior Data Analyst,Lead Data Analyst,"Berlin, Germany",via Djinni,Part-time,False,Germany,2026-09-16 13:01:43,True,False,Germany,,,
1143,120,Business Analyst,Business Intelligence Analyst,"Kyiv, Ukraine",via Pracuj.pl,Full-time,False,Ukraine,2026-08-16 20:21:50,False,False,Ukraine,,,
1144,117,Data Scientist,Junior Data Scientist,"Krakow, Poland",via LinkedIn,Full-time,False,Poland,2026-09-05 01:55:43,False,False,Poland,,,
1145,65,Senior Data Engineer,Lead Data Engineer,"Warsaw, Poland",via Work.ua,Full-time,False,Poland,2026-09-16 11:14:01,False,True,Poland,,,
1146,94,Senior Data Scientist,Senior Data Scientist,Anywhere,via NoFluffJobs,Part-time,True,Germany,2026-09-08 15:03:57,True,True,Germany,year,103361.0,
1147,81,Data Analyst,Business Data Analyst,Anywhere,via Rabota.ua,Contractor,True,Germany,2026-08-20 15:45:53,False,True,Germany,,,
1148,36,Data Engineer,Junior Data Engineer,"Ivano-Frankivsk, Ukraine",via Indeed,Contractor,False,Ukraine,2026-09-18 10:44:02,False,False,Ukraine,,,
1149,40,Machine Learning Engineer,Machine Learning Engineer,"Kharkiv, Ukraine",via Work.ua,Contractor,False,Ukraine,2026-09-13 08:56:52,False,False,Ukraine,,,
1150,73,Data Analyst,Data Analyst,"Krakow, Poland",via Glassdoor,Full-time,False,Poland,2026-09-25 06:03:39,False,False,Poland,,,
1151,8,Data Analyst,Data Quality Analyst,"Vinnytsia, Ukraine",via Indeed,Full-time,False,Ukraine,2026-08-30 10:11:58,True,False,Ukraine,,,
1152,121,Data Analyst,Data Analyst,"Munich, Germany",via Work.ua,Full-time,True,Germany,2026-09-21 21:23:52,False,True,Germany,,,
1153,85,Business Analyst,BI Analyst,"Cologne, Germany",via Djinni,Full-time,False,Germany,2026-09-03 15:28:27,False,False,Germany,,,
1154,68,Business Analyst,Junior Business Analyst,"Warsaw, Poland",via Robota.ua,Full-time,False,Poland,2026-09-09 10:38:37,False,False,Poland,,,
1155,17,Business Analyst,Business Intelligence Analyst,"Kyiv, Ukraine",via Glassdoor,Internship,False,Ukraine,2026-08-30 19:34:27,True,True,Ukraine,,,
1156,65,Data Analyst,Data Analyst (Finance),"Krakow, Poland",via StepStone,Full-time,False,Poland,2026-08-25 08:29:19,False,False,Poland,year,27237.0,
1157,110,Senior Data Engineer,Lead Data Engineer,"Hamburg, Germany",via Djinni,Part-time,False,Germany,2026-09-10 13:19:59,False,False,Germany,,,
1158,126,Senior Data Analyst,Lead Data Analyst,"Kharkiv, Ukraine",via Glassdoor,Part-time,False,Ukraine,2026-09-22 10:21:56,False,False,Ukraine,,,
1159,80,Data Scientist,Data Scientist,"Dusseldorf, Germany",via Xing,Full-time,False,Germany,2026-08-28 17:13:54,True,True,Germany,,,
1160,92,Data Scientist,Junior Data Scientist,"Hamburg, Germany",via Xing,Full-time,False,Germany,2026-09-03 05:06:44,False,True,Germany,,,
1161,118,Data Engineer,Data Engineer,"Odesa, Ukraine",via NoFluffJobs,Internship,False,Ukraine,2026-09-06 11:12:54,True,True,Ukraine,year,18278.0,
1162,99,Data Engineer,ETL Developer,"Stuttgart, Germany",via Indeed,Full-time,False,Germany,2026-09-03 10:56:19,True,False,Germany,,,
1163,63,Data Analyst,Data Analyst,"Lodz, Poland",via Indeed,Internship,False,Poland,2026-09-23 02:01:03,False,False,Poland,,,
1164,107,Senior Data Scientist,Senior Data Scientist,"Munich, Germany",via Glassdoor,Full-time,False,Germany,2026-09-24 12:10:41,False,False,Germany,,,
1165,14,Data Analyst,Data Quality Analyst,"Vinnytsia, Ukraine",via Robota.ua,Part-time,False,Ukraine,2026-09-24 14:03:45,True,True,Ukraine,year,23745.0,
1166,20,Senior Data Scientist,Senior Data Scientist,"Vinnytsia, Ukraine",via NoFluffJobs,Full-time,True,Ukraine,2026-08-17 10:43:32,False,False,Ukraine,year,43806.0,
1167,31,Business Analyst,BI Analyst,"Vinnytsia, Ukraine",via Xing,Full-time,True,Ukraine,2026-08-31 02:40:32,False,False,Ukraine,,,
1168,122,Data Analyst,Data Analyst (Finance),Anywhere,via StepStone,Part-time,True,Ukraine,2026-09-16 14:46:56,False,True,Ukraine,,,
1169,87,Data Scientist,Data Scientist,"Munich, Germany",via Work.ua,Part-time,False,Germany,2026-09-08 00:59:17,False,False,Germany,,,
1170,95,Data Engineer,BI Developer,"Frankfurt, Germany",via Xing,Full-time,False,Germany,2026-09-03 02:37:45,False,True,Germany,,,
1171,29,Data Engineer,Junior Data Engineer,"Ivano-Frankivsk, Ukraine",via StepStone,Full-time,False,Ukraine,2026-09-16 16:25:52,False,False,Ukraine,,,
1172,117,Data Engineer,Data Engineer,"Krakow, Poland",via Robota.ua,Full-time,False,Poland,2026-09-07 06:02:27,False,False,Poland,,,
1173,98,Data Engineer,BI Developer,"Stuttgart, Germany",via Glassdoor,Full-time,False,Germany,2026-08-24 02:14:22,False,True,Germany,,,
1174,52,Machine Learning Engineer,Machine Learning Engineer,"Poznan, Poland",via Indeed,Internship,False,Poland,2026-08-25 13:28:20,False,False,Poland,,,
1175,76,Data Engineer,Analytics Engineer,"Lodz, Poland",via LinkedIn,Full-time,False,Poland,2026-09-20 06:22:47,False,True,Poland,,,
1176,117,Business Analyst,BI Analyst,"Warsaw, Poland",via StepStone,Full-time,False,Poland,2026-09-11 20:44:03,False,False,Poland,,,
1177,66,Senior Data Analyst,Senior Data Analyst,"Katowice, Poland",via StepStone,Contractor,False,Poland,2026-09-09 23:31:06,False,True,Poland,,,
1178,98,Senior Data Scientist,Senior Data Scientist,"Frankfurt, Germany",via LinkedIn,Internship,False,Germany,2026-09-05 23:13:25,False,False,Germany,,,
1179,37,Data Engineer,Junior Data Engineer,"Lviv, Ukraine",via NoFluffJobs,Full-time,False,Ukraine,2026-09-25 21:13:35,True,True,Ukraine,,,
1180,22,Business Analyst,Business Analyst,Anywhere,via NoFluffJobs,Full-time,True,Ukraine,2026-09-20 22:36:06,False,True,Ukraine,,,
1181,117,Data Analyst,Product Data Analyst,"Krakow, Poland",via Pracuj.pl,Part-time,False,Poland,2026-09-18 05:33:48,False,True,Poland,,,
1182,80,Data Analyst,Product Data Analyst,"Cologne, Germany",via Work.ua,Internship,False,Germany,2026-09-03 07:49:27,False,False,Germany,year,71776.0,
1183,38,Business Analyst,Junior Business Analyst,"Dnipro, Ukraine",via NoFluffJobs,Full-time,False,Ukraine,2026-09-07 18:29:29,True,True,Ukraine,year,9861.0,
1184,31,Data Analyst,Data Analyst,"Dnipro, Ukraine",via Glassdoor,Full-time,False,Ukraine,2026-08-26 11:23:29,False,True,Ukraine,,,
1185,106,Data Analyst,Data Quality Analyst,"Frankfurt, Germany",via NoFluffJobs,Full-time,False,Germany,2026-09-19 00:53:49,False,False,Germany,,,
1186,31,Data Engineer,Data Engineer,"Odesa, Ukraine",via Work.ua,Full-time,False,Ukraine,2026-09-25 20:19:28,True,True,Ukraine,year,20805.0,
1187,85,Business Analyst,Business Analyst,"Hamburg, Germany",via Pracuj.pl,Full-time,False,Germany,2026-09-09 01:07:29,True,False,Germany,,,
1188,27,Senior Data Engineer,Lead Data Engineer,Anywhere,via Xing,Internship,True,Ukraine,2026-09-01 18:02:31,False,False,Ukraine,year,36993.0,
1189,11,Business Analyst,Junior Business Analyst,"Vinnytsia, Ukraine",via Indeed,Contractor,False,Ukraine,2026-08-30 11:56:43,False,False,Ukraine,,,
1190,78,Data Scientist,Data Scientist,"Hamburg, Germany",via Djinni,Full-time,False,Germany,2026-08-27 01:38:29,False,True,Germany,,,
1191,2,Data Engineer,Power BI Developer,"Kyiv, Ukraine",via Glassdoor,Internship,False,Ukraine,2026-08-29 11:49:40,False,True,Ukraine,,,
1192,58,Senior Data Analyst,Senior Data Analyst,"Krakow, Poland",via Rabota.ua,Full-time,False,Poland,2026-08-27 05:04:16,False,True,Poland,,,
1193,93,Cloud Engineer,Cloud Data Engineer,Anywhere,via Pracuj.pl,Internship,True,Germany,2026-09-24 08:24:58,False,True,Germany,,,
1194,83,Data Analyst,Data Quality Analyst,"Munich, Germany",via Work.ua,Contractor,False,Germany,2026-09-11 16:19:49,True,False,Germany,,,
1195,65,Data Analyst,Business Data Analyst,"Poznan, Poland",via Djinni,Full-time,False,Poland,2026-08-26 14:10:34,True,True,Poland,year,30131.0,
1196,103,Senior Data Analyst,Senior Data Analyst,Anywhere,via Indeed,Full-time,True,Germany,2026-09-22 11:00:30,False,False,Germany,,,
1197,5,Business Analyst,Business Intelligence Analyst,"Lviv, Ukraine",via Xing,Full-time,False,Ukraine,2026-08-17 07:56:52,False,True,Ukraine,,,
1198,95,Data Engineer,Power BI Developer,"Hamburg, Germany",via LinkedIn,Contractor,False,Germany,2026-08-31 18:02:36,False,False,Germany,,,
1199,39,Business Analyst,Business Intelligence Analyst,"Lviv, Ukraine",via StepStone,Full-time,True,Ukraine,2026-09-21 12:29:00,False,True,Ukraine,,,
1200,22,Data Analyst,Data Analyst,"Ivano-Frankivsk, Ukraine",via LinkedIn,Part-time,False,Ukraine,2026-09-16 14:23:50,True,True,Ukraine,,,
1201,90,Data Analyst,Data Quality Analyst,"Munich, Germany",via NoFluffJobs,Contractor,True,Germany,2026-08-30 10:54:05,False,True,Germany,,,
1202,52,Data Analyst,Data Analyst (Finance),"Gdansk, Poland",via Xing,Full-time,True,Poland,2026-09-07 16:40:37,False,False,Poland,year,25529.0,
1203,127,Data Analyst,Data Analyst (Marketing),Anywhere,via LinkedIn,Part-time,True,Germany,2026-09-03 02:08:16,False,False,Germany,year,54144.0,
1204,77,Business Analyst,BI Analyst,"Warsaw, Poland",via Pracuj.pl,Full-time,True,Poland,2026-09-03 10:41:53,False,False,Poland,,,
1205,48,Senior Data Engineer,Lead Data Engineer,"Katowice, Poland",via Glassdoor,Full-time,False,Poland,2026-09-05 03:49:00,True,True,Poland,,,
1206,54,Data Engineer,BI Developer,"Katowice, Poland",via Pracuj.pl,Contractor,False,Poland,2026-09-10 03:06:06,True,False,Poland,,,
1207,117,Senior Data Analyst,Senior Data Analyst,"Poznan, Poland",via Pracuj.pl,Internship,False,Poland,2026-08-16 06:37:00,False,True,Poland,,,
1208,44,Data Analyst,Data Analyst (Finance),"Kharkiv, Ukraine",via StepStone,Contractor,False,Ukraine,2026-08-17 19:49:55,False,True,Ukraine,,,
1209,19,Data Analyst,Data Quality Analyst,"Lviv, Ukraine",via Glassdoor,Full-time,True,Ukraine,2026-09-06 03:08:35,False,True,Ukraine,,,
1210,38,Senior Data Engineer,Senior Data Engineer,"Odesa, Ukraine",via Indeed,Full-time,False,Ukraine,2026-09-09 22:56:01,False,False,Ukraine,,,
1211,8,Data Analyst,Product Data Analyst,"Kyiv, Ukraine",via Indeed,Full-time,True,Ukraine,2026-08-31 16:56:52,False,True,Ukraine,,,
1212,16,Business Analyst,Business Analyst,"Vinnytsia, Ukraine",via Glassdoor,Contractor,False,Ukraine,2026-09-03 04:23:21,False,False,Ukraine,,,
1213,86,Senior Data Scientist,Senior Data Scientist,"Munich, Germany",via NoFluffJobs,Part-time,False,Germany,2026-09-09 13:59:13,False,False,Germany,,,
1214,44,Data Analyst,Data Quality Analyst,"Lviv, Ukraine",via Rabota.ua,Part-time,False,Ukraine,2026-09-09 09:19:07,False,True,Ukraine,,,
1215,126,Data Analyst,Data Analyst,"Kharkiv, Ukraine",via Rabota.ua,Full-time,False,Ukraine,2026-08-20 23:56:31,False,True,Ukraine,,,
1216,77,Senior Data Analyst,Lead Data Analyst,"Katowice, Poland",via LinkedIn,Full-time,False,Poland,2026-09-06 05:25:43,False,True,Poland,,,
1217,25,Data Analyst,Data Analyst (Finance),"Vinnytsia, Ukraine",via Glassdoor,Full-time,False,Ukraine,2026-08-30 22:35:13,False,False,Ukraine,year,16588.0,
1218,86,Data Analyst,Product Data Analyst,"Stuttgart, Germany",via Djinni,Part-time,False,Germany,2026-09-24 14:00:06,False,False,Germany,,,
1219,64,Business Analyst,Business Intelligence Analyst,"Wroclaw, Poland",via Robota.ua,Part-time,False,Poland,2026-09-12 00:53:17,False,False,Poland,,,
1220,19,Data Analyst,Data Analyst (Finance),"Kharkiv, Ukraine",via Glassdoor,Full-time,False,Ukraine,2026-09-13 09:44:54,True,False,Ukraine,,,
1221,104,Data Engineer,Junior Data Engineer,"Cologne, Germany",via Glassdoor,Internship,False,Germany,2026-09-12 07:48:59,False,False,Germany,,,
1222,57,Data Analyst,Data Quality Analyst,"Lodz, Poland",via Djinni,Full-time,False,Poland,2026-09-09 22:54:19,True,False,Poland,,,
1223,74,Data Engineer,Junior Data Engineer,"Poznan, Poland",via Indeed,Full-time,False,Poland,2026-09-24 00:46:03,False,True,Poland,year,19291.0,
1224,66,Senior Data Analyst,Senior Data Analyst,"Warsaw, Poland",via Djinni,Internship,False,Poland,2026-09-01 20:03:58,True,True,Poland,,,
1225,48,Business Analyst,Business Analyst,"Warsaw, Poland",via StepStone,Full-time,False,Poland,2026-08-23 19:51:14,True,True,Poland,,,
1226,103,Senior Data Engineer,Senior Data Engineer,"Stuttgart, Germany",via Xing,Full-time,False,Germany,2026-08-25 05:27:49,False,False,Germany,,,
1227,115,Data Analyst,Data Analyst (Marketing),"Ivano-Frankivsk, Ukraine",via Rabota.ua,Full-time,True,Ukraine,2026-09-03 04:28:32,False,False,Ukraine,,,
1228,32,Data Engineer,Analytics Engineer,"Vinnytsia, Ukraine",via Pracuj.pl,Part-time,False,Ukraine,2026-08-29 19:12:19,False,False,Ukraine,,,
1229,2,Data Analyst,Data Quality Analyst,"Lviv, Ukraine",via Work.ua,Full-time,False,Ukraine,2026-09-14 07:17:21,True,False,Ukraine,,,
1230,113,Data Engineer,BI Developer,"Stuttgart, Germany",via Glassdoor,Full-time,True,Germany,2026-08-18 07:14:22,True,False,Germany,,,
1231,98,Data Engineer,Power BI Developer,"Berlin, Germany",via Robota.ua,Internship,False,Germany,2026-09-03 10:25:19,True,False,Germany,year,70699.0,
1232,24,Senior Data Scientist,Senior Data Scientist,"Odesa, Ukraine",via Pracuj.pl,Part-time,False,Ukraine,2026-08-31 02:39:45,False,True,Ukraine,,,
1233,74,Data Scientist,Junior Data Scientist,"Krakow, Poland",via Robota.ua,Full-time,False,Poland,2026-09-18 21:23:57,False,True,Poland,,,
1234,79,Data Engineer,Analytics Engineer,Anywhere,via Glassdoor,Full-time,True,Germany,2026-09-03 06:43:13,False,True,Germany,,,
1235,129,Business Analyst,Business Analyst,"Odesa, Ukraine",via Indeed,Internship,True,Ukraine,2026-08-22 12:15:35,False,True,Ukraine,,,
1236,69,Software Engineer,Data Software Engineer,"Lodz, Poland",via Indeed,Part-time,False,Poland,2026-09-18 05:24:30,True,True,Poland,,,
1237,26,Data Analyst,Data Analyst (Finance),"Odesa, Ukraine",via LinkedIn,Part-time,False,Ukraine,2026-08-29 01:49:25,False,False,Ukraine,,,
1238,3,Senior Data Analyst,Senior Data Analyst,"Dnipro, Ukraine",via Pracuj.pl,Part-time,False,Ukraine,2026-08-17 13:24:33,False,True,Ukraine,,,
1239,116,Software Engineer,Data Software Engineer,"Munich, Germany",via Rabota.ua,Internship,False,Germany,2026-09-12 06:37:59,True,False,Germany,year,64173.0,
1240,41,Data Scientist,Data Scientist,"Vinnytsia, Ukraine",via Glassdoor,Internship,False,Ukraine,2026-08-24 00:54:06,True,False,Ukraine,year,20499.0,
1241,121,Data Engineer,BI Developer,"Hamburg, Germany",via Glassdoor,Contractor,False,Germany,2026-09-24 14:15:33,False,True,Germany,,,
1242,126,Data Analyst,Business Data Analyst,"Kharkiv, Ukraine",via Xing,Full-time,False,Ukraine,2026-08-16 15:44:45,True,True,Ukraine,,,
1243,79,Data Analyst,Data Analyst (Finance),"Dusseldorf, Germany",via NoFluffJobs,Full-time,True,Germany,2026-09-12 10:40:25,True,True,Germany,year,54982.0,
1244,59,Business Analyst,Business Analyst,"Poznan, Poland",via StepStone,Internship,True,Poland,2026-08-25 16:56:58,True,True,Poland,,,
1245,15,Senior Data Engineer,Lead Data Engineer,"Lviv, Ukraine",via Glassdoor,Contractor,False,Ukraine,2026-09-23 10:53:35,False,False,Ukraine,,,
1246,104,Business Analyst,Business Intelligence Analyst,"Stuttgart, Germany",via Djinni,Full-time,True,Germany,2026-09-18 01:44:09,False,True,Germany,,,
1247,68,Data Analyst,Business Data Analyst,Anywhere,via Djinni,Part-time,True,Poland,2026-09-20 23:07:53,True,False,Poland,,,
1248,49,Data Analyst,Data Analyst,"Gdansk, Poland",via Pracuj.pl,Full-time,False,Poland,2026-08-27 02:33:06,True,False,Poland,,,
1249,7,Business Analyst,Business Analyst,"Dnipro, Ukraine",via LinkedIn,Part-time,False,Ukraine,2026-09-07 13:00:36,False,False,Ukraine,,,
1250,61,Data Analyst,Data Analyst,"Poznan, Poland",via NoFluffJobs,Contractor,False,Poland,2026-09-01 10:30:08,False,True,Poland,,,
1251,43,Data Analyst,Data Analyst (Finance),Anywhere,via LinkedIn,Part-time,True,Ukraine,2026-08-29 07:38:06,False,True,Ukraine,,,
1252,18,Data Scientist,Data Scientist,"Odesa, Ukraine",via Glassdoor,Full-time,True,Ukraine,2026-08-29 02:44:41,False,True,Ukraine,,,
1253,5,Data Analyst,Business Data Analyst,"Kyiv, Ukraine",via Glassdoor,Full-time,True,Ukraine,2026-09-17 12:29:38,True,False,Ukraine,,,
1254,102,Data Analyst,Data Analyst,Anywhere,via Glassdoor,Full-time,True,Germany,2026-08-19 14:31:48,False,False,Germany,,,
1255,11,Data Scientist,Data Scientist,"Dnipro, Ukraine",via Robota.ua,Full-time,False,Ukraine,2026-09-01 09:18:05,False,False,Ukraine,,,
1256,130,Data Scientist,Data Scientist,"Vinnytsia, Ukraine",via LinkedIn,Full-time,False,Ukraine,2026-09-03 19:44:51,False,True,Ukraine,,,
1257,63,Software Engineer,Data Software Engineer,"Poznan, Poland",via Robota.ua,Full-time,False,Poland,2026-09-16 15:45:46,True,False,Poland,,,
1258,1,Data Analyst,Data Analyst,"Odesa, Ukraine",via Work.ua,Full-time,False,Ukraine,2026-09-14 19:24:28,False,True,Ukraine,,,
1259,112,Data Analyst,Product Data Analyst,"Munich, Germany",via NoFluffJobs,Full-time,False,Germany,2026-09-09 22:51:37,False,True,Germany,,,
1260,100,Senior Data Analyst,Senior Data Analyst,"Hamburg, Germany",via Work.ua,Full-time,False,Germany,2026-08-23 15:44:53,False,False,Germany,,,
1261,38,Data Analyst,Product Data Analyst,"Lviv, Ukraine",via Djinni,Internship,False,Ukraine,2026-08-18 02:52:20,False,True,Ukraine,,,
1262,127,Business Analyst,Business Intelligence Analyst,"Dusseldorf, Germany",via Xing,Full-time,False,Germany,2026-09-19 12:30:08,True,False,Germany,year,58065.0,
1263,65,Data Engineer,Analytics Engineer,"Katowice, Poland",via Indeed,Full-time,False,Poland,2026-09-22 04:08:04,False,False,Poland,year,24235.0,
1264,31,Senior Data Engineer,Lead Data Engineer,"Odesa, Ukraine",via Work.ua,Full-time,False,Ukraine,2026-09-24 19:37:04,False,False,Ukraine,,,
1265,8,Data Analyst,Data Analyst (Finance),"Kharkiv, Ukraine",via Rabota.ua,Contractor,False,Ukraine,2026-09-13 03:11:24,False,True,Ukraine,,,
1266,125,Data Analyst,Data Analyst (Finance),"Cologne, Germany",via Work.ua,Internship,False,Germany,2026-09-24 13:49:45,False,True,Germany,year,74356.0,
1267,56,Business Analyst,Business Intelligence Analyst,"Katowice, Poland",via Xing,Internship,False,Poland,2026-08-18 20:58:24,False,True,Poland,,,
1268,104,Business Analyst,Business Analyst,"Dusseldorf, Germany",via Indeed,Contractor,True,Germany,2026-08-16 06:09:12,True,True,Germany,,,
1269,2,Data Engineer,ETL Developer,Anywhere,via Xing,Full-time,True,Ukraine,2026-09-06 02:36:41,False,True,Ukraine,,,
1270,46,Senior Data Analyst,Lead Data Analyst,"Lodz, Poland",via Robota.ua,Full-time,True,Poland,2026-09-19 09:46:54,True,True,Poland,,,
1271,87,Business Analyst,Junior Business Analyst,"Frankfurt, Germany",via LinkedIn,Contractor,False,Germany,2026-09-17 16:12:05,True,True,Germany,,,
1272,113,Business Analyst,Junior Business Analyst,Anywhere,via Pracuj.pl,Internship,True,Germany,2026-08-19 13:43:45,True,False,Germany,,,
1273,126,Data Analyst,Data Analyst,"Dnipro, Ukraine",via Pracuj.pl,Internship,False,Ukraine,2026-08-23 04:27:56,True,False,Ukraine,year,21020.0,
1274,22,Data Engineer,Junior Data Engineer,"Dnipro, Ukraine",via Rabota.ua,Full-time,False,Ukraine,2026-08-27 14:21:51,True,True,Ukraine,,,
1275,68,Data Scientist,Junior Data Scientist,"Poznan, Poland",via Work.ua,Full-time,True,Poland,2026-08-31 11:17:58,True,False,Poland,,,
1276,55,Business Analyst,Junior Business Analyst,"Poznan, Poland",via NoFluffJobs,Full-time,True,Poland,2026-09-04 00:41:39,False,True,Poland,,,
1277,122,Data Engineer,BI Developer,"Kyiv, Ukraine",via StepStone,Full-time,False,Ukraine,2026-09-13 20:28:40,True,True,Ukraine,,,
1278,85,Business Analyst,BI Analyst,"Frankfurt, Germany",via StepStone,Part-time,False,Germany,2026-09-18 05:25:02,True,False,Germany,,,
1279,115,Data Analyst,Data Quality Analyst,"Dnipro, Ukraine",via Robota.ua,Full-time,False,Ukraine,2026-09-22 07:23:44,True,False,Ukraine,,,
1280,19,Business Analyst,Business Analyst,"Lviv, Ukraine",via Glassdoor,Part-time,False,Ukraine,2026-09-19 07:01:45,True,True,Ukraine,,,
1281,79,Machine Learning Engineer,Machine Learning Engineer,"Berlin, Germany",via Djinni,Full-time,False,Germany,2026-08-25 05:07:49,True,True,Germany,,,
1282,57,Data Analyst,Data Analyst,"Krakow, Poland",via Xing,Part-time,False,Poland,2026-09-24 15:36:56,False,False,Poland,,,
1283,35,Senior Data Engineer,Lead Data Engineer,"Kharkiv, Ukraine",via Rabota.ua,Part-time,False,Ukraine,2026-09-23 16:25:32,False,False,Ukraine,,,
1284,90,Senior Data Engineer,Lead Data Engineer,Anywhere,via Rabota.ua,Internship,True,Germany,2026-08-31 09:17:07,False,True,Germany,,,
1285,30,Senior Data Scientist,Senior Data Scientist,"Odesa, Ukraine",via Rabota.ua,Part-time,False,Ukraine,2026-08-28 19:33:21,False,False,Ukraine,,,
1286,12,Data Engineer,BI Developer,"Lviv, Ukraine",via StepStone,Full-time,False,Ukraine,2026-08-28 09:43:02,False,False,Ukraine,year,27953.0,
1287,75,Business Analyst,Junior Business Analyst,"Lodz, Poland",via Robota.ua,Full-time,False,Poland,2026-08-27 22:45:32,True,True,Poland,,,
1288,110,Data Analyst,Junior Data Analyst,"Dusseldorf, Germany",via Robota.ua,Contractor,False,Germany,2026-08-30 10:44:42,False,False,Germany,,,
1289,29,Data Scientist,Data Scientist,"Vinnytsia, Ukraine",via NoFluffJobs,Internship,False,Ukraine,2026-09-12 01:58:09,True,True,Ukraine,,,
1290,102,Business Analyst,Junior Business Analyst,"Munich, Germany",via Robota.ua,Contractor,False,Germany,2026-08-15 13:20:01,False,True,Germany,,,
1291,37,Senior Data Analyst,Lead Data Analyst,"Ivano-Frankivsk, Ukraine",via NoFluffJobs,Full-time,False,Ukraine,2026-08-15 08:23:23,True,False,Ukraine,,,
1292,96,Senior Data Scientist,Senior Data Scientist,"Hamburg, Germany",via Glassdoor,Contractor,False,Germany,2026-08-27 18:46:38,True,False,Germany,,,
1293,19,Senior Data Analyst,Lead Data Analyst,"Kyiv, Ukraine",via Glassdoor,Part-time,False,Ukraine,2026-08-17 13:41:58,False,False,Ukraine,year,33793.0,
1294,0,Data Scientist,Data Scientist,"Ivano-Frankivsk, Ukraine",via Djinni,Part-time,True,Ukraine,2026-09-25 06:43:15,False,False,Ukraine,,,
1295,112,Data Scientist,Data Scientist,Anywhere,via Glassdoor,Internship,True,Germany,2026-09-01 05:29:49,True,True,Germany,,,
1296,117,Senior Data Analyst,Senior Data Analyst,"Poznan, Poland",via Indeed,Full-time,False,Poland,2026-09-16 18:20:08,False,True,Poland,,,
1297,132,Senior Data Scientist,Senior Data Scientist,"Kharkiv, Ukraine",via Work.ua,Contractor,False,Ukraine,2026-09-19 14:44:16,False,False,Ukraine,,,
1298,129,Business Analyst,BI Analyst,"Kharkiv, Ukraine",via Robota.ua,Contractor,False,Ukraine,2026-09-17 01:50:38,True,False,Ukraine,year,24635.0,
1299,11,Data Analyst,Data Analyst (Marketing),"Ivano-Frankivsk, Ukraine",via LinkedIn,Full-time,False,Ukraine,2026-08-19 22:53:41,False,True,Ukraine,,,
1300,31,Data Analyst,Product Data Analyst,"Vinnytsia, Ukraine",via NoFluffJobs,Internship,False,Ukraine,2026-09-01 02:53:25,False,True,Ukraine,,,
1301,33,Business Analyst,Business Analyst,"Vinnytsia, Ukraine",via Glassdoor,Contractor,True,Ukraine,2026-09-25 03:46:03,False,True,Ukraine,,,
1302,38,Data Analyst,Data Analyst,"Lviv, Ukraine",via Xing,Full-time,True,Ukraine,2026-08-18 21:30:03,False,False,Ukraine,,,
1303,41,Data Engineer,Power BI Developer,"Odesa, Ukraine",via Xing,Full-time,False,Ukraine,2026-08-17 02:00:43,True,False,Ukraine,,,
1304,43,Senior Data Engineer,Lead Data Engineer,"Kharkiv, Ukraine",via Indeed,Internship,False,Ukraine,2026-09-23 23:16:42,False,True,Ukraine,year,32832.0,
1305,5,Senior Data Engineer,Lead Data Engineer,"Ivano-Frankivsk, Ukraine",via Rabota.ua,Contractor,False,Ukraine,2026-08-15 16:20:21,False,True,Ukraine,,,
1306,107,Senior Data Analyst,Lead Data Analyst,"Berlin, Germany",via Glassdoor,Full-time,False,Germany,2026-08-31 10:01:36,False,False,Germany,year,82753.0,
1307,59,Senior Data Analyst,Senior Data Analyst,"Poznan, Poland",via Indeed,Part-time,False,Poland,2026-09-23 17:42:46,True,True,Poland,year,43341.0,
1308,2,Data Engineer,Power BI Developer,"Kyiv, Ukraine",via LinkedIn,Full-time,False,Ukraine,2026-08-24 21:54:26,True,True,Ukraine,,,
1309,103,Senior Data Scientist,Senior Data Scientist,"Frankfurt, Germany",via Pracuj.pl,Contractor,False,Germany,2026-08-31 19:46:34,True,True,Germany,hour,,45.8
1310,126,Data Analyst,Data Analyst,Anywhere,via Robota.ua,Contractor,True,Ukraine,2026-09-05 17:03:51,True,False,Ukraine,,,
1311,54,Data Engineer,BI Developer,Anywhere,via Glassdoor,Full-time,True,Poland,2026-09-02 08:21:32,True,False,Poland,,,
1312,12,Software Engineer,Data Software Engineer,"Vinnytsia, Ukraine",via Indeed,Full-time,False,Ukraine,2026-09-13 10:42:04,False,False,Ukraine,,,
1313,33,Data Analyst,Junior Data Analyst,"Odesa, Ukraine",via LinkedIn,Contractor,False,Ukraine,2026-08-16 21:26:21,False,False,Ukraine,,,
1314,38,Data Analyst,Data Analyst (Marketing),"Kharkiv, Ukraine",via Rabota.ua,Internship,False,Ukraine,2026-09-15 02:34:26,False,True,Ukraine,,,
1315,116,Business Analyst,Business Analyst,Anywhere,via StepStone,Full-time,True,Germany,2026-09-19 15:34:48,False,False,Germany,,,
1316,46,Senior Data Analyst,Lead Data Analyst,"Krakow, Poland",via LinkedIn,Full-time,False,Poland,2026-09-24 17:43:33,True,True,Poland,,,
1317,96,Data Analyst,Data Analyst (Finance),"Frankfurt, Germany",via StepStone,Full-time,False,Germany,2026-09-12 01:21:09,True,True,Germany,year,67514.0,
1318,74,Data Analyst,Data Analyst (Marketing),"Lodz, Poland",via Pracuj.pl,Full-time,False,Poland,2026-09-12 23:30:34,False,True,Poland,,,
1319,103,Business Analyst,Junior Business Analyst,"Cologne, Germany",via Djinni,Internship,False,Germany,2026-08-15 13:11:42,False,False,Germany,,,
1320,56,Data Engineer,Data Engineer,"Warsaw, Poland",via Work.ua,Full-time,False,Poland,2026-09-17 11:45:37,False,True,Poland,year,29397.0,
1321,47,Senior Data Scientist,Senior Data Scientist,Anywhere,via Glassdoor,Internship,True,Poland,2026-08-17 09:06:06,False,False,Poland,,,
1322,90,Machine Learning Engineer,Machine Learning Engineer,"Cologne, Germany",via Indeed,Contractor,False,Germany,2026-08-29 06:11:45,True,False,Germany,,,
1323,34,Machine Learning Engineer,Machine Learning Engineer,"Dnipro, Ukraine",via Indeed,Full-time,True,Ukraine,2026-09-24 17:38:20,True,True,Ukraine,,,
1324,110,Data Analyst,Data Analyst (Marketing),"Berlin, Germany",via StepStone,Full-time,False,Germany,2026-08-17 17:43:01,False,True,Germany,year,62512.0,
1325,117,Business Analyst,BI Analyst,"Krakow, Poland",via Indeed,Full-time,False,Poland,2026-09-22 13:42:39,False,False,Poland,,,
1326,40,Data Engineer,Analytics Engineer,"Kharkiv, Ukraine",via Rabota.ua,Full-time,False,Ukraine,2026-09-12 03:19:32,False,False,Ukraine,,,
1327,107,Data Analyst,Data Quality Analyst,"Munich, Germany",via NoFluffJobs,Full-time,False,Germany,2026-08-19 19:40:45,True,True,Germany,,,
1328,0,Data Engineer,BI Developer,"Dnipro, Ukraine",via LinkedIn,Part-time,False,Ukraine,2026-09-19 04:19:03,True,False,Ukraine,,,
1329,52,Data Scientist,Data Scientist,"Katowice, Poland",via Rabota.ua,Full-time,False,Poland,2026-09-06 15:36:20,False,True,Poland,year,36801.0,
1330,52,Machine Learning Engineer,Machine Learning Engineer,"Gdansk, Poland",via Work.ua,Full-time,False,Poland,2026-09-16 22:23:30,True,True,Poland,,,
1331,52,Data Scientist,Data Scientist,"Krakow, Poland",via LinkedIn,Full-time,False,Poland,2026-09-02 18:54:19,False,True,Poland,,,
1332,127,Data Analyst,Data Analyst (Finance),"Hamburg, Germany",via Robota.ua,Full-time,True,Germany,2026-09-11 20:25:31,True,True,Germany,,,
1333,111,Data Analyst,Business Data Analyst,"Berlin, Germany",via Work.ua,Full-time,True,Germany,2026-08-16 07:17:51,True,True,Germany,year,63341.0,
1334,81,Data Analyst,Data Quality Analyst,"Dusseldorf, Germany",via Work.ua,Full-time,False,Germany,2026-09-09 00:53:12,False,False,Germany,,,
1335,30,Machine Learning Engineer,Machine Learning Engineer,"Odesa, Ukraine",via Indeed,Contractor,True,Ukraine,2026-08-16 00:22:38,False,True,Ukraine,,,
1336,57,Data Scientist,Data Scientist,"Poznan, Poland",via StepStone,Contractor,False,Poland,2026-08-27 07:11:13,True,False,Poland,,,
1337,65,Business Analyst,Business Analyst,Anywhere,via Robota.ua,Full-time,True,Poland,2026-09-17 10:58:34,False,True,Poland,,,
1338,48,Senior Data Engineer,Senior Data Engineer,"Poznan, Poland",via Robota.ua,Full-time,False,Poland,2026-09-11 15:34:35,False,False,Poland,,,
1339,48,Data Scientist,Junior Data Scientist,"Lodz, Poland",via Pracuj.pl,Full-time,False,Poland,2026-09-09 07:31:49,True,True,Poland,year,17116.0,
1340,109,Business Analyst,Business Intelligence Analyst,"Hamburg, Germany",via Djinni,Full-time,False,Germany,2026-09-10 17:24:07,True,True,Germany,year,56560.0,
1341,8,Data Analyst,Product Data Analyst,"Dnipro, Ukraine",via NoFluffJobs,Full-time,False,Ukraine,2026-08-26 23:25:32,False,True,Ukraine,,,
1342,106,Data Analyst,Business Data Analyst,"Stuttgart, Germany",via Indeed,Full-time,False,Germany,2026-08-15 07:00:54,True,False,Germany,,,
1343,128,Senior Data Engineer,Lead Data Engineer,"Poznan, Poland",via Djinni,Internship,False,Poland,2026-09-12 23:55:51,True,False,Poland,year,46088.0,
1344,23,Business Analyst,Business Analyst,"Odesa, Ukraine",via Pracuj.pl,Full-time,False,Ukraine,2026-08-30 08:52:33,False,False,Ukraine,year,24946.0,
1345,29,Data Engineer,BI Developer,"Vinnytsia, Ukraine",via Djinni,Full-time,False,Ukraine,2026-08-26 19:22:16,True,False,Ukraine,,,
1346,55,Business Analyst,Business Analyst,"Krakow, Poland",via Djinni,Internship,False,Poland,2026-09-12 06:17:19,False,False,Poland,,,
1347,14,Data Scientist,Junior Data Scientist,"Dnipro, Ukraine",via StepStone,Part-time,False,Ukraine,2026-09-15 22:05:43,False,False,Ukraine,year,12115.0,
1348,99,Business Analyst,Business Analyst,"Cologne, Germany",via Rabota.ua,Full-time,True,Germany,2026-09-04 22:22:49,True,False,Germany,,,
1349,77,Data Engineer,BI Developer,"Krakow, Poland",via LinkedIn,Full-time,False,Poland,2026-09-10 10:24:17,False,False,Poland,,,
1350,42,Senior Data Scientist,Senior Data Scientist,Anywhere,via Xing,Full-time,True,Ukraine,2026-08-22 13:07:04,True,True,Ukraine,,,
1351,75,Data Analyst,Product Data Analyst,"Katowice, Poland",via Robota.ua,Full-time,False,Poland,2026-09-15 23:42:30,False,False,Poland,,,
1352,88,Data Analyst,Data Quality Analyst,"Berlin, Germany",via Robota.ua,Full-time,False,Germany,2026-09-09 15:36:37,True,True,Germany,,,
1353,80,Business Analyst,BI Analyst,"Cologne, Germany",via Rabota.ua,Part-time,False,Germany,2026-08-23 03:49:45,True,True,Germany,,,
1354,35,Business Analyst,Business Analyst,"Ivano-Frankivsk, Ukraine",via Indeed,Part-time,False,Ukraine,2026-08-29 05:02:31,False,False,Ukraine,,,
1355,27,Data Scientist,Data Scientist,"Ivano-Frankivsk, Ukraine",via Glassdoor,Full-time,False,Ukraine,2026-09-01 10:25:20,False,True,Ukraine,,,
1356,127,Data Analyst,Data Quality Analyst,"Frankfurt, Germany",via LinkedIn,Full-time,False,Germany,2026-09-11 05:25:39,False,True,Germany,year,71439.0,
1357,23,Software Engineer,Data Software Engineer,"Dnipro, Ukraine",via LinkedIn,Internship,False,Ukraine,2026-09-08 07:21:05,False,True,Ukraine,,,
1358,44,Data Engineer,Junior Data Engineer,"Odesa, Ukraine",via Indeed,Full-time,True,Ukraine,2026-08-28 08:08:09,False,True,Ukraine,,,
1359,116,Data Analyst,Junior Data Analyst,"Hamburg, Germany",via LinkedIn,Full-time,False,Germany,2026-09-18 22:37:19,True,True,Germany,,,
1360,129,Data Analyst,Business Data Analyst,"Vinnytsia, Ukraine",via Djinni,Full-time,False,Ukraine,2026-09-07 20:31:57,False,False,Ukraine,,,
1361,68,Business Analyst,BI Analyst,"Poznan, Poland",via NoFluffJobs,Full-time,False,Poland,2026-09-03 23:53:44,True,True,Poland,,,
1362,94,Data Engineer,Analytics Engineer,"Hamburg, Germany",via Xing,Contractor,False,Germany,2026-09-17 16:23:39,True,False,Germany,year,56908.0,
1363,59,Data Scientist,Data Scientist,"Krakow, Poland",via LinkedIn,Full-time,False,Poland,2026-08-25 03:38:32,False,False,Poland,,,
1364,121,Senior Data Analyst,Lead Data Analyst,"Hamburg, Germany",via Glassdoor,Contractor,False,Germany,2026-09-14 02:55:19,False,False,Germany,,,
1365,97,Senior Data Analyst,Senior Data Analyst,"Munich, Germany",via Xing,Contractor,False,Germany,2026-08-30 21:28:18,True,False,Germany,,,
1366,73,Data Analyst,Product Data Analyst,"Poznan, Poland",via Indeed,Internship,False,Poland,2026-09-25 11:12:04,False,False,Poland,year,22857.0,
1367,3,Senior Data Analyst,Lead Data Analyst,"Odesa, Ukraine",via Robota.ua,Full-time,False,Ukraine,2026-09-08 21:50:29,True,False,Ukraine,year,44100.0,
1368,39,Data Analyst,Data Analyst,"Dnipro, Ukraine",via Indeed,Contractor,False,Ukraine,2026-08-16 23:28:13,False,False,Ukraine,,,
1369,80,Data Engineer,ETL Developer,"Munich, Germany",via Indeed,Full-time,False,Germany,2026-09-23 21:01:38,True,True,Germany,,,
1370,78,Business Analyst,Business Analyst,"Stuttgart, Germany",via Xing,Full-time,True,Germany,2026-09-05 12:27:22,False,True,Germany,year,64473.0,
1371,77,Business Analyst,Junior Business Analyst,"Warsaw, Poland",via NoFluffJobs,Full-time,False,Poland,2026-08-24 07:02:32,False,False,Poland,,,
1372,77,Data Engineer,Junior Data Engineer,"Krakow, Poland",via Djinni,Internship,True,Poland,2026-09-06 12:02:52,True,False,Poland,year,17913.0,
1373,39,Data Engineer,Data Engineer,"Ivano-Frankivsk, Ukraine",via Robota.ua,Full-time,True,Ukraine,2026-09-05 01:48:15,False,False,Ukraine,,,
1374,69,Data Analyst,Data Quality Analyst,"Poznan, Poland",via StepStone,Part-time,True,Poland,2026-08-29 06:13:23,True,False,Poland,,,
1375,22,Senior Data Engineer,Senior Data Engineer,"Kharkiv, Ukraine",via Glassdoor,Full-time,False,Ukraine,2026-09-17 00:06:56,False,True,Ukraine,,,
1376,7,Data Analyst,Data Analyst (Marketing),"Vinnytsia, Ukraine",via NoFluffJobs,Full-time,True,Ukraine,2026-08-22 18:06:42,False,False,Ukraine,year,27144.0,
1377,94,Data Engineer,Junior Data Engineer,"Frankfurt, Germany",via StepStone,Internship,False,Germany,2026-09-07 00:31:58,False,True,Germany,,,
1378,49,Business Analyst,Business Analyst,Anywhere,via Glassdoor,Full-time,True,Poland,2026-09-17 17:22:24,True,True,Poland,,,
1379,12,Senior Data Engineer,Senior Data Engineer,"Kyiv, Ukraine",via LinkedIn,Contractor,False,Ukraine,2026-09-21 11:04:27,True,False,Ukraine,hour,,19.63
1380,66,Data Analyst,Junior Data Analyst,"Katowice, Poland",via StepStone,Contractor,False,Poland,2026-09-21 23:58:08,True,False,Poland,year,20344.0,
1381,113,Data Scientist,Junior Data Scientist,"Munich, Germany",via Indeed,Part-time,False,Germany,2026-08-18 09:22:01,True,True,Germany,year,38685.0,
1382,56,Senior Data Scientist,Senior Data Scientist,"Warsaw, Poland",via StepStone,Full-time,False,Poland,2026-09-01 13:36:20,True,False,Poland,,,
1383,31,Senior Data Analyst,Lead Data Analyst,"Odesa, Ukraine",via Rabota.ua,Part-time,False,Ukraine,2026-09-06 18:41:02,False,True,Ukraine,,,
1384,19,Senior Data Scientist,Senior Data Scientist,"Vinnytsia, Ukraine",via Rabota.ua,Internship,False,Ukraine,2026-09-18 09:29:25,False,False,Ukraine,,,
1385,85,Data Engineer,Data Engineer,"Frankfurt, Germany",via Rabota.ua,Contractor,False,Germany,2026-08-23 19:51:28,False,True,Germany,,,
1386,45,Business Analyst,Business Analyst,"Krakow, Poland",via Indeed,Full-time,False,Poland,2026-09-15 23:31:52,False,True,Poland,year,27823.0,
1387,8,Data Analyst,Data Quality Analyst,"Ivano-Frankivsk, Ukraine",via LinkedIn,Part-time,False,Ukraine,2026-09-04 23:53:33,False,True,Ukraine,,,
1388,14,Data Analyst,Data Quality Analyst,"Lviv, Ukraine",via Djinni,Part-time,True,Ukraine,2026-09-01 11:58:26,True,False,Ukraine,,,
1389,21,Senior Data Scientist,Senior Data Scientist,"Lviv, Ukraine",via Pracuj.pl,Internship,False,Ukraine,2026-09-25 02:17:55,True,False,Ukraine,,,
1390,81,Data Engineer,ETL Developer,"Berlin, Germany",via Djinni,Full-time,False,Germany,2026-09-11 16:09:14,True,False,Germany,,,
1391,24,Software Engineer,Data Software Engineer,"Odesa, Ukraine",via NoFluffJobs,Part-time,False,Ukraine,2026-09-14 14:18:49,False,True,Ukraine,year,18558.0,
1392,17,Business Analyst,Business Intelligence Analyst,"Kyiv, Ukraine",via Pracuj.pl,Full-time,False,Ukraine,2026-09-07 07:35:47,False,False,Ukraine,,,
1393,57,Data Analyst,Product Data Analyst,Anywhere,via Djinni,Internship,True,Poland,2026-08-23 01:40:30,True,True,Poland,,,
1394,88,Data Engineer,Data Engineer,Anywhere,via Pracuj.pl,Internship,True,Germany,2026-08-20 08:50:16,True,False,Germany,year,70521.0,
1395,80,Data Analyst,Data Quality Analyst,"Hamburg, Germany",via Xing,Contractor,False,Germany,2026-08-25 19:27:53,False,True,Germany,hour,,31.52
1396,45,Data Engineer,Power BI Developer,"Krakow, Poland",via Glassdoor,Part-time,False,Poland,2026-09-09 01:45:59,False,True,Poland,,,
1397,41,Data Analyst,Junior Data Analyst,"Vinnytsia, Ukraine",via LinkedIn,Contractor,False,Ukraine,2026-08-15 09:28:13,False,False,Ukraine,,,
1398,74,Data Analyst,Data Analyst (Marketing),"Lodz, Poland",via NoFluffJobs,Contractor,False,Poland,2026-08-15 00:43:28,False,False,Poland,year,35640.0,
1399,107,Senior Data Analyst,Senior Data Analyst,Anywhere,via StepStone,Full-time,True,Germany,2026-09-12 04:27:16,False,True,Germany,year,100515.0,
1400,23,Data Scientist,Junior Data Scientist,"Odesa, Ukraine",via Work.ua,Full-time,True,Ukraine,2026-09-25 08:13:21,False,False,Ukraine,,,
1401,64,Machine Learning Engineer,Machine Learning Engineer,"Krakow, Poland",via Indeed,Internship,True,Poland,2026-08-30 14:35:43,True,False,Poland,year,30946.0,
1402,10,Business Analyst,Business Intelligence Analyst,"Kharkiv, Ukraine",via Work.ua,Contractor,True,Ukraine,2026-09-20 06:58:06,True,False,Ukraine,year,20037.0,
1403,11,Data Analyst,Data Quality Analyst,"Dnipro, Ukraine",via Pracuj.pl,Part-time,True,Ukraine,2026-08-19 18:22:14,False,False,Ukraine,year,22573.0,
1404,51,Data Engineer,Analytics Engineer,"Lodz, Poland",via LinkedIn,Full-time,True,Poland,2026-08-21 02:05:14,False,True,Poland,,,
1405,93,Data Analyst,Data Analyst (Marketing),"Cologne, Germany",via Xing,Full-time,False,Germany,2026-09-03 20:51:42,False,False,Germany,,,
1406,15,Business Analyst,Junior Business Analyst,"Ivano-Frankivsk, Ukraine",via LinkedIn,Part-time,False,Ukraine,2026-09-09 03:02:51,True,True,Ukraine,year,11139.0,
1407,97,Data Analyst,Data Quality Analyst,"Stuttgart, Germany",via Rabota.ua,Contractor,False,Germany,2026-09-23 06:10:49,False,False,Germany,year,59090.0,
1408,44,Business Analyst,BI Analyst,"Lviv, Ukraine",via StepStone,Full-time,True,Ukraine,2026-09-22 15:12:22,False,False,Ukraine,,,
1409,38,Data Analyst,Junior Data Analyst,"Kharkiv, Ukraine",via Glassdoor,Internship,False,Ukraine,2026-09-11 11:38:25,False,False,Ukraine,,,
1410,126,Senior Data Analyst,Senior Data Analyst,"Dnipro, Ukraine",via Pracuj.pl,Full-time,False,Ukraine,2026-09-25 01:45:40,True,True,Ukraine,,,
1411,5,Data Analyst,Junior Data Analyst,"Dnipro, Ukraine",via LinkedIn,Full-time,False,Ukraine,2026-09-12 11:17:35,False,True,Ukraine,,,
1412,15,Data Analyst,Product Data Analyst,"Kyiv, Ukraine",via Pracuj.pl,Full-time,False,Ukraine,2026-09-14 07:29:13,True,False,Ukraine,,,
1413,106,Data Analyst,Data Quality Analyst,"Frankfurt, Germany",via StepStone,Full-time,False,Germany,2026-09-18 14:40:37,False,True,Germany,,,
1414,122,Senior Data Scientist,Senior Data Scientist,Anywhere,via Pracuj.pl,Full-time,True,Ukraine,2026-09-05 19:09:50,True,False,Ukraine,,,
1415,100,Data Analyst,Business Data Analyst,"Cologne, Germany",via Glassdoor,Contractor,False,Germany,2026-09-20 20:30:12,False,False,Germany,,,
1416,116,Data Scientist,Data Scientist,"Stuttgart, Germany",via Rabota.ua,Internship,False,Germany,2026-08-26 13:02:11,False,True,Germany,,,
1417,88,Data Scientist,Data Scientist,"Frankfurt, Germany",via Glassdoor,Full-time,True,Germany,2026-09-07 19:41:37,False,True,Germany,,,
1418,77,Data Scientist,Junior Data Scientist,"Krakow, Poland",via Indeed,Full-time,False,Poland,2026-08-17 15:02:29,False,False,Poland,,,
1419,26,Data Engineer,Data Engineer,"Dnipro, Ukraine",via Xing,Full-time,False,Ukraine,2026-09-14 05:32:03,False,True,Ukraine,,,
1420,98,Data Scientist,Junior Data Scientist,"Hamburg, Germany",via Robota.ua,Internship,True,Germany,2026-08-17 14:40:56,False,True,Germany,,,
1421,33,Senior Data Analyst,Senior Data Analyst,"Kyiv, Ukraine",via Robota.ua,Full-time,False,Ukraine,2026-09-06 12:22:16,False,False,Ukraine,year,38153.0,
1422,130,Data Analyst,Data Quality Analyst,"Vinnytsia, Ukraine",via StepStone,Full-time,False,Ukraine,2026-08-15 00:18:08,True,False,Ukraine,,,
1423,23,Business Analyst,Business Analyst,"Vinnytsia, Ukraine",via Pracuj.pl,Internship,False,Ukraine,2026-09-12 06:58:33,False,False,Ukraine,,,
1424,100,Data Analyst,Data Quality Analyst,"Munich, Germany",via Djinni,Part-time,False,Germany,2026-08-25 15:09:55,False,False,Germany,,,
1425,123,Data Engineer,BI Developer,"Munich, Germany",via NoFluffJobs,Part-time,False,Germany,2026-08-17 07:03:59,False,False,Germany,,,
1426,100,Data Engineer,BI Developer,"Frankfurt, Germany",via Pracuj.pl,Contractor,False,Germany,2026-09-02 01:15:58,True,True,Germany,,,
1427,50,Senior Data Engineer,Senior Data Engineer,"Wroclaw, Poland",via NoFluffJobs,Full-time,False,Poland,2026-09-12 14:40:31,False,True,Poland,,,
1428,26,Data Scientist,Junior Data Scientist,"Dnipro, Ukraine",via Pracuj.pl,Part-time,False,Ukraine,2026-09-10 14:57:16,False,False,Ukraine,year,11985.0,
1429,31,Data Engineer,Data Engineer,"Ivano-Frankivsk, Ukraine",via Robota.ua,Full-time,False,Ukraine,2026-09-15 04:43:30,False,True,Ukraine,year,19396.0,
1430,40,Senior Data Engineer,Lead Data Engineer,"Vinnytsia, Ukraine",via NoFluffJobs,Full-time,False,Ukraine,2026-09-11 05:07:27,False,False,Ukraine,,,
1431,0,Data Analyst,Business Data Analyst,Anywhere,via StepStone,Full-time,True,Ukraine,2026-08-25 02:40:45,False,False,Ukraine,year,22672.0,
1432,59,Cloud Engineer,Cloud Data Engineer,"Warsaw, Poland",via LinkedIn,Full-time,False,Poland,2026-09-07 17:12:38,True,True,Poland,,,
1433,115,Data Analyst,Data Analyst (Finance),"Kyiv, Ukraine",via LinkedIn,Internship,True,Ukraine,2026-08-30 17:35:40,False,True,Ukraine,,,
1434,115,Senior Data Analyst,Lead Data Analyst,"Kharkiv, Ukraine",via StepStone,Full-time,False,Ukraine,2026-09-03 16:44:05,True,True,Ukraine,,,
1435,132,Business Analyst,Junior Business Analyst,"Kharkiv, Ukraine",via Xing,Contractor,False,Ukraine,2026-09-10 07:28:38,False,True,Ukraine,year,12321.0,
1436,68,Data Scientist,Data Scientist,"Katowice, Poland",via NoFluffJobs,Full-time,False,Poland,2026-09-11 12:19:41,True,False,Poland,year,24442.0,
1437,4,Data Scientist,Data Scientist,"Odesa, Ukraine",via Rabota.ua,Internship,False,Ukraine,2026-09-25 04:17:24,False,True,Ukraine,,,
1438,57,Business Analyst,Business Analyst,"Poznan, Poland",via NoFluffJobs,Part-time,False,Poland,2026-09-08 21:51:58,False,False,Poland,,,
1439,60,Senior Data Scientist,Senior Data Scientist,"Lodz, Poland",via Pracuj.pl,Part-time,False,Poland,2026-08-31 06:26:58,True,False,Poland,,,
1440,19,Data Analyst,Product Data Analyst,"Lviv, Ukraine",via Robota.ua,Full-time,False,Ukraine,2026-08-30 10:05:40,False,False,Ukraine,,,
1441,31,Cloud Engineer,Cloud Data Engineer,"Kharkiv, Ukraine",via StepStone,Contractor,False,Ukraine,2026-09-11 13:45:13,True,False,Ukraine,,,
1442,86,Data Engineer,Analytics Engineer,"Berlin, Germany",via Robota.ua,Full-time,True,Germany,2026-09-22 02:33:17,True,False,Germany,,,
1443,53,Data Analyst,Data Analyst (Finance),"Gdansk, Poland",via LinkedIn,Internship,True,Poland,2026-09-14 15:46:57,False,True,Poland,year,28850.0,
1444,76,Data Analyst,Data Analyst (Marketing),"Gdansk, Poland",via Robota.ua,Full-time,False,Poland,2026-09-02 07:05:39,True,True,Poland,,,
1445,79,Data Analyst,Data Analyst,"Dusseldorf, Germany",via Pracuj.pl,Contractor,False,Germany,2026-09-04 10:21:09,False,False,Germany,,,
1446,79,Senior Data Scientist,Senior Data Scientist,Anywhere,via LinkedIn,Contractor,True,Germany,2026-09-21 00:20:29,False,False,Germany,,,
1447,25,Business Analyst,Junior Business Analyst,"Odesa, Ukraine",via NoFluffJobs,Full-time,True,Ukraine,2026-09-17 09:46:37,False,False,Ukraine,,,
1448,14,Data Analyst,Business Data Analyst,"Kharkiv, Ukraine",via Pracuj.pl,Contractor,False,Ukraine,2026-09-17 10:40:59,False,False,Ukraine,,,
1449,23,Senior Data Engineer,Senior Data Engineer,"Kyiv, Ukraine",via Work.ua,Full-time,False,Ukraine,2026-09-09 11:46:15,True,True,Ukraine,,,
1450,23,Data Engineer,Junior Data Engineer,"Lviv, Ukraine",via LinkedIn,Internship,False,Ukraine,2026-09-01 14:03:07,False,True,Ukraine,,,
1451,19,Senior Data Analyst,Lead Data Analyst,"Lviv, Ukraine",via Work.ua,Internship,False,Ukraine,2026-09-20 07:01:48,False,False,Ukraine,,,
1452,128,Data Analyst,Data Analyst (Marketing),"Warsaw, Poland",via Pracuj.pl,Internship,False,Poland,2026-09-03 01:24:22,False,False,Poland,,,
1453,15,Data Scientist,Data Scientist,"Dnipro, Ukraine",via LinkedIn,Contractor,False,Ukraine,2026-09-18 20:20:27,True,False,Ukraine,hour,,13.3
1454,92,Data Analyst,Data Analyst (Marketing),"Berlin, Germany",via LinkedIn,Part-time,False,Germany,2026-08-29 13:53:00,False,True,Germany,,,
1455,55,Business Analyst,Business Intelligence Analyst,Anywhere,via Glassdoor,Contractor,True,Poland,2026-09-15 01:05:17,False,False,Poland,,,
1456,43,Data Analyst,Business Data Analyst,"Vinnytsia, Ukraine",via Xing,Internship,False,Ukraine,2026-08-22 18:52:10,True,True,Ukraine,,,
1457,36,Senior Data Analyst,Senior Data Analyst,Anywhere,via NoFluffJobs,Full-time,True,Ukraine,2026-09-11 14:47:17,False,False,Ukraine,,,
1458,26,Business Analyst,Junior Business Analyst,"Vinnytsia, Ukraine",via Xing,Part-time,False,Ukraine,2026-09-05 20:35:19,True,True,Ukraine,,,
1459,132,Senior Data Analyst,Senior Data Analyst,"Kharkiv, Ukraine",via Glassdoor,Full-time,False,Ukraine,2026-09-20 02:36:26,False,False,Ukraine,year,32063.0,
1460,129,Senior Data Engineer,Lead Data Engineer,"Vinnytsia, Ukraine",via NoFluffJobs,Full-time,False,Ukraine,2026-08-26 13:44:10,True,False,Ukraine,,,
1461,112,Data Analyst,Junior Data Analyst,"Munich, Germany",via Glassdoor,Part-time,False,Germany,2026-09-11 10:57:59,True,True,Germany,,,
1462,126,Business Analyst,Junior Business Analyst,"Lviv, Ukraine",via Rabota.ua,Full-time,False,Ukraine,2026-08-28 09:41:20,True,True,Ukraine,,,
1463,25,Senior Data Analyst,Lead Data Analyst,Anywhere,via Rabota.ua,Full-time,True,Ukraine,2026-09-10 05:56:39,True,True,Ukraine,year,37109.0,
1464,21,Data Analyst,Data Analyst,"Kyiv, Ukraine",via Djinni,Full-time,False,Ukraine,2026-09-03 04:54:31,False,False,Ukraine,,,
1465,50,Business Analyst,BI Analyst,"Krakow, Poland",via Robota.ua,Internship,False,Poland,2026-09-21 07:23:28,False,True,Poland,,,
1466,1,Data Scientist,Junior Data Scientist,"Dnipro, Ukraine",via Rabota.ua,Full-time,False,Ukraine,2026-09-08 05:19:53,False,False,Ukraine,,,
1467,55,Data Analyst,Junior Data Analyst,"Poznan, Poland",via Djinni,Contractor,True,Poland,2026-08-30 21:18:14,True,True,Poland,year,18618.0,
1468,71,Senior Data Scientist,Senior Data Scientist,"Warsaw, Poland",via NoFluffJobs,Full-time,False,Poland,2026-09-09 06:21:08,True,False,Poland,,,
1469,91,Data Engineer,Data Engineer,"Stuttgart, Germany",via Work.ua,Full-time,False,Germany,2026-08-27 13:25:23,False,True,Germany,,,
1470,0,Business Analyst,Business Analyst,"Vinnytsia, Ukraine",via Pracuj.pl,Part-time,True,Ukraine,2026-08-26 05:05:52,False,True,Ukraine,,,
1471,53,Data Scientist,Junior Data Scientist,"Lodz, Poland",via Xing,Full-time,False,Poland,2026-09-21 03:18:54,True,True,Poland,year,14086.0,
1472,42,Data Engineer,Junior Data Engineer,Anywhere,via Robota.ua,Part-time,True,Ukraine,2026-08-22 07:42:24,False,False,Ukraine,,,
1473,7,Business Analyst,Business Analyst,"Lviv, Ukraine",via LinkedIn,Part-time,True,Ukraine,2026-09-04 04:13:06,False,False,Ukraine,,,
1474,93,Business Analyst,Business Analyst,"Hamburg, Germany",via Robota.ua,Full-time,False,Germany,2026-08-23 10:15:59,False,False,Germany,,,
1475,2,Data Engineer,Power BI Developer,Anywhere,via Rabota.ua,Internship,True,Ukraine,2026-09-11 22:25:58,False,True,Ukraine,,,
1476,70,Data Scientist,Data Scientist,Anywhere,via Robota.ua,Full-time,True,Poland,2026-09-13 04:22:17,True,True,Poland,,,
1477,55,Senior Data Engineer,Senior Data Engineer,"Lodz, Poland",via Rabota.ua,Internship,False,Poland,2026-08-25 14:35:41,False,True,Poland,,,
1478,13,Data Engineer,BI Developer,"Kharkiv, Ukraine",via Rabota.ua,Full-time,False,Ukraine,2026-09-04 07:19:45,False,True,Ukraine,year,21631.0,
1479,54,Senior Data Analyst,Lead Data Analyst,"Lodz, Poland",via Djinni,Full-time,True,Poland,2026-09-18 00:51:20,False,True,Poland,,,
1480,101,Data Analyst,Data Quality Analyst,"Hamburg, Germany",via NoFluffJobs,Part-time,False,Germany,2026-08-19 11:18:06,False,True,Germany,,,
1481,82,Machine Learning Engineer,Machine Learning Engineer,"Berlin, Germany",via Glassdoor,Full-time,False,Germany,2026-09-15 04:09:15,True,True,Germany,,,
1482,14,Senior Data Analyst,Lead Data Analyst,Anywhere,via Rabota.ua,Internship,True,Ukraine,2026-09-04 04:52:07,True,True,Ukraine,,,
1483,3,Data Analyst,Data Analyst,"Kyiv, Ukraine",via StepStone,Contractor,False,Ukraine,2026-08-25 07:03:52,False,False,Ukraine,,,
1484,1,Data Engineer,Data Engineer,"Kharkiv, Ukraine",via Robota.ua,Full-time,True,Ukraine,2026-08-19 22:16:01,False,True,Ukraine,year,19141.0,
1485,82,Data Analyst,Junior Data Analyst,"Berlin, Germany",via Rabota.ua,Full-time,False,Germany,2026-09-15 08:13:46,True,True,Germany,year,43759.0,
1486,104,Data Analyst,Business Data Analyst,Anywhere,via Xing,Full-time,True,Germany,2026-08-23 01:46:30,False,False,Germany,,,
1487,20,Data Analyst,Data Analyst,Anywhere,via Indeed,Full-time,True,Ukraine,2026-09-17 19:57:48,False,False,Ukraine,,,
1488,86,Data Analyst,Junior Data Analyst,"Munich, Germany",via Xing,Full-time,False,Germany,2026-09-23 14:41:40,False,True,Germany,,,
1489,28,Data Engineer,Analytics Engineer,"Odesa, Ukraine",via StepStone,Part-time,False,Ukraine,2026-08-16 15:37:42,False,True,Ukraine,,,
1490,100,Data Analyst,Data Analyst (Marketing),"Frankfurt, Germany",via Pracuj.pl,Full-time,True,Germany,2026-09-22 06:49:15,False,True,Germany,,,
1491,86,Senior Data Engineer,Senior Data Engineer,Anywhere,via StepStone,Internship,True,Germany,2026-09-01 05:03:43,False,True,Germany,,,
1492,54,Business Analyst,Junior Business Analyst,"Wroclaw, Poland",via Djinni,Full-time,False,Poland,2026-08-17 14:49:08,False,True,Poland,,,
1493,19,Senior Data Analyst,Lead Data Analyst,"Kyiv, Ukraine",via Pracuj.pl,Full-time,False,Ukraine,2026-08-16 22:19:35,False,False,Ukraine,,,
1494,12,Business Analyst,Business Analyst,"Kyiv, Ukraine",via StepStone,Contractor,False,Ukraine,2026-09-13 00:14:15,True,False,Ukraine,hour,,10.85
1495,103,Data Engineer,ETL Developer,"Berlin, Germany",via Rabota.ua,Full-time,False,Germany,2026-08-31 07:32:06,False,True,Germany,,,
1496,105,Data Analyst,Junior Data Analyst,"Munich, Germany",via NoFluffJobs,Internship,False,Germany,2026-09-08 11:06:32,False,True,Germany,,,
1497,15,Data Scientist,Junior Data Scientist,"Dnipro, Ukraine",via NoFluffJobs,Full-time,True,Ukraine,2026-09-08 04:20:05,False,False,Ukraine,year,9511.0,
1498,3,Data Analyst,Data Analyst,"Vinnytsia, Ukraine",via Robota.ua,Full-time,False,Ukraine,2026-09-03 08:10:41,False,False,Ukraine,,,
1499,106,Senior Data Engineer,Senior Data Engineer,"Munich, Germany",via Djinni,Internship,False,Germany,2026-09-04 21:48:39,False,False,Germany,,,
1500,112,Data Engineer,BI Developer,"Stuttgart, Germany",via Djinni,Full-time,True,Germany,2026-09-23 18:52:54,False,False,Germany,year,56405.0,
1501,84,Data Scientist,Data Scientist,"Berlin, Germany",via Glassdoor,Full-time,False,Germany,2026-08-17 15:45:42,False,False,Germany,,,
1502,65,Data Analyst,Data Analyst (Marketing),"Poznan, Poland",via LinkedIn,Contractor,False,Poland,2026-08-15 12:36:34,False,False,Poland,,,
1503,46,Senior Data Scientist,Senior Data Scientist,"Lodz, Poland",via Djinni,Full-time,True,Poland,2026-08-22 00:56:54,True,False,Poland,,,
1504,122,Senior Data Analyst,Senior Data Analyst,Anywhere,via Pracuj.pl,Full-time,True,Ukraine,2026-08-22 21:25:49,True,True,Ukraine,year,42029.0,
1505,125,Machine Learning Engineer,Machine Learning Engineer,Anywhere,via StepStone,Part-time,True,Germany,2026-09-06 04:43:59,True,True,Germany,,,
1506,46,Data Scientist,Data Scientist,"Wroclaw, Poland",via Work.ua,Internship,False,Poland,2026-08-21 15:45:55,True,False,Poland,,,
1507,60,Business Analyst,Business Analyst,Anywhere,via Indeed,Full-time,True,Poland,2026-08-16 21:17:02,True,False,Poland,,,
1508,73,Data Analyst,Junior Data Analyst,"Wroclaw, Poland",via Xing,Full-time,False,Poland,2026-08-17 15:49:41,True,False,Poland,,,
1509,31,Data Analyst,Data Quality Analyst,"Odesa, Ukraine",via Glassdoor,Full-time,False,Ukraine,2026-08-23 22:28:33,False,False,Ukraine,,,
1510,117,Data Analyst,Junior Data Analyst,"Poznan, Poland",via StepStone,Contractor,False,Poland,2026-09-20 21:50:24,False,False,Poland,,,
1511,79,Data Analyst,Data Analyst (Finance),"Hamburg, Germany",via Glassdoor,Full-time,True,Germany,2026-08-16 21:51:36,False,True,Germany,,,
1512,9,Machine Learning Engineer,Machine Learning Engineer,"Vinnytsia, Ukraine",via Robota.ua,Internship,True,Ukraine,2026-09-13 21:58:23,False,False,Ukraine,,,
1513,34,Senior Data Analyst,Senior Data Analyst,"Vinnytsia, Ukraine",via LinkedIn,Full-time,False,Ukraine,2026-08-30 06:04:52,True,False,Ukraine,,,
1514,83,Senior Data Engineer,Senior Data Engineer,"Cologne, Germany",via Glassdoor,Full-time,False,Germany,2026-08-15 05:50:46,True,False,Germany,,,
1515,69,Data Analyst,Data Quality Analyst,Anywhere,via Robota.ua,Full-time,True,Poland,2026-09-09 13:39:18,False,True,Poland,year,28868.0,
1516,69,Data Engineer,Power BI Developer,"Poznan, Poland",via Robota.ua,Full-time,False,Poland,2026-09-15 12:16:42,True,True,Poland,,,
1517,23,Business Analyst,BI Analyst,"Vinnytsia, Ukraine",via Glassdoor,Full-time,False,Ukraine,2026-09-23 02:48:05,True,False,Ukraine,,,
1518,43,Business Analyst,Business Intelligence Analyst,"Odesa, Ukraine",via LinkedIn,Full-time,False,Ukraine,2026-08-25 08:36:13,False,True,Ukraine,,,
1519,27,Business Analyst,Business Intelligence Analyst,Anywhere,via LinkedIn,Full-time,True,Ukraine,2026-08-17 15:40:37,True,True,Ukraine,,,
1520,66,Data Engineer,Power BI Developer,"Wroclaw, Poland",via Work.ua,Full-time,False,Poland,2026-09-15 03:09:23,False,False,Poland,year,23158.0,
1521,4,Senior Data Analyst,Lead Data Analyst,"Ivano-Frankivsk, Ukraine",via Xing,Part-time,True,Ukraine,2026-08-15 10:58:31,False,True,Ukraine,,,
1522,25,Data Analyst,Data Analyst (Finance),"Vinnytsia, Ukraine",via StepStone,Full-time,False,Ukraine,2026-09-23 21:38:54,False,False,Ukraine,,,
1523,71,Data Scientist,Data Scientist,"Warsaw, Poland",via Xing,Full-time,False,Poland,2026-09-15 09:57:18,True,False,Poland,year,33651.0,
1524,75,Senior Data Engineer,Senior Data Engineer,"Katowice, Poland",via NoFluffJobs,Part-time,False,Poland,2026-09-11 13:07:33,True,False,Poland,,,
1525,36,Data Analyst,Junior Data Analyst,"Kharkiv, Ukraine",via Work.ua,Part-time,False,Ukraine,2026-09-21 16:57:53,False,True,Ukraine,,,
1526,18,Data Analyst,Business Data Analyst,"Dnipro, Ukraine",via NoFluffJobs,Contractor,False,Ukraine,2026-09-13 15:04:23,False,False,Ukraine,year,23799.0,
1527,96,Senior Data Analyst,Lead Data Analyst,Anywhere,via Rabota.ua,Contractor,True,Germany,2026-09-09 11:52:30,False,True,Germany,,,
1528,96,Data Analyst,Business Data Analyst,"Frankfurt, Germany",via NoFluffJobs,Full-time,True,Germany,2026-09-02 18:39:34,False,False,Germany,,,
1529,80,Data Engineer,Analytics Engineer,"Frankfurt, Germany",via StepStone,Contractor,False,Germany,2026-08-29 20:33:27,False,True,Germany,year,55213.0,
1530,40,Data Analyst,Data Analyst,"Lviv, Ukraine",via Djinni,Part-time,True,Ukraine,2026-08-31 21:01:25,False,False,Ukraine,,,
1531,9,Data Analyst,Data Analyst (Finance),Anywhere,via Pracuj.pl,Full-time,True,Ukraine,2026-09-13 22:33:13,True,False,Ukraine,,,
1532,115,Cloud Engineer,Cloud Data Engineer,"Odesa, Ukraine",via StepStone,Internship,False,Ukraine,2026-09-20 11:45:56,False,True,Ukraine,,,
1533,115,Data Analyst,Data Quality Analyst,"Ivano-Frankivsk, Ukraine",via Pracuj.pl,Internship,False,Ukraine,2026-09-14 13:45:10,False,True,Ukraine,,,
1534,120,Business Analyst,Business Analyst,"Lviv, Ukraine",via LinkedIn,Full-time,False,Ukraine,2026-09-25 15:52:04,False,True,Ukraine,,,
1535,86,Business Analyst,Business Intelligence Analyst,"Stuttgart, Germany",via Indeed,Full-time,False,Germany,2026-09-03 23:17:26,False,True,Germany,year,59741.0,
1536,68,Data Analyst,Junior Data Analyst,"Krakow, Poland",via LinkedIn,Full-time,False,Poland,2026-08-18 20:31:20,True,False,Poland,,,
1537,25,Senior Data Engineer,Lead Data Engineer,"Kyiv, Ukraine",via NoFluffJobs,Full-time,False,Ukraine,2026-09-22 06:47:55,True,True,Ukraine,year,37932.0,
1538,88,Data Engineer,Junior Data Engineer,"Hamburg, Germany",via Work.ua,Full-time,False,Germany,2026-09-15 15:40:41,True,True,Germany,,,
1539,44,Senior Data Analyst,Lead Data Analyst,"Odesa, Ukraine",via Xing,Internship,False,Ukraine,2026-08-23 19:17:11,False,True,Ukraine,year,29173.0,
1540,120,Data Analyst,Data Analyst (Finance),"Vinnytsia, Ukraine",via Pracuj.pl,Contractor,False,Ukraine,2026-09-14 06:13:45,False,False,Ukraine,,,
1541,24,Data Engineer,BI Developer,"Vinnytsia, Ukraine",via Rabota.ua,Full-time,False,Ukraine,2026-09-02 05:05:50,False,True,Ukraine,,,
1542,53,Senior Data Analyst,Lead Data Analyst,"Poznan, Poland",via Robota.ua,Internship,False,Poland,2026-09-20 13:37:05,True,True,Poland,,,
1543,5,Data Engineer,Junior Data Engineer,"Vinnytsia, Ukraine",via StepStone,Full-time,True,Ukraine,2026-09-24 16:57:56,False,False,Ukraine,,,
1544,49,Data Engineer,Junior Data Engineer,"Katowice, Poland",via Indeed,Internship,False,Poland,2026-09-14 14:56:21,True,True,Poland,,,
1545,128,Senior Data Analyst,Lead Data Analyst,"Poznan, Poland",via Djinni,Full-time,False,Poland,2026-09-02 23:26:47,True,True,Poland,,,
1546,80,Senior Data Scientist,Senior Data Scientist,"Stuttgart, Germany",via LinkedIn,Full-time,False,Germany,2026-09-24 07:45:14,False,True,Germany,year,100290.0,
1547,111,Senior Data Scientist,Senior Data Scientist,"Hamburg, Germany",via Robota.ua,Full-time,False,Germany,2026-09-15 12:26:02,True,True,Germany,,,
1548,16,Data Analyst,Data Analyst (Finance),"Odesa, Ukraine",via Robota.ua,Full-time,False,Ukraine,2026-08-27 19:09:10,False,True,Ukraine,year,27871.0,
1549,29,Data Analyst,Data Analyst,Anywhere,via StepStone,Full-time,True,Ukraine,2026-09-02 15:25:29,False,True,Ukraine,,,
1550,66,Senior Data Analyst,Senior Data Analyst,"Poznan, Poland",via Indeed,Part-time,False,Poland,2026-08-25 21:47:22,False,True,Poland,,,
1551,100,Business Analyst,Junior Business Analyst,Anywhere,via Work.ua,Internship,True,Germany,2026-09-03 22:52:56,False,False,Germany,,,
1552,115,Senior Data Analyst,Senior Data Analyst,"Kyiv, Ukraine",via Pracuj.pl,Part-time,False,Ukraine,2026-09-08 02:34:03,False,False,Ukraine,,,
1553,55,Data Analyst,Business Data Analyst,"Poznan, Poland",via Work.ua,Internship,False,Poland,2026-09-25 21:58:39,False,False,Poland,,,
1554,104,Data Scientist,Data Scientist,"Berlin, Germany",via Xing,Internship,True,Germany,2026-08-27 08:30:26,False,False,Germany,,,
1555,22,Data Analyst,Product Data Analyst,"Kharkiv, Ukraine",via LinkedIn,Full-time,True,Ukraine,2026-09-08 06:06:32,False,True,Ukraine,year,17839.0,
1556,53,Data Engineer,ETL Developer,"Warsaw, Poland",via Robota.ua,Full-time,False,Poland,2026-08-25 15:02:11,True,False,Poland,,,
1557,63,Data Engineer,Power BI Developer,"Krakow, Poland",via Indeed,Full-time,False,Poland,2026-08-28 05:18:54,True,True,Poland,,,
1558,43,Data Analyst,Data Analyst (Marketing),"Kharkiv, Ukraine",via Robota.ua,Full-time,False,Ukraine,2026-08-31 01:02:39,True,False,Ukraine,,,
1559,49,Data Analyst,Product Data Analyst,"Krakow, Poland",via Robota.ua,Internship,False,Poland,2026-09-06 05:45:28,False,True,Poland,,,
1560,47,Data Analyst,Product Data Analyst,"Gdansk, Poland",via Indeed,Contractor,True,Poland,2026-08-16 03:47:48,True,True,Poland,year,37795.0,
1561,50,Senior Data Analyst,Lead Data Analyst,"Wroclaw, Poland",via Work.ua,Full-time,False,Poland,2026-08-25 05:02:39,False,True,Poland,,,
1562,34,Senior Data Engineer,Senior Data Engineer,"Vinnytsia, Ukraine",via NoFluffJobs,Full-time,True,Ukraine,2026-08-15 16:16:32,True,False,Ukraine,,,
1563,14,Software Engineer,Data Software Engineer,"Ivano-Frankivsk, Ukraine",via Pracuj.pl,Full-time,False,Ukraine,2026-09-05 16:14:20,True,False,Ukraine,year,26833.0,
1564,1,Senior Data Engineer,Senior Data Engineer,"Odesa, Ukraine",via Indeed,Full-time,False,Ukraine,2026-09-08 17:01:04,False,False,Ukraine,,,
1565,86,Data Engineer,Analytics Engineer,"Berlin, Germany",via Pracuj.pl,Part-time,False,Germany,2026-09-06 14:36:27,False,False,Germany,,,
1566,126,Machine Learning Engineer,Machine Learning Engineer,"Kyiv, Ukraine",via Djinni,Full-time,False,Ukraine,2026-09-05 22:26:31,False,True,Ukraine,,,
1567,103,Data Scientist,Junior Data Scientist,"Berlin, Germany",via Robota.ua,Internship,True,Germany,2026-08-28 17:00:16,False,True,Germany,year,44330.0,
1568,0,Senior Data Engineer,Lead Data Engineer,Anywhere,via Robota.ua,Contractor,True,Ukraine,2026-08-25 19:38:56,False,True,Ukraine,,,
1569,114,Senior Data Engineer,Lead Data Engineer,"Dnipro, Ukraine",via Rabota.ua,Contractor,False,Ukraine,2026-08-30 18:35:14,True,False,Ukraine,,,
1570,104,Data Scientist,Data Scientist,"Dusseldorf, Germany",via LinkedIn,Full-time,False,Germany,2026-09-10 13:12:15,True,True,Germany,,,
1571,48,Data Analyst,Junior Data Analyst,"Gdansk, Poland",via LinkedIn,Full-time,False,Poland,2026-09-01 08:23:23,False,True,Poland,,,
1572,123,Data Analyst,Data Analyst (Finance),"Cologne, Germany",via Xing,Full-time,False,Germany,2026-09-14 20:18:10,False,True,Germany,,,
1573,86,Data Analyst,Data Analyst,"Munich, Germany",via Indeed,Full-time,False,Germany,2026-09-15 20:39:11,False,False,Germany,,,
1574,108,Senior Data Analyst,Senior Data Analyst,"Berlin, Germany",via Djinni,Full-time,False,Germany,2026-09-07 20:04:51,False,False,Germany,,,
1575,125,Data Analyst,Junior Data Analyst,"Munich, Germany",via StepStone,Full-time,True,Germany,2026-08-23 08:25:19,False,True,Germany,,,
1576,51,Senior Data Analyst,Lead Data Analyst,"Krakow, Poland",via Indeed,Part-time,False,Poland,2026-09-24 13:15:47,False,True,Poland,year,55865.0,
1577,121,Senior Data Analyst,Senior Data Analyst,"Dusseldorf, Germany",via Pracuj.pl,Contractor,True,Germany,2026-08-20 11:37:00,True,False,Germany,,,
1578,117,Business Analyst,BI Analyst,"Gdansk, Poland",via Djinni,Full-time,False,Poland,2026-08-18 17:25:56,True,False,Poland,,,
1579,43,Business Analyst,Business Intelligence Analyst,"Kharkiv, Ukraine",via LinkedIn,Internship,True,Ukraine,2026-08-19 09:05:17,False,True,Ukraine,,,
1580,55,Business Analyst,Business Intelligence Analyst,"Poznan, Poland",via NoFluffJobs,Internship,False,Poland,2026-09-14 22:27:13,False,False,Poland,,,
1581,116,Senior Data Analyst,Lead Data Analyst,"Berlin, Germany",via Rabota.ua,Full-time,False,Germany,2026-08-17 11:37:13,False,False,Germany,,,
1582,130,Data Scientist,Junior Data Scientist,"Ivano-Frankivsk, Ukraine",via Indeed,Contractor,False,Ukraine,2026-08-15 19:26:13,False,False,Ukraine,,,
1583,105,Senior Data Scientist,Senior Data Scientist,"Frankfurt, Germany",via NoFluffJobs,Part-time,False,Germany,2026-09-02 01:32:22,False,False,Germany,year,87158.0,
1584,80,Senior Data Engineer,Lead Data Engineer,Anywhere,via Work.ua,Contractor,True,Germany,2026-08-31 17:51:47,False,True,Germany,,,
1585,111,Data Engineer,Power BI Developer,"Frankfurt, Germany",via Xing,Internship,False,Germany,2026-09-11 10:56:10,True,False,Germany,,,
1586,28,Machine Learning Engineer,Machine Learning Engineer,"Kharkiv, Ukraine",via NoFluffJobs,Contractor,False,Ukraine,2026-09-04 07:53:44,False,True,Ukraine,,,
1587,113,Senior Data Analyst,Senior Data Analyst,"Hamburg, Germany",via Indeed,Full-time,False,Germany,2026-08-19 16:38:31,False,True,Germany,year,80387.0,
1588,92,Business Analyst,BI Analyst,"Berlin, Germany",via Work.ua,Internship,False,Germany,2026-08-29 01:32:52,False,True,Germany,,,
1589,52,Data Analyst,Data Analyst (Finance),"Warsaw, Poland",via Rabota.ua,Full-time,False,Poland,2026-08-17 18:15:59,False,False,Poland,,,
1590,29,Data Engineer,Data Engineer,"Odesa, Ukraine",via StepStone,Full-time,False,Ukraine,2026-09-23 10:51:55,False,True,Ukraine,,,
1591,122,Data Analyst,Junior Data Analyst,"Odesa, Ukraine",via Djinni,Full-time,False,Ukraine,2026-09-07 21:47:04,True,False,Ukraine,,,
1592,11,Data Analyst,Data Analyst (Marketing),"Dnipro, Ukraine",via NoFluffJobs,Internship,False,Ukraine,2026-08-22 23:52:19,True,False,Ukraine,,,
1593,54,Data Engineer,BI Developer,Anywhere,via Work.ua,Full-time,True,Poland,2026-08-26 18:18:03,False,True,Poland,,,
1594,4,Business Analyst,Business Analyst,"Dnipro, Ukraine",via NoFluffJobs,Full-time,False,Ukraine,2026-09-08 21:46:21,False,True,Ukraine,,,
1595,16,Data Analyst,Data Analyst (Finance),"Kyiv, Ukraine",via Djinni,Full-time,True,Ukraine,2026-08-25 09:55:09,False,False,Ukraine,,,
1596,35,Data Engineer,ETL Developer,"Kyiv, Ukraine",via Rabota.ua,Full-time,True,Ukraine,2026-09-08 14:02:47,False,False,Ukraine,year,21881.0,
1597,23,Data Scientist,Junior Data Scientist,"Odesa, Ukraine",via Indeed,Full-time,False,Ukraine,2026-08-30 03:26:06,True,True,Ukraine,,,
1598,105,Data Engineer,Power BI Developer,"Hamburg, Germany",via StepStone,Contractor,False,Germany,2026-09-15 21:57:32,True,True,Germany,,,
1599,12,Business Analyst,Business Intelligence Analyst,"Kyiv, Ukraine",via Indeed,Internship,False,Ukraine,2026-08-30 12:16:26,False,True,Ukraine,,,
1600,86,Business Analyst,Business Intelligence Analyst,"Dusseldorf, Germany",via Djinni,Part-time,False,Germany,2026-08-23 02:09:41,False,False,Germany,,,
1601,44,Data Engineer,Data Engineer,"Ivano-Frankivsk, Ukraine",via LinkedIn,Full-time,False,Ukraine,2026-08-25 15:40:03,True,True,Ukraine,,,
1602,122,Business Analyst,BI Analyst,"Kyiv, Ukraine",via Indeed,Full-time,True,Ukraine,2026-08-21 19:05:36,False,False,Ukraine,year,27954.0,
1603,45,Data Analyst,Data Analyst (Marketing),Anywhere,via Work.ua,Internship,True,Poland,2026-09-06 15:29:23,False,False,Poland,year,31728.0,
1604,121,Data Analyst,Product Data Analyst,"Frankfurt, Germany",via LinkedIn,Full-time,False,Germany,2026-08-23 09:49:33,True,True,Germany,,,
1605,129,Data Engineer,Junior Data Engineer,"Kyiv, Ukraine",via StepStone,Full-time,False,Ukraine,2026-09-11 21:45:46,False,False,Ukraine,,,
1606,11,Senior Data Analyst,Senior Data Analyst,"Ivano-Frankivsk, Ukraine",via Xing,Full-time,False,Ukraine,2026-09-14 05:32:04,False,True,Ukraine,,,
1607,30,Data Scientist,Junior Data Scientist,"Vinnytsia, Ukraine",via Rabota.ua,Internship,False,Ukraine,2026-08-27 21:47:06,False,True,Ukraine,,,
1608,54,Senior Data Engineer,Senior Data Engineer,"Lodz, Poland",via Pracuj.pl,Part-time,False,Poland,2026-09-02 17:38:04,False,True,Poland,,,
1609,52,Data Analyst,Product Data Analyst,"Krakow, Poland",via NoFluffJobs,Contractor,False,Poland,2026-09-10 11:08:32,False,True,Poland,year,34014.0,
1610,60,Business Analyst,Business Intelligence Analyst,"Poznan, Poland",via Pracuj.pl,Internship,True,Poland,2026-09-04 14:30:53,False,True,Poland,,,
1611,1,Data Engineer,BI Developer,"Vinnytsia, Ukraine",via Glassdoor,Part-time,False,Ukraine,2026-08-27 04:13:36,False,False,Ukraine,,,
1612,102,Business Analyst,Business Intelligence Analyst,"Hamburg, Germany",via StepStone,Contractor,False,Germany,2026-09-18 01:59:28,True,False,Germany,year,57140.0,
1613,13,Senior Data Analyst,Lead Data Analyst,"Ivano-Frankivsk, Ukraine",via Glassdoor,Full-time,False,Ukraine,2026-08-16 06:41:28,True,False,Ukraine,,,
1614,100,Business Analyst,Business Intelligence Analyst,"Hamburg, Germany",via Glassdoor,Contractor,False,Germany,2026-08-17 10:16:25,False,True,Germany,hour,,38.16
1615,40,Data Engineer,Data Engineer,"Vinnytsia, Ukraine",via StepStone,Contractor,False,Ukraine,2026-09-18 03:03:54,True,True,Ukraine,year,25610.0,
1616,106,Data Engineer,Analytics Engineer,"Berlin, Germany",via Djinni,Part-time,True,Germany,2026-08-18 01:28:13,False,False,Germany,,,
1617,85,Machine Learning Engineer,Machine Learning Engineer,Anywhere,via Djinni,Part-time,True,Germany,2026-08-29 04:06:12,False,True,Germany,year,67187.0,
1618,117,Data Engineer,ETL Developer,"Krakow, Poland",via NoFluffJobs,Part-time,False,Poland,2026-09-12 19:39:47,False,True,Poland,,,
1619,85,Data Scientist,Data Scientist,"Hamburg, Germany",via Pracuj.pl,Full-time,False,Germany,2026-09-25 06:36:39,False,False,Germany,year,62606.0,
1620,82,Data Analyst,Data Quality Analyst,"Dusseldorf, Germany",via Robota.ua,Full-time,False,Germany,2026-09-14 03:22:59,True,True,Germany,,,
1621,124,Senior Data Analyst,Lead Data Analyst,Anywhere,via Djinni,Part-time,True,Germany,2026-08-23 22:50:55,False,False,Germany,,,
1622,19,Data Analyst,Data Analyst (Marketing),"Dnipro, Ukraine",via StepStone,Part-time,True,Ukraine,2026-08-26 07:43:53,True,True,Ukraine,,,
1623,36,Senior Data Analyst,Lead Data Analyst,Anywhere,via Djinni,Full-time,True,Ukraine,2026-09-09 09:36:53,False,False,Ukraine,,,
1624,90,Data Engineer,BI Developer,"Frankfurt, Germany",via NoFluffJobs,Full-time,False,Germany,2026-09-10 20:53:38,False,True,Germany,year,63974.0,
1625,57,Software Engineer,Data Software Engineer,"Warsaw, Poland",via StepStone,Full-time,False,Poland,2026-09-22 17:12:32,False,False,Poland,,,
1626,128,Data Analyst,Junior Data Analyst,"Gdansk, Poland",via Xing,Full-time,False,Poland,2026-08-30 09:39:56,False,True,Poland,,,
1627,122,Senior Data Analyst,Senior Data Analyst,"Odesa, Ukraine",via Pracuj.pl,Internship,False,Ukraine,2026-08-24 14:05:24,True,False,Ukraine,,,
1628,4,Machine Learning Engineer,Machine Learning Engineer,Anywhere,via LinkedIn,Full-time,True,Ukraine,2026-09-19 11:41:17,False,False,Ukraine,,,
1629,110,Data Analyst,Data Quality Analyst,"Berlin, Germany",via Indeed,Full-time,False,Germany,2026-09-06 07:43:37,True,False,Germany,,,
1630,40,Data Analyst,Data Quality Analyst,"Kyiv, Ukraine",via Work.ua,Full-time,True,Ukraine,2026-09-09 07:01:12,False,True,Ukraine,year,21698.0,
1631,107,Data Engineer,Analytics Engineer,"Frankfurt, Germany",via Robota.ua,Internship,True,Germany,2026-09-07 01:33:26,True,False,Germany,,,
1632,55,Data Scientist,Junior Data Scientist,"Wroclaw, Poland",via Rabota.ua,Internship,False,Poland,2026-09-02 12:29:59,False,True,Poland,year,16570.0,
1633,96,Data Engineer,BI Developer,"Cologne, Germany",via Rabota.ua,Contractor,False,Germany,2026-09-02 18:05:40,True,False,Germany,year,68269.0,
1634,114,Data Analyst,Data Quality Analyst,"Kyiv, Ukraine",via NoFluffJobs,Contractor,False,Ukraine,2026-09-23 12:09:10,False,True,Ukraine,,,
1635,32,Data Analyst,Data Analyst (Marketing),"Kyiv, Ukraine",via Xing,Full-time,False,Ukraine,2026-09-24 03:28:16,False,True,Ukraine,,,
1636,12,Senior Data Analyst,Lead Data Analyst,"Dnipro, Ukraine",via Glassdoor,Full-time,False,Ukraine,2026-08-24 02:27:22,True,True,Ukraine,,,
1637,61,Data Engineer,Data Engineer,Anywhere,via Robota.ua,Part-time,True,Poland,2026-09-17 11:01:10,True,False,Poland,,,
1638,126,Data Analyst,Data Analyst (Finance),"Vinnytsia, Ukraine",via Djinni,Full-time,False,Ukraine,2026-09-20 17:44:10,True,False,Ukraine,year,16069.0,
1639,46,Data Analyst,Data Quality Analyst,Anywhere,via Indeed,Part-time,True,Poland,2026-08-15 03:52:10,False,True,Poland,,,
1640,92,Data Analyst,Data Analyst (Finance),"Cologne, Germany",via Work.ua,Internship,False,Germany,2026-08-25 11:02:47,False,False,Germany,,,
1641,78,Business Analyst,BI Analyst,"Stuttgart, Germany",via Xing,Part-time,False,Germany,2026-09-21 08:09:53,False,False,Germany,,,
1642,112,Data Engineer,Data Engineer,"Stuttgart, Germany",via NoFluffJobs,Full-time,False,Germany,2026-09-01 21:32:54,False,True,Germany,,,
1643,78,Business Analyst,Business Analyst,Anywhere,via Djinni,Contractor,True,Germany,2026-08-31 22:00:01,True,True,Germany,,,
1644,77,Senior Data Analyst,Senior Data Analyst,Anywhere,via Robota.ua,Full-time,True,Poland,2026-09-09 12:46:03,False,False,Poland,,,
1645,107,Data Engineer,ETL Developer,"Frankfurt, Germany",via Rabota.ua,Part-time,False,Germany,2026-09-24 09:00:19,True,True,Germany,,,
1646,38,Data Analyst,Product Data Analyst,"Lviv, Ukraine",via Indeed,Contractor,False,Ukraine,2026-09-17 02:29:20,True,False,Ukraine,,,
1647,14,Senior Data Engineer,Senior Data Engineer,"Kyiv, Ukraine",via Xing,Full-time,False,Ukraine,2026-08-30 19:23:08,False,False,Ukraine,,,
1648,75,Data Scientist,Junior Data Scientist,Anywhere,via NoFluffJobs,Full-time,True,Poland,2026-09-15 06:43:55,False,False,Poland,year,19848.0,
1649,43,Data Analyst,Data Analyst (Marketing),"Lviv, Ukraine",via LinkedIn,Internship,False,Ukraine,2026-08-27 21:16:01,True,True,Ukraine,,,
1650,56,Machine Learning Engineer,Machine Learning Engineer,"Lodz, Poland",via Pracuj.pl,Full-time,False,Poland,2026-08-17 15:54:45,False,False,Poland,,,
1651,50,Business Analyst,Junior Business Analyst,"Lodz, Poland",via Djinni,Full-time,False,Poland,2026-08-17 08:34:54,True,False,Poland,,,
1652,16,Data Scientist,Data Scientist,"Kharkiv, Ukraine",via StepStone,Part-time,False,Ukraine,2026-09-25 17:32:23,False,True,Ukraine,,,
1653,84,Data Scientist,Data Scientist,Anywhere,via Work.ua,Full-time,True,Germany,2026-09-01 06:29:57,False,True,Germany,,,
1654,22,Data Analyst,Product Data Analyst,"Dnipro, Ukraine",via Glassdoor,Full-time,True,Ukraine,2026-09-10 01:09:15,False,False,Ukraine,year,21074.0,
1655,41,Data Analyst,Data Analyst (Finance),"Vinnytsia, Ukraine",via Pracuj.pl,Full-time,False,Ukraine,2026-09-13 06:47:17,True,False,Ukraine,,,
1656,127,Data Scientist,Junior Data Scientist,"Stuttgart, Germany",via Glassdoor,Internship,False,Germany,2026-09-07 16:57:53,False,False,Germany,,,
1657,83,Senior Data Engineer,Lead Data Engineer,Anywhere,via Djinni,Part-time,True,Germany,2026-09-04 06:45:25,True,False,Germany,,,
1658,44,Data Engineer,Analytics Engineer,Anywhere,via NoFluffJobs,Full-time,True,Ukraine,2026-09-14 00:28:07,False,False,Ukraine,,,
1659,130,Data Engineer,Junior Data Engineer,"Lviv, Ukraine",via Indeed,Contractor,False,Ukraine,2026-09-09 04:59:55,True,False,Ukraine,year,11184.0,
1660,129,Data Analyst,Product Data Analyst,"Kyiv, Ukraine",via Indeed,Part-time,False,Ukraine,2026-08-16 12:44:58,True,False,Ukraine,,,
1661,97,Data Analyst,Data Quality Analyst,"Frankfurt, Germany",via Rabota.ua,Full-time,True,Germany,2026-09-11 12:28:27,False,True,Germany,,,
1662,110,Data Engineer,BI Developer,"Dusseldorf, Germany",via Glassdoor,Part-time,False,Germany,2026-08-15 11:35:56,True,False,Germany,,,
1663,10,Data Analyst,Data Analyst,"Vinnytsia, Ukraine",via Glassdoor,Full-time,True,Ukraine,2026-09-06 21:23:31,True,False,Ukraine,year,27355.0,
1664,8,Senior Data Scientist,Senior Data Scientist,"Kharkiv, Ukraine",via NoFluffJobs,Part-time,False,Ukraine,2026-09-09 19:09:55,False,True,Ukraine,year,34509.0,
1665,36,Business Analyst,Junior Business Analyst,"Dnipro, Ukraine",via Pracuj.pl,Full-time,False,Ukraine,2026-09-17 20:01:42,True,False,Ukraine,,,
1666,115,Senior Data Engineer,Senior Data Engineer,"Kharkiv, Ukraine",via Robota.ua,Internship,False,Ukraine,2026-08-31 14:02:47,False,True,Ukraine,,,
1667,108,Data Scientist,Junior Data Scientist,"Munich, Germany",via Xing,Full-time,False,Germany,2026-08-15 23:00:33,False,True,Germany,,,
1668,8,Software Engineer,Data Software Engineer,"Kyiv, Ukraine",via Work.ua,Full-time,False,Ukraine,2026-09-25 16:46:52,False,False,Ukraine,,,
1669,87,Machine Learning Engineer,Machine Learning Engineer,"Frankfurt, Germany",via Pracuj.pl,Contractor,False,Germany,2026-09-12 13:49:16,True,True,Germany,,,
1670,31,Data Engineer,Power BI Developer,"Vinnytsia, Ukraine",via Robota.ua,Contractor,False,Ukraine,2026-08-15 18:09:00,True,True,Ukraine,,,
1671,49,Data Analyst,Data Analyst (Finance),"Katowice, Poland",via Pracuj.pl,Full-time,False,Poland,2026-09-16 18:43:48,False,False,Poland,,,
1672,21,Data Scientist,Junior Data Scientist,"Ivano-Frankivsk, Ukraine",via Robota.ua,Contractor,False,Ukraine,2026-08-21 06:42:55,False,False,Ukraine,,,
1673,34,Data Scientist,Junior Data Scientist,"Vinnytsia, Ukraine",via StepStone,Full-time,False,Ukraine,2026-09-21 05:00:27,False,True,Ukraine,,,
1674,97,Senior Data Analyst,Lead Data Analyst,"Munich, Germany",via Xing,Internship,False,Germany,2026-09-22 22:48:22,False,False,Germany,,,
1675,130,Senior Data Analyst,Lead Data Analyst,"Vinnytsia, Ukraine",via LinkedIn,Full-time,False,Ukraine,2026-09-08 21:48:36,True,False,Ukraine,,,
1676,17,Machine Learning Engineer,Machine Learning Engineer,"Ivano-Frankivsk, Ukraine",via Indeed,Contractor,False,Ukraine,2026-09-20 20:03:56,False,False,Ukraine,,,
1677,36,Senior Data Analyst,Senior Data Analyst,Anywhere,via Glassdoor,Internship,True,Ukraine,2026-09-14 19:48:22,False,True,Ukraine,,,
1678,57,Business Analyst,Junior Business Analyst,Anywhere,via Glassdoor,Full-time,True,Poland,2026-09-07 14:43:21,True,False,Poland,,,
1679,25,Business Analyst,BI Analyst,Anywhere,via StepStone,Part-time,True,Ukraine,2026-09-03 05:51:50,True,False,Ukraine,,,
1680,65,Data Engineer,Junior Data Engineer,"Katowice, Poland",via Rabota.ua,Internship,False,Poland,2026-08-18 04:59:20,True,True,Poland,,,
1681,12,Senior Data Engineer,Senior Data Engineer,"Odesa, Ukraine",via NoFluffJobs,Part-time,False,Ukraine,2026-09-02 20:20:50,False,False,Ukraine,year,40110.0,
1682,33,Data Engineer,BI Developer,"Ivano-Frankivsk, Ukraine",via NoFluffJobs,Full-time,False,Ukraine,2026-09-20 19:56:31,False,False,Ukraine,,,
1683,5,Data Analyst,Data Analyst,"Vinnytsia, Ukraine",via Xing,Full-time,False,Ukraine,2026-08-21 08:55:37,False,False,Ukraine,,,
1684,6,Data Analyst,Product Data Analyst,"Dnipro, Ukraine",via NoFluffJobs,Part-time,False,Ukraine,2026-09-14 05:17:10,False,False,Ukraine,,,
1685,24,Data Analyst,Data Analyst,Anywhere,via Robota.ua,Internship,True,Ukraine,2026-09-05 02:11:41,True,False,Ukraine,year,27316.0,
1686,49,Data Analyst,Product Data Analyst,"Wroclaw, Poland",via NoFluffJobs,Part-time,False,Poland,2026-09-14 10:03:13,False,True,Poland,,,
1687,6,Data Analyst,Data Quality Analyst,"Ivano-Frankivsk, Ukraine",via Rabota.ua,Part-time,True,Ukraine,2026-09-22 01:30:53,True,True,Ukraine,,,
1688,70,Senior Data Analyst,Senior Data Analyst,"Warsaw, Poland",via NoFluffJobs,Full-time,False,Poland,2026-09-08 18:23:45,True,True,Poland,,,
1689,83,Data Engineer,Junior Data Engineer,"Hamburg, Germany",via Pracuj.pl,Contractor,False,Germany,2026-09-08 08:46:26,False,False,Germany,year,39234.0,
1690,121,Data Engineer,Data Engineer,"Stuttgart, Germany",via Indeed,Full-time,False,Germany,2026-08-16 01:41:25,True,True,Germany,,,
1691,83,Data Scientist,Data Scientist,"Munich, Germany",via Rabota.ua,Full-time,False,Germany,2026-08-27 22:46:30,False,False,Germany,,,
1692,93,Business Analyst,BI Analyst,"Berlin, Germany",via Pracuj.pl,Part-time,False,Germany,2026-09-21 18:45:49,True,True,Germany,year,65520.0,
1693,53,Senior Data Engineer,Senior Data Engineer,"Gdansk, Poland",via Indeed,Part-time,False,Poland,2026-09-20 06:30:52,True,True,Poland,year,47560.0,
1694,92,Data Engineer,ETL Developer,"Dusseldorf, Germany",via Glassdoor,Contractor,False,Germany,2026-09-07 10:35:38,True,True,Germany,,,
1695,109,Data Engineer,Junior Data Engineer,"Hamburg, Germany",via Robota.ua,Part-time,False,Germany,2026-09-12 16:39:31,True,False,Germany,year,49240.0,
1696,45,Data Analyst,Business Data Analyst,"Katowice, Poland",via Rabota.ua,Full-time,True,Poland,2026-09-17 07:06:48,True,False,Poland,,,
1697,73,Senior Data Engineer,Lead Data Engineer,"Krakow, Poland",via NoFluffJobs,Part-time,False,Poland,2026-08-15 03:00:35,False,False,Poland,,,
1698,128,Data Analyst,Data Analyst (Marketing),"Poznan, Poland",via NoFluffJobs,Full-time,False,Poland,2026-08-29 07:19:52,False,True,Poland,,,
1699,115,Senior Data Scientist,Senior Data Scientist,"Lviv, Ukraine",via Djinni,Full-time,False,Ukraine,2026-08-15 05:13:31,True,False,Ukraine,,,
1700,13,Data Analyst,Data Analyst,"Dnipro, Ukraine",via Xing,Contractor,False,Ukraine,2026-09-12 07:26:24,True,False,Ukraine,,,
1701,37,Data Analyst,Data Analyst (Marketing),"Vinnytsia, Ukraine",via Pracuj.pl,Part-time,False,Ukraine,2026-09-22 21:43:22,False,False,Ukraine,,,
1702,65,Data Scientist,Junior Data Scientist,"Wroclaw, Poland",via Pracuj.pl,Contractor,False,Poland,2026-09-14 15:17:15,False,True,Poland,year,17637.0,
1703,112,Data Engineer,BI Developer,"Berlin, Germany",via LinkedIn,Full-time,False,Germany,2026-09-04 18:00:20,True,False,Germany,,,
1704,97,Data Analyst,Junior Data Analyst,"Hamburg, Germany",via Work.ua,Full-time,False,Germany,2026-09-10 10:15:12,False,False,Germany,,,
1705,67,Business Analyst,Business Analyst,"Lodz, Poland",via StepStone,Contractor,False,Poland,2026-09-19 15:48:40,True,False,Poland,,,
1706,54,Data Analyst,Product Data Analyst,"Gdansk, Poland",via Indeed,Contractor,False,Poland,2026-08-16 18:31:42,False,False,Poland,,,
1707,19,Data Engineer,BI Developer,"Ivano-Frankivsk, Ukraine",via Xing,Internship,True,Ukraine,2026-08-16 21:05:01,False,False,Ukraine,,,
1708,56,Data Analyst,Data Analyst (Marketing),Anywhere,via NoFluffJobs,Full-time,True,Poland,2026-09-21 17:53:49,False,False,Poland,,,
1709,89,Data Engineer,BI Developer,"Cologne, Germany",via NoFluffJobs,Internship,True,Germany,2026-09-04 06:44:35,False,True,Germany,,,
1710,12,Business Analyst,Business Analyst,"Kharkiv, Ukraine",via NoFluffJobs,Contractor,False,Ukraine,2026-09-19 07:35:28,False,False,Ukraine,year,22248.0,
1711,110,Business Analyst,BI Analyst,"Hamburg, Germany",via Indeed,Internship,True,Germany,2026-08-27 18:02:53,False,True,Germany,year,61384.0,
1712,5,Senior Data Analyst,Lead Data Analyst,"Kyiv, Ukraine",via Glassdoor,Contractor,False,Ukraine,2026-09-07 11:36:22,False,True,Ukraine,,,
1713,29,Data Engineer,Power BI Developer,"Lviv, Ukraine",via StepStone,Full-time,True,Ukraine,2026-09-04 16:28:09,True,False,Ukraine,,,
1714,99,Business Analyst,Business Analyst,"Dusseldorf, Germany",via StepStone,Internship,False,Germany,2026-08-22 13:49:43,False,True,Germany,,,
1715,79,Data Analyst,Data Analyst,"Cologne, Germany",via Pracuj.pl,Full-time,False,Germany,2026-09-25 17:37:08,True,False,Germany,,,
1716,50,Machine Learning Engineer,Machine Learning Engineer,"Lodz, Poland",via Work.ua,Contractor,False,Poland,2026-09-02 15:08:55,True,True,Poland,,,
1717,44,Senior Data Analyst,Senior Data Analyst,"Kyiv, Ukraine",via LinkedIn,Full-time,False,Ukraine,2026-09-06 06:37:58,False,False,Ukraine,,,
1718,128,Data Analyst,Data Analyst (Marketing),"Warsaw, Poland",via StepStone,Contractor,False,Poland,2026-08-28 02:31:52,True,False,Poland,,,
1719,15,Data Engineer,Power BI Developer,"Kharkiv, Ukraine",via NoFluffJobs,Full-time,False,Ukraine,2026-08-21 12:16:20,True,True,Ukraine,,,
1720,46,Senior Data Scientist,Senior Data Scientist,Anywhere,via Pracuj.pl,Full-time,True,Poland,2026-08-17 17:03:40,False,False,Poland,,,
1721,91,Business Analyst,BI Analyst,"Stuttgart, Germany",via Pracuj.pl,Full-time,True,Germany,2026-08-21 11:11:27,True,False,Germany,,,
1722,7,Data Scientist,Junior Data Scientist,"Kyiv, Ukraine",via StepStone,Contractor,False,Ukraine,2026-09-11 04:01:38,True,False,Ukraine,hour,,6.53
1723,125,Data Scientist,Junior Data Scientist,"Berlin, Germany",via Indeed,Internship,False,Germany,2026-08-22 06:22:12,True,True,Germany,,,
1724,82,Business Analyst,Business Intelligence Analyst,"Cologne, Germany",via Rabota.ua,Full-time,False,Germany,2026-08-24 15:21:00,False,False,Germany,,,
1725,97,Data Analyst,Data Analyst (Marketing),"Hamburg, Germany",via LinkedIn,Internship,False,Germany,2026-08-26 21:39:13,False,False,Germany,,,
1726,13,Senior Data Analyst,Lead Data Analyst,"Vinnytsia, Ukraine",via StepStone,Full-time,False,Ukraine,2026-09-21 20:54:18,False,False,Ukraine,,,
1727,119,Senior Data Analyst,Lead Data Analyst,Anywhere,via Robota.ua,Internship,True,Ukraine,2026-09-09 13:32:16,False,False,Ukraine,,,
1728,116,Senior Data Engineer,Senior Data Engineer,"Hamburg, Germany",via Djinni,Internship,True,Germany,2026-08-28 03:30:28,False,True,Germany,,,
1729,63,Senior Data Analyst,Lead Data Analyst,"Warsaw, Poland",via Indeed,Full-time,True,Poland,2026-09-18 01:55:07,False,True,Poland,,,
1730,88,Senior Data Analyst,Senior Data Analyst,"Cologne, Germany",via NoFluffJobs,Part-time,False,Germany,2026-08-20 00:43:24,False,True,Germany,,,
1731,36,Data Scientist,Junior Data Scientist,Anywhere,via StepStone,Internship,True,Ukraine,2026-09-22 04:09:59,False,True,Ukraine,,,
1732,95,Data Scientist,Junior Data Scientist,"Berlin, Germany",via Xing,Part-time,False,Germany,2026-08-19 01:36:39,False,True,Germany,,,
1733,41,Data Analyst,Data Analyst,Anywhere,via Work.ua,Contractor,True,Ukraine,2026-08-27 01:33:43,False,True,Ukraine,,,
1734,130,Senior Data Scientist,Senior Data Scientist,"Ivano-Frankivsk, Ukraine",via LinkedIn,Contractor,True,Ukraine,2026-08-15 20:11:41,False,False,Ukraine,,,
1735,29,Senior Data Scientist,Senior Data Scientist,"Odesa, Ukraine",via Xing,Contractor,True,Ukraine,2026-08-26 10:16:02,True,False,Ukraine,,,
1736,36,Data Engineer,ETL Developer,"Ivano-Frankivsk, Ukraine",via Indeed,Part-time,False,Ukraine,2026-09-17 07:30:53,False,False,Ukraine,,,
1737,38,Data Engineer,Data Engineer,Anywhere,via Robota.ua,Full-time,True,Ukraine,2026-09-24 02:50:14,False,False,Ukraine,,,
1738,119,Cloud Engineer,Cloud Data Engineer,"Vinnytsia, Ukraine",via Indeed,Full-time,True,Ukraine,2026-08-26 12:03:43,False,True,Ukraine,,,
1739,118,Data Analyst,Product Data Analyst,"Dnipro, Ukraine",via Djinni,Part-time,True,Ukraine,2026-09-24 18:23:01,False,False,Ukraine,,,
1740,110,Senior Data Analyst,Lead Data Analyst,"Munich, Germany",via Indeed,Full-time,False,Germany,2026-09-07 05:16:07,True,False,Germany,year,80572.0,
1741,117,Machine Learning Engineer,Machine Learning Engineer,Anywhere,via Glassdoor,Contractor,True,Poland,2026-09-02 02:42:19,False,True,Poland,hour,,13.57
1742,20,Machine Learning Engineer,Machine Learning Engineer,"Ivano-Frankivsk, Ukraine",via StepStone,Full-time,False,Ukraine,2026-08-21 15:06:20,False,True,Ukraine,year,17950.0,
1743,27,Data Analyst,Product Data Analyst,"Odesa, Ukraine",via Glassdoor,Internship,False,Ukraine,2026-08-31 02:36:57,False,False,Ukraine,,,
1744,1,Senior Data Scientist,Senior Data Scientist,"Lviv, Ukraine",via Indeed,Full-time,False,Ukraine,2026-08-28 20:56:02,True,False,Ukraine,,,
1745,97,Data Engineer,ETL Developer,"Dusseldorf, Germany",via LinkedIn,Full-time,False,Germany,2026-09-20 02:42:49,False,False,Germany,,,
1746,47,Data Analyst,Data Analyst (Marketing),"Poznan, Poland",via Robota.ua,Full-time,False,Poland,2026-08-19 03:16:56,False,True,Poland,,,
1747,11,Data Scientist,Junior Data Scientist,"Kharkiv, Ukraine",via Djinni,Contractor,False,Ukraine,2026-09-16 08:25:03,True,False,Ukraine,,,
1748,57,Data Analyst,Business Data Analyst,"Katowice, Poland",via Work.ua,Full-time,True,Poland,2026-09-11 08:37:50,True,True,Poland,,,
1749,47,Data Engineer,Power BI Developer,"Gdansk, Poland",via Rabota.ua,Full-time,False,Poland,2026-09-15 17:38:54,False,False,Poland,,,
1750,75,Data Analyst,Data Analyst (Marketing),"Gdansk, Poland",via Work.ua,Full-time,False,Poland,2026-09-25 20:54:38,False,True,Poland,,,
1751,103,Senior Data Engineer,Lead Data Engineer,"Berlin, Germany",via LinkedIn,Part-time,False,Germany,2026-08-28 15:01:05,False,True,Germany,,,
1752,98,Business Analyst,Junior Business Analyst,"Dusseldorf, Germany",via LinkedIn,Contractor,False,Germany,2026-08-28 23:56:38,False,False,Germany,,,
1753,129,Data Engineer,BI Developer,"Kyiv, Ukraine",via StepStone,Internship,False,Ukraine,2026-09-25 01:25:32,False,True,Ukraine,year,27520.0,
1754,35,Business Analyst,Business Intelligence Analyst,"Kyiv, Ukraine",via Work.ua,Part-time,False,Ukraine,2026-09-06 13:07:27,True,False,Ukraine,year,27579.0,
1755,75,Data Analyst,Data Analyst (Marketing),"Poznan, Poland",via Djinni,Internship,True,Poland,2026-09-03 23:09:00,False,True,Poland,,,
1756,62,Cloud Engineer,Cloud Data Engineer,"Wroclaw, Poland",via NoFluffJobs,Full-time,False,Poland,2026-09-25 00:55:49,False,True,Poland,,,
1757,89,Data Engineer,Analytics Engineer,"Frankfurt, Germany",via Rabota.ua,Full-time,False,Germany,2026-09-11 21:50:57,True,False,Germany,year,59374.0,
1758,77,Cloud Engineer,Cloud Data Engineer,"Poznan, Poland",via Djinni,Full-time,False,Poland,2026-08-28 04:52:46,True,True,Poland,year,22534.0,
1759,63,Data Analyst,Data Analyst,"Katowice, Poland",via Glassdoor,Part-time,False,Poland,2026-08-28 15:39:10,True,False,Poland,year,35052.0,
1760,116,Business Analyst,Business Intelligence Analyst,"Munich, Germany",via Djinni,Contractor,False,Germany,2026-09-18 09:17:45,False,False,Germany,,,
1761,88,Data Analyst,Junior Data Analyst,Anywhere,via LinkedIn,Internship,True,Germany,2026-08-31 18:17:25,True,False,Germany,,,
1762,31,Business Analyst,Business Analyst,"Lviv, Ukraine",via LinkedIn,Internship,False,Ukraine,2026-09-19 05:36:41,False,False,Ukraine,,,
1763,66,Business Analyst,Business Intelligence Analyst,"Lodz, Poland",via Djinni,Full-time,False,Poland,2026-08-30 06:47:02,False,True,Poland,,,
1764,1,Software Engineer,Data Software Engineer,"Vinnytsia, Ukraine",via LinkedIn,Part-time,False,Ukraine,2026-08-30 15:13:46,True,True,Ukraine,,,
1765,38,Data Scientist,Junior Data Scientist,"Vinnytsia, Ukraine",via LinkedIn,Contractor,False,Ukraine,2026-08-24 03:25:11,False,True,Ukraine,,,
1766,29,Data Scientist,Data Scientist,"Vinnytsia, Ukraine",via Work.ua,Contractor,False,Ukraine,2026-09-12 19:40:07,True,False,Ukraine,,,
1767,100,Machine Learning Engineer,Machine Learning Engineer,"Munich, Germany",via Glassdoor,Full-time,False,Germany,2026-09-02 05:02:20,True,False,Germany,,,
1768,65,Data Analyst,Data Analyst,"Krakow, Poland",via Pracuj.pl,Internship,False,Poland,2026-08-20 09:55:02,True,False,Poland,year,32081.0,
1769,59,Data Analyst,Data Analyst,"Warsaw, Poland",via Pracuj.pl,Full-time,True,Poland,2026-08-16 09:45:26,True,True,Poland,,,
1770,55,Senior Data Analyst,Senior Data Analyst,"Poznan, Poland",via StepStone,Part-time,False,Poland,2026-09-22 04:55:18,False,True,Poland,,,
1771,68,Senior Data Analyst,Lead Data Analyst,"Warsaw, Poland",via Djinni,Full-time,False,Poland,2026-09-20 10:38:01,True,True,Poland,,,
1772,58,Data Scientist,Data Scientist,"Warsaw, Poland",via Work.ua,Full-time,False,Poland,2026-08-30 03:37:29,False,True,Poland,,,
1773,91,Data Engineer,Data Engineer,"Hamburg, Germany",via Djinni,Full-time,True,Germany,2026-08-30 14:40:08,True,False,Germany,,,
1774,113,Data Scientist,Junior Data Scientist,"Dusseldorf, Germany",via StepStone,Full-time,False,Germany,2026-09-09 07:56:50,False,False,Germany,,,
1775,111,Senior Data Analyst,Lead Data Analyst,Anywhere,via Work.ua,Contractor,True,Germany,2026-09-17 01:20:15,True,True,Germany,hour,,50.63
1776,33,Senior Data Engineer,Senior Data Engineer,"Lviv, Ukraine",via NoFluffJobs,Full-time,False,Ukraine,2026-09-08 08:08:21,False,False,Ukraine,year,35622.0,
1777,120,Data Engineer,Junior Data Engineer,"Ivano-Frankivsk, Ukraine",via Rabota.ua,Full-time,False,Ukraine,2026-09-01 14:30:30,False,False,Ukraine,,,
1778,95,Business Analyst,Business Intelligence Analyst,"Frankfurt, Germany",via Rabota.ua,Full-time,False,Germany,2026-09-15 08:58:17,False,False,Germany,,,
1779,116,Data Analyst,Business Data Analyst,"Cologne, Germany",via LinkedIn,Internship,False,Germany,2026-09-05 00:36:57,True,True,Germany,year,62334.0,
1780,100,Data Engineer,BI Developer,Anywhere,via LinkedIn,Internship,True,Germany,2026-09-19 18:17:53,False,True,Germany,,,
1781,105,Data Analyst,Business Data Analyst,"Berlin, Germany",via Glassdoor,Part-time,True,Germany,2026-09-09 03:27:22,True,False,Germany,,,
1782,58,Data Analyst,Product Data Analyst,"Lodz, Poland",via LinkedIn,Internship,False,Poland,2026-09-14 05:21:38,True,True,Poland,,,
1783,2,Data Analyst,Data Quality Analyst,"Dnipro, Ukraine",via Xing,Full-time,False,Ukraine,2026-08-24 06:49:30,True,True,Ukraine,,,
1784,46,Senior Data Scientist,Senior Data Scientist,"Krakow, Poland",via Robota.ua,Part-time,False,Poland,2026-09-03 13:57:16,True,True,Poland,year,41425.0,
1785,78,Business Analyst,Business Analyst,"Stuttgart, Germany",via Indeed,Contractor,False,Germany,2026-09-11 20:37:16,True,False,Germany,,,
1786,0,Data Engineer,Junior Data Engineer,"Dnipro, Ukraine",via Rabota.ua,Full-time,False,Ukraine,2026-08-18 23:15:00,False,False,Ukraine,,,
1787,67,Senior Data Analyst,Senior Data Analyst,"Poznan, Poland",via Rabota.ua,Internship,False,Poland,2026-09-03 21:49:44,False,False,Poland,year,58992.0,
1788,98,Data Scientist,Data Scientist,"Frankfurt, Germany",via Indeed,Contractor,False,Germany,2026-08-25 16:31:30,True,False,Germany,,,
1789,62,Data Analyst,Business Data Analyst,"Warsaw, Poland",via LinkedIn,Contractor,False,Poland,2026-08-21 18:04:08,False,False,Poland,year,29302.0,
1790,85,Data Analyst,Data Analyst (Finance),"Hamburg, Germany",via Djinni,Internship,False,Germany,2026-08-20 00:56:07,False,False,Germany,,,
1791,92,Cloud Engineer,Cloud Data Engineer,"Cologne, Germany",via Djinni,Contractor,False,Germany,2026-09-07 13:01:51,False,True,Germany,hour,,40.81
1792,86,Data Scientist,Data Scientist,"Frankfurt, Germany",via Rabota.ua,Full-time,False,Germany,2026-08-15 00:26:04,True,True,Germany,,,
1793,30,Software Engineer,Data Software Engineer,"Dnipro, Ukraine",via Djinni,Full-time,False,Ukraine,2026-08-30 02:45:07,False,True,Ukraine,,,
1794,100,Data Analyst,Data Analyst (Finance),"Stuttgart, Germany",via NoFluffJobs,Contractor,False,Germany,2026-09-06 00:53:17,True,True,Germany,,,
1795,76,Senior Data Engineer,Lead Data Engineer,"Katowice, Poland",via Djinni,Internship,False,Poland,2026-09-17 05:31:49,False,False,Poland,,,
1796,75,Data Analyst,Junior Data Analyst,"Lodz, Poland",via StepStone,Contractor,False,Poland,2026-09-04 01:16:17,False,True,Poland,,,
1797,74,Business Analyst,Business Analyst,"Katowice, Poland",via Djinni,Full-time,False,Poland,2026-08-22 07:28:42,False,True,Poland,,,
1798,19,Cloud Engineer,Cloud Data Engineer,Anywhere,via Rabota.ua,Full-time,True,Ukraine,2026-08-17 13:34:04,False,True,Ukraine,,,
1799,30,Senior Data Engineer,Lead Data Engineer,"Kyiv, Ukraine",via Glassdoor,Full-time,True,Ukraine,2026-08-22 22:47:34,False,True,Ukraine,,,
1800,69,Senior Data Analyst,Lead Data Analyst,"Wroclaw, Poland",via Xing,Internship,False,Poland,2026-08-25 05:35:48,True,False,Poland,year,42517.0,
1801,2,Senior Data Analyst,Lead Data Analyst,"Dnipro, Ukraine",via LinkedIn,Part-time,False,Ukraine,2026-09-20 03:10:43,False,True,Ukraine,,,
1802,77,Senior Data Engineer,Senior Data Engineer,"Gdansk, Poland",via LinkedIn,Part-time,False,Poland,2026-09-18 01:09:22,False,False,Poland,,,
1803,102,Data Analyst,Data Analyst (Marketing),Anywhere,via Indeed,Full-time,True,Germany,2026-09-11 22:26:09,False,True,Germany,,,
1804,129,Business Analyst,Junior Business Analyst,"Kyiv, Ukraine",via Robota.ua,Full-time,False,Ukraine,2026-09-01 11:02:51,False,False,Ukraine,year,13301.0,
1805,56,Senior Data Scientist,Senior Data Scientist,"Poznan, Poland",via LinkedIn,Full-time,False,Poland,2026-09-24 00:27:24,True,True,Poland,,,
1806,22,Data Engineer,BI Developer,Anywhere,via LinkedIn,Contractor,True,Ukraine,2026-09-01 18:55:54,False,False,Ukraine,,,
1807,83,Data Analyst,Data Analyst,"Frankfurt, Germany",via StepStone,Part-time,False,Germany,2026-08-16 05:54:29,False,True,Germany,,,
1808,108,Data Scientist,Junior Data Scientist,Anywhere,via NoFluffJobs,Full-time,True,Germany,2026-09-14 06:57:34,False,True,Germany,,,
1809,87,Machine Learning Engineer,Machine Learning Engineer,"Munich, Germany",via NoFluffJobs,Full-time,False,Germany,2026-08-22 06:21:10,True,True,Germany,,,
1810,98,Data Analyst,Data Analyst,"Stuttgart, Germany",via Pracuj.pl,Full-time,False,Germany,2026-08-23 00:45:59,False,False,Germany,,,
1811,94,Senior Data Engineer,Lead Data Engineer,"Cologne, Germany",via StepStone,Contractor,False,Germany,2026-09-23 06:02:36,False,False,Germany,hour,,42.47
1812,90,Data Engineer,Junior Data Engineer,"Stuttgart, Germany",via Djinni,Part-time,False,Germany,2026-08-29 13:24:37,True,True,Germany,,,
1813,85,Software Engineer,Data Software Engineer,"Dusseldorf, Germany",via Rabota.ua,Full-time,False,Germany,2026-09-18 14:39:35,False,False,Germany,,,
1814,63,Data Engineer,Analytics Engineer,"Warsaw, Poland",via NoFluffJobs,Full-time,False,Poland,2026-09-23 23:45:42,True,True,Poland,year,34451.0,
1815,13,Data Analyst,Data Analyst (Finance),"Kyiv, Ukraine",via Glassdoor,Full-time,False,Ukraine,2026-09-17 01:53:35,False,False,Ukraine,year,18279.0,
1816,118,Business Analyst,Business Analyst,Anywhere,via NoFluffJobs,Full-time,True,Ukraine,2026-09-17 22:59:25,True,True,Ukraine,,,
1817,58,Data Analyst,Data Analyst (Marketing),"Lodz, Poland",via StepStone,Internship,False,Poland,2026-09-17 02:56:58,True,False,Poland,,,
1818,86,Data Engineer,BI Developer,"Frankfurt, Germany",via Pracuj.pl,Full-time,True,Germany,2026-09-23 19:50:29,False,True,Germany,year,52950.0,
1819,69,Machine Learning Engineer,Machine Learning Engineer,"Gdansk, Poland",via Indeed,Full-time,True,Poland,2026-09-18 12:58:44,False,False,Poland,year,22958.0,
1820,83,Data Analyst,Product Data Analyst,Anywhere,via Rabota.ua,Internship,True,Germany,2026-09-03 07:40:01,False,False,Germany,year,68162.0,
1821,27,Data Analyst,Data Analyst (Marketing),Anywhere,via LinkedIn,Full-time,True,Ukraine,2026-08-20 10:50:20,False,False,Ukraine,year,23581.0,
1822,58,Cloud Engineer,Cloud Data Engineer,Anywhere,via Xing,Part-time,True,Poland,2026-09-01 23:16:15,True,True,Poland,,,
1823,9,Data Engineer,Analytics Engineer,"Dnipro, Ukraine",via Djinni,Full-time,False,Ukraine,2026-09-12 14:18:26,False,True,Ukraine,,,
1824,33,Business Analyst,Junior Business Analyst,"Kyiv, Ukraine",via Robota.ua,Full-time,False,Ukraine,2026-09-10 15:39:17,True,False,Ukraine,year,15923.0,
1825,104,Data Engineer,Junior Data Engineer,"Dusseldorf, Germany",via NoFluffJobs,Internship,True,Germany,2026-08-31 13:41:32,False,True,Germany,,,
1826,41,Senior Data Analyst,Lead Data Analyst,"Odesa, Ukraine",via LinkedIn,Internship,False,Ukraine,2026-09-09 01:03:46,True,False,Ukraine,,,
1827,18,Data Analyst,Data Analyst,"Ivano-Frankivsk, Ukraine",via Rabota.ua,Part-time,False,Ukraine,2026-09-04 09:21:19,False,True,Ukraine,year,21695.0,
1828,67,Data Scientist,Data Scientist,"Katowice, Poland",via Robota.ua,Full-time,True,Poland,2026-09-19 18:32:59,False,False,Poland,,,
1829,1,Data Analyst,Business Data Analyst,"Kyiv, Ukraine",via NoFluffJobs,Full-time,False,Ukraine,2026-08-16 13:17:11,True,False,Ukraine,,,
1830,45,Data Analyst,Data Analyst (Marketing),"Katowice, Poland",via NoFluffJobs,Full-time,True,Poland,2026-09-02 15:56:31,False,True,Poland,year,28580.0,
1831,57,Senior Data Scientist,Senior Data Scientist,"Warsaw, Poland",via Djinni,Internship,False,Poland,2026-09-06 10:10:50,False,False,Poland,,,
1832,122,Data Engineer,Analytics Engineer,Anywhere,via Pracuj.pl,Full-time,True,Ukraine,2026-09-25 09:14:14,False,False,Ukraine,,,
1833,38,Data Analyst,Data Quality Analyst,Anywhere,via Glassdoor,Full-time,True,Ukraine,2026-08-31 20:40:48,False,True,Ukraine,,,
1834,86,Data Analyst,Data Analyst (Finance),Anywhere,via StepStone,Full-time,True,Germany,2026-09-02 05:39:32,True,False,Germany,year,66629.0,
1835,4,Data Analyst,Data Analyst (Finance),"Lviv, Ukraine",via Rabota.ua,Full-time,True,Ukraine,2026-09-14 18:36:36,True,False,Ukraine,,,
1836,7,Data Engineer,Junior Data Engineer,"Dnipro, Ukraine",via Pracuj.pl,Full-time,False,Ukraine,2026-08-18 22:55:29,False,False,Ukraine,year,14973.0,
1837,98,Data Scientist,Data Scientist,Anywhere,via Work.ua,Internship,True,Germany,2026-08-22 04:33:10,True,True,Germany,year,61049.0,
1838,54,Data Analyst,Data Analyst,"Katowice, Poland",via Glassdoor,Full-time,False,Poland,2026-09-23 11:41:46,True,True,Poland,year,32700.0,
1839,119,Data Analyst,Business Data Analyst,Anywhere,via Robota.ua,Full-time,True,Ukraine,2026-09-15 19:33:03,True,False,Ukraine,,,
1840,29,Data Analyst,Product Data Analyst,"Odesa, Ukraine",via Xing,Contractor,False,Ukraine,2026-08-27 12:36:51,True,False,Ukraine,,,
1841,64,Business Analyst,BI Analyst,"Wroclaw, Poland",via LinkedIn,Full-time,False,Poland,2026-09-10 11:06:20,False,False,Poland,year,36856.0,
1842,42,Cloud Engineer,Cloud Data Engineer,"Odesa, Ukraine",via Rabota.ua,Full-time,True,Ukraine,2026-09-25 09:52:31,True,True,Ukraine,year,25982.0,
1843,11,Data Analyst,Data Analyst (Finance),"Vinnytsia, Ukraine",via StepStone,Internship,False,Ukraine,2026-09-13 01:49:00,False,False,Ukraine,,,
1844,68,Cloud Engineer,Cloud Data Engineer,"Wroclaw, Poland",via Glassdoor,Internship,False,Poland,2026-09-20 21:10:45,False,False,Poland,,,
1845,122,Data Scientist,Data Scientist,Anywhere,via NoFluffJobs,Contractor,True,Ukraine,2026-09-22 06:46:06,True,False,Ukraine,,,
1846,68,Data Analyst,Business Data Analyst,"Gdansk, Poland",via LinkedIn,Part-time,False,Poland,2026-08-24 15:28:42,True,True,Poland,,,
1847,64,Senior Data Analyst,Senior Data Analyst,"Warsaw, Poland",via Djinni,Internship,False,Poland,2026-09-18 13:28:08,False,False,Poland,,,
1848,89,Data Engineer,Data Engineer,"Munich, Germany",via LinkedIn,Internship,False,Germany,2026-09-01 07:17:00,False,True,Germany,year,67043.0,
1849,99,Data Analyst,Data Analyst,"Stuttgart, Germany",via StepStone,Full-time,True,Germany,2026-09-23 00:50:48,False,True,Germany,year,66075.0,
1850,84,Data Analyst,Data Quality Analyst,Anywhere,via Work.ua,Full-time,True,Germany,2026-09-04 06:49:56,False,True,Germany,,,
1851,128,Data Analyst,Data Quality Analyst,"Warsaw, Poland",via LinkedIn,Contractor,False,Poland,2026-09-09 03:25:38,True,True,Poland,,,
1852,26,Senior Data Analyst,Senior Data Analyst,"Ivano-Frankivsk, Ukraine",via StepStone,Contractor,False,Ukraine,2026-09-01 19:26:52,True,True,Ukraine,,,
1853,6,Senior Data Scientist,Senior Data Scientist,"Dnipro, Ukraine",via Glassdoor,Full-time,False,Ukraine,2026-09-23 12:33:47,False,False,Ukraine,,,
1854,46,Data Analyst,Data Quality Analyst,"Gdansk, Poland",via Work.ua,Contractor,False,Poland,2026-09-12 04:46:42,True,False,Poland,,,
1855,108,Data Engineer,Analytics Engineer,"Munich, Germany",via NoFluffJobs,Full-time,False,Germany,2026-09-20 08:42:40,True,False,Germany,year,54434.0,
1856,15,Data Scientist,Data Scientist,"Kyiv, Ukraine",via Glassdoor,Part-time,False,Ukraine,2026-08-18 09:27:46,True,False,Ukraine,year,20165.0,
1857,42,Data Engineer,Power BI Developer,"Kharkiv, Ukraine",via StepStone,Part-time,False,Ukraine,2026-08-18 00:39:32,False,True,Ukraine,,,
1858,63,Business Analyst,BI Analyst,"Wroclaw, Poland",via Pracuj.pl,Full-time,False,Poland,2026-08-15 13:56:55,False,False,Poland,year,33846.0,
1859,95,Data Engineer,Junior Data Engineer,"Cologne, Germany",via LinkedIn,Full-time,False,Germany,2026-08-18 06:05:23,True,False,Germany,,,
1860,123,Senior Data Analyst,Senior Data Analyst,"Cologne, Germany",via NoFluffJobs,Part-time,False,Germany,2026-08-28 05:23:04,False,True,Germany,year,100826.0,
1861,0,Data Analyst,Business Data Analyst,"Dnipro, Ukraine",via Robota.ua,Contractor,False,Ukraine,2026-09-16 05:15:39,False,True,Ukraine,,,
1862,101,Business Analyst,Business Intelligence Analyst,"Munich, Germany",via NoFluffJobs,Full-time,False,Germany,2026-08-28 19:34:48,False,False,Germany,,,
1863,117,Data Scientist,Data Scientist,"Gdansk, Poland",via Work.ua,Full-time,True,Poland,2026-08-24 03:47:13,False,False,Poland,,,
1864,69,Software Engineer,Data Software Engineer,"Wroclaw, Poland",via Pracuj.pl,Full-time,False,Poland,2026-09-14 21:34:10,False,True,Poland,,,
1865,50,Machine Learning Engineer,Machine Learning Engineer,"Lodz, Poland",via LinkedIn,Full-time,True,Poland,2026-09-06 17:08:52,False,True,Poland,,,
1866,130,Cloud Engineer,Cloud Data Engineer,"Dnipro, Ukraine",via Pracuj.pl,Contractor,False,Ukraine,2026-09-14 10:48:24,False,False,Ukraine,,,
1867,84,Data Analyst,Junior Data Analyst,"Munich, Germany",via Robota.ua,Internship,False,Germany,2026-08-29 21:55:39,False,False,Germany,,,
1868,68,Data Analyst,Junior Data Analyst,"Wroclaw, Poland",via Rabota.ua,Full-time,True,Poland,2026-09-01 13:53:16,False,False,Poland,year,18092.0,
1869,69,Senior Data Scientist,Senior Data Scientist,"Gdansk, Poland",via Pracuj.pl,Full-time,False,Poland,2026-08-19 01:24:42,False,True,Poland,,,
1870,102,Senior Data Engineer,Senior Data Engineer,"Dusseldorf, Germany",via Rabota.ua,Full-time,False,Germany,2026-09-07 12:38:21,False,False,Germany,,,
1871,22,Data Engineer,BI Developer,"Ivano-Frankivsk, Ukraine",via StepStone,Full-time,False,Ukraine,2026-08-20 00:29:06,True,False,Ukraine,,,
1872,105,Data Analyst,Data Quality Analyst,"Cologne, Germany",via Glassdoor,Full-time,False,Germany,2026-08-22 06:11:27,False,False,Germany,,,
1873,86,Data Engineer,BI Developer,"Berlin, Germany",via Work.ua,Part-time,False,Germany,2026-09-03 22:15:02,False,False,Germany,,,
1874,14,Data Analyst,Junior Data Analyst,"Ivano-Frankivsk, Ukraine",via Glassdoor,Full-time,False,Ukraine,2026-09-08 00:13:03,True,True,Ukraine,year,12425.0,
1875,1,Data Scientist,Junior Data Scientist,"Kharkiv, Ukraine",via Work.ua,Full-time,True,Ukraine,2026-08-31 03:24:22,True,False,Ukraine,,,
1876,55,Data Analyst,Data Analyst (Finance),"Warsaw, Poland",via Rabota.ua,Contractor,True,Poland,2026-08-17 05:01:54,False,False,Poland,,,
1877,58,Data Analyst,Product Data Analyst,"Gdansk, Poland",via LinkedIn,Contractor,False,Poland,2026-09-15 04:57:31,True,False,Poland,,,
1878,76,Machine Learning Engineer,Machine Learning Engineer,"Lodz, Poland",via Djinni,Full-time,True,Poland,2026-09-03 18:17:24,False,False,Poland,year,36310.0,
1879,81,Data Analyst,Data Analyst,Anywhere,via Pracuj.pl,Full-time,True,Germany,2026-09-24 06:21:36,False,True,Germany,,,
1880,119,Data Analyst,Data Analyst,"Vinnytsia, Ukraine",via LinkedIn,Internship,False,Ukraine,2026-08-15 00:50:35,True,True,Ukraine,,,
1881,98,Senior Data Analyst,Senior Data Analyst,"Berlin, Germany",via Pracuj.pl,Internship,False,Germany,2026-09-07 11:32:45,False,False,Germany,,,
1882,73,Data Analyst,Data Analyst (Finance),"Warsaw, Poland",via LinkedIn,Part-time,False,Poland,2026-08-22 15:49:22,True,False,Poland,year,37730.0,
1883,113,Data Analyst,Data Analyst,"Dusseldorf, Germany",via Rabota.ua,Full-time,False,Germany,2026-09-24 16:40:18,False,False,Germany,,,
1884,132,Data Scientist,Junior Data Scientist,"Lviv, Ukraine",via Work.ua,Contractor,False,Ukraine,2026-09-05 07:18:31,False,True,Ukraine,,,
1885,38,Data Analyst,Product Data Analyst,"Kyiv, Ukraine",via Xing,Full-time,False,Ukraine,2026-09-03 15:12:20,False,False,Ukraine,year,21389.0,
1886,67,Data Analyst,Data Analyst,"Krakow, Poland",via Indeed,Internship,False,Poland,2026-09-03 14:02:09,False,True,Poland,,,
1887,119,Data Engineer,Data Engineer,"Odesa, Ukraine",via Djinni,Contractor,False,Ukraine,2026-09-10 05:11:34,True,False,Ukraine,,,
1888,3,Data Analyst,Data Quality Analyst,"Ivano-Frankivsk, Ukraine",via Djinni,Full-time,False,Ukraine,2026-09-18 05:51:37,False,False,Ukraine,,,
1889,44,Data Scientist,Junior Data Scientist,"Ivano-Frankivsk, Ukraine",via StepStone,Full-time,False,Ukraine,2026-09-08 05:21:57,True,True,Ukraine,,,
1890,51,Data Scientist,Data Scientist,"Lodz, Poland",via Robota.ua,Part-time,True,Poland,2026-09-06 20:21:48,False,True,Poland,,,
1891,101,Data Scientist,Data Scientist,"Munich, Germany",via Xing,Part-time,False,Germany,2026-08-17 11:11:33,False,False,Germany,,,
1892,38,Data Analyst,Data Analyst (Finance),"Dnipro, Ukraine",via Indeed,Internship,True,Ukraine,2026-09-14 14:50:25,False,False,Ukraine,,,
1893,35,Data Analyst,Data Quality Analyst,"Dnipro, Ukraine",via Pracuj.pl,Full-time,False,Ukraine,2026-09-11 18:07:56,True,False,Ukraine,,,
1894,20,Data Engineer,BI Developer,"Ivano-Frankivsk, Ukraine",via Indeed,Full-time,True,Ukraine,2026-08-25 22:30:13,True,True,Ukraine,year,25073.0,
1895,5,Business Analyst,Junior Business Analyst,"Kharkiv, Ukraine",via StepStone,Contractor,False,Ukraine,2026-09-08 22:35:05,False,False,Ukraine,hour,,7.8
1896,13,Senior Data Engineer,Lead Data Engineer,"Dnipro, Ukraine",via Work.ua,Contractor,False,Ukraine,2026-08-30 17:02:04,True,True,Ukraine,,,
1897,55,Data Analyst,Junior Data Analyst,"Poznan, Poland",via Glassdoor,Full-time,False,Poland,2026-09-06 09:07:17,False,True,Poland,,,
1898,109,Senior Data Analyst,Senior Data Analyst,Anywhere,via Rabota.ua,Internship,True,Germany,2026-08-16 00:34:55,False,False,Germany,,,
1899,77,Senior Data Analyst,Lead Data Analyst,"Warsaw, Poland",via LinkedIn,Internship,False,Poland,2026-08-31 02:32:43,False,False,Poland,,,
1900,23,Senior Data Scientist,Senior Data Scientist,"Odesa, Ukraine",via Indeed,Full-time,False,Ukraine,2026-08-20 08:36:12,False,False,Ukraine,year,43485.0,
1901,75,Senior Data Analyst,Senior Data Analyst,Anywhere,via Work.ua,Part-time,True,Poland,2026-09-10 17:51:06,True,True,Poland,,,
1902,17,Senior Data Analyst,Senior Data Analyst,"Kyiv, Ukraine",via Djinni,Full-time,False,Ukraine,2026-09-09 15:04:26,True,True,Ukraine,,,
1903,45,Senior Data Scientist,Senior Data Scientist,"Krakow, Poland",via LinkedIn,Full-time,True,Poland,2026-09-21 02:26:30,False,True,Poland,,,
1904,124,Data Engineer,BI Developer,"Munich, Germany",via Xing,Full-time,False,Germany,2026-08-30 18:20:15,False,True,Germany,,,
1905,67,Data Analyst,Data Analyst,"Lodz, Poland",via LinkedIn,Full-time,False,Poland,2026-09-20 08:24:31,True,True,Poland,,,
1906,67,Data Analyst,Data Analyst (Finance),"Gdansk, Poland",via Robota.ua,Full-time,False,Poland,2026-09-19 14:19:32,True,True,Poland,,,
1907,89,Machine Learning Engineer,Machine Learning Engineer,"Dusseldorf, Germany",via Work.ua,Part-time,False,Germany,2026-09-25 21:21:40,True,True,Germany,,,
1908,12,Senior Data Analyst,Senior Data Analyst,"Odesa, Ukraine",via NoFluffJobs,Contractor,False,Ukraine,2026-08-20 16:17:22,True,False,Ukraine,,,
1909,45,Data Analyst,Product Data Analyst,"Gdansk, Poland",via Pracuj.pl,Part-time,False,Poland,2026-09-20 05:12:48,False,False,Poland,year,24088.0,
1910,59,Data Analyst,Business Data Analyst,"Krakow, Poland",via Djinni,Internship,False,Poland,2026-08-15 07:28:46,False,False,Poland,,,
1911,82,Business Analyst,BI Analyst,"Stuttgart, Germany",via Djinni,Full-time,False,Germany,2026-09-17 13:49:54,True,False,Germany,,,
1912,99,Data Analyst,Product Data Analyst,Anywhere,via NoFluffJobs,Part-time,True,Germany,2026-09-02 05:22:57,True,False,Germany,,,
1913,57,Data Engineer,Data Engineer,"Katowice, Poland",via NoFluffJobs,Full-time,False,Poland,2026-09-14 06:33:45,False,False,Poland,,,
1914,126,Business Analyst,BI Analyst,"Kyiv, Ukraine",via Robota.ua,Full-time,False,Ukraine,2026-09-02 22:23:24,False,False,Ukraine,year,17015.0,
1915,25,Data Analyst,Junior Data Analyst,"Ivano-Frankivsk, Ukraine",via Work.ua,Full-time,True,Ukraine,2026-09-17 17:10:52,False,False,Ukraine,,,
1916,121,Data Analyst,Business Data Analyst,"Berlin, Germany",via Work.ua,Full-time,True,Germany,2026-09-17 14:16:21,True,False,Germany,,,
1917,116,Data Scientist,Junior Data Scientist,"Cologne, Germany",via Djinni,Internship,False,Germany,2026-08-25 02:50:12,True,False,Germany,,,
1918,35,Data Analyst,Junior Data Analyst,"Kyiv, Ukraine",via Work.ua,Contractor,False,Ukraine,2026-09-06 14:55:33,False,True,Ukraine,year,9764.0,
1919,119,Senior Data Engineer,Senior Data Engineer,"Dnipro, Ukraine",via Indeed,Contractor,False,Ukraine,2026-08-28 14:05:37,False,True,Ukraine,,,
1920,34,Senior Data Scientist,Senior Data Scientist,"Kharkiv, Ukraine",via Xing,Contractor,False,Ukraine,2026-09-09 18:17:07,True,True,Ukraine,,,
1921,39,Business Analyst,Junior Business Analyst,"Vinnytsia, Ukraine",via Xing,Full-time,False,Ukraine,2026-09-23 01:43:18,False,True,Ukraine,,,
1922,84,Data Analyst,Data Quality Analyst,"Frankfurt, Germany",via Pracuj.pl,Full-time,False,Germany,2026-09-13 10:05:55,False,False,Germany,,,
1923,7,Data Engineer,Data Engineer,"Vinnytsia, Ukraine",via Glassdoor,Contractor,False,Ukraine,2026-08-15 23:30:22,True,True,Ukraine,,,
1924,1,Senior Data Engineer,Lead Data Engineer,Anywhere,via Djinni,Part-time,True,Ukraine,2026-09-09 05:26:26,False,False,Ukraine,,,
1925,59,Senior Data Analyst,Senior Data Analyst,"Poznan, Poland",via NoFluffJobs,Full-time,False,Poland,2026-09-20 15:28:01,False,True,Poland,,,
1926,102,Data Engineer,Analytics Engineer,"Frankfurt, Germany",via StepStone,Internship,True,Germany,2026-08-17 02:44:11,False,False,Germany,,,
1927,13,Data Engineer,BI Developer,"Kyiv, Ukraine",via Djinni,Part-time,True,Ukraine,2026-08-25 06:12:05,False,True,Ukraine,,,
1928,1,Data Engineer,Junior Data Engineer,Anywhere,via Glassdoor,Internship,True,Ukraine,2026-09-20 23:54:12,False,True,Ukraine,,,
1929,37,Data Analyst,Data Analyst (Marketing),"Dnipro, Ukraine",via Work.ua,Full-time,True,Ukraine,2026-09-18 09:04:40,False,False,Ukraine,,,
1930,80,Data Analyst,Product Data Analyst,"Munich, Germany",via Rabota.ua,Full-time,True,Germany,2026-08-29 17:17:47,False,False,Germany,year,57987.0,
1931,6,Data Scientist,Data Scientist,"Dnipro, Ukraine",via NoFluffJobs,Full-time,False,Ukraine,2026-09-05 20:16:52,True,False,Ukraine,,,
1932,69,Business Analyst,Business Intelligence Analyst,"Krakow, Poland",via NoFluffJobs,Full-time,False,Poland,2026-09-07 22:56:34,False,True,Poland,,,
1933,113,Data Engineer,Power BI Developer,"Dusseldorf, Germany",via Xing,Internship,True,Germany,2026-09-06 18:29:13,False,True,Germany,year,52024.0,
1934,117,Senior Data Engineer,Senior Data Engineer,"Krakow, Poland",via LinkedIn,Contractor,False,Poland,2026-09-19 15:15:00,False,True,Poland,hour,,21.57
1935,70,Data Engineer,Power BI Developer,"Lodz, Poland",via StepStone,Full-time,False,Poland,2026-09-22 15:23:24,False,False,Poland,,,
1936,19,Business Analyst,Junior Business Analyst,"Kyiv, Ukraine",via Xing,Full-time,False,Ukraine,2026-09-14 05:46:55,False,True,Ukraine,,,
1937,74,Data Scientist,Junior Data Scientist,"Katowice, Poland",via Robota.ua,Internship,False,Poland,2026-09-04 21:47:24,False,True,Poland,year,14409.0,
1938,112,Data Analyst,Data Analyst (Marketing),"Berlin, Germany",via Pracuj.pl,Full-time,False,Germany,2026-09-21 00:40:25,False,False,Germany,,,
1939,51,Data Engineer,Junior Data Engineer,"Krakow, Poland",via Djinni,Part-time,False,Poland,2026-09-25 19:47:43,True,True,Poland,year,14763.0,
1940,112,Data Scientist,Data Scientist,"Dusseldorf, Germany",via Indeed,Full-time,False,Germany,2026-09-14 02:01:31,False,True,Germany,year,59858.0,
1941,69,Data Analyst,Data Analyst (Marketing),"Poznan, Poland",via Indeed,Contractor,True,Poland,2026-09-01 06:02:35,False,False,Poland,year,25762.0,
1942,121,Senior Data Analyst,Lead Data Analyst,"Berlin, Germany",via Rabota.ua,Full-time,False,Germany,2026-09-15 14:33:34,False,True,Germany,,,
1943,69,Data Engineer,Power BI Developer,"Krakow, Poland",via NoFluffJobs,Contractor,False,Poland,2026-09-01 14:40:55,False,False,Poland,,,
1944,113,Data Scientist,Data Scientist,Anywhere,via StepStone,Full-time,True,Germany,2026-09-18 22:54:25,True,True,Germany,year,52103.0,
1945,93,Machine Learning Engineer,Machine Learning Engineer,"Stuttgart, Germany",via Glassdoor,Full-time,False,Germany,2026-08-27 22:49:39,False,True,Germany,,,
1946,38,Data Analyst,Data Quality Analyst,"Vinnytsia, Ukraine",via Djinni,Contractor,False,Ukraine,2026-08-26 12:14:43,True,True,Ukraine,,,
1947,99,Data Analyst,Junior Data Analyst,"Berlin, Germany",via NoFluffJobs,Internship,False,Germany,2026-09-13 15:08:05,True,True,Germany,,,
1948,78,Senior Data Scientist,Senior Data Scientist,"Munich, Germany",via Indeed,Contractor,False,Germany,2026-08-27 20:28:07,True,False,Germany,hour,,48.51
1949,8,Data Analyst,Data Analyst (Marketing),Anywhere,via Indeed,Part-time,True,Ukraine,2026-09-21 18:40:44,False,False,Ukraine,,,
1950,71,Data Engineer,Power BI Developer,"Warsaw, Poland",via Rabota.ua,Internship,True,Poland,2026-08-16 19:22:45,False,True,Poland,,,
1951,66,Data Analyst,Data Analyst,"Poznan, Poland",via Glassdoor,Full-time,False,Poland,2026-09-05 22:37:26,True,True,Poland,,,
1952,112,Senior Data Scientist,Senior Data Scientist,"Dusseldorf, Germany",via StepStone,Full-time,True,Germany,2026-09-04 23:44:46,False,True,Germany,,,
1953,32,Data Engineer,BI Developer,Anywhere,via Glassdoor,Part-time,True,Ukraine,2026-09-24 07:18:31,True,False,Ukraine,,,
1954,104,Data Engineer,BI Developer,Anywhere,via LinkedIn,Part-time,True,Germany,2026-09-24 05:37:54,True,True,Germany,year,68320.0,
1955,60,Data Engineer,BI Developer,Anywhere,via Indeed,Contractor,True,Poland,2026-08-29 08:00:16,False,False,Poland,,,
1956,109,Data Analyst,Business Data Analyst,"Munich, Germany",via Work.ua,Full-time,False,Germany,2026-08-24 20:35:19,True,False,Germany,year,66402.0,
1957,89,Business Analyst,Business Analyst,"Hamburg, Germany",via Work.ua,Full-time,False,Germany,2026-08-26 14:27:02,False,False,Germany,year,65953.0,
1958,37,Data Scientist,Junior Data Scientist,"Lviv, Ukraine",via NoFluffJobs,Full-time,False,Ukraine,2026-09-10 03:51:16,True,False,Ukraine,,,
1959,50,Data Scientist,Data Scientist,"Katowice, Poland",via Pracuj.pl,Part-time,False,Poland,2026-08-15 21:06:08,False,True,Poland,,,
1960,21,Business Analyst,Business Intelligence Analyst,"Kyiv, Ukraine",via LinkedIn,Internship,False,Ukraine,2026-08-27 00:50:51,False,False,Ukraine,,,
1961,65,Business Analyst,Business Intelligence Analyst,"Katowice, Poland",via Indeed,Internship,True,Poland,2026-09-04 17:28:08,False,False,Poland,year,36057.0,
1962,108,Data Scientist,Data Scientist,"Berlin, Germany",via LinkedIn,Full-time,False,Germany,2026-09-05 06:29:34,True,False,Germany,,,
1963,55,Senior Data Scientist,Senior Data Scientist,Anywhere,via Indeed,Internship,True,Poland,2026-09-09 05:07:23,True,True,Poland,,,
1964,84,Business Analyst,Junior Business Analyst,"Cologne, Germany",via Indeed,Full-time,False,Germany,2026-09-19 18:49:57,False,False,Germany,,,
1965,50,Senior Data Analyst,Senior Data Analyst,"Gdansk, Poland",via Rabota.ua,Full-time,False,Poland,2026-09-25 16:52:38,True,True,Poland,,,
1966,83,Cloud Engineer,Cloud Data Engineer,"Munich, Germany",via Xing,Full-time,False,Germany,2026-09-24 21:10:41,True,False,Germany,,,
1967,108,Business Analyst,Junior Business Analyst,"Cologne, Germany",via StepStone,Full-time,False,Germany,2026-09-18 23:30:17,False,True,Germany,year,50162.0,
1968,57,Data Engineer,Data Engineer,"Warsaw, Poland",via Rabota.ua,Full-time,False,Poland,2026-09-06 14:51:01,True,False,Poland,,,
1969,98,Senior Data Analyst,Senior Data Analyst,"Berlin, Germany",via Rabota.ua,Part-time,True,Germany,2026-08-22 04:49:13,False,True,Germany,,,
1970,93,Data Scientist,Junior Data Scientist,"Frankfurt, Germany",via Pracuj.pl,Contractor,False,Germany,2026-08-18 19:23:51,False,False,Germany,,,
1971,121,Data Engineer,Analytics Engineer,"Hamburg, Germany",via Glassdoor,Full-time,False,Germany,2026-09-24 21:05:32,True,True,Germany,,,
1972,17,Senior Data Scientist,Senior Data Scientist,"Ivano-Frankivsk, Ukraine",via Glassdoor,Full-time,False,Ukraine,2026-09-06 11:08:21,False,False,Ukraine,,,
1973,36,Senior Data Analyst,Lead Data Analyst,"Ivano-Frankivsk, Ukraine",via NoFluffJobs,Full-time,False,Ukraine,2026-08-30 09:28:39,False,True,Ukraine,,,
1974,68,Data Analyst,Junior Data Analyst,Anywhere,via LinkedIn,Contractor,True,Poland,2026-09-22 10:41:06,False,False,Poland,,,
1975,73,Data Analyst,Business Data Analyst,"Wroclaw, Poland",via StepStone,Full-time,True,Poland,2026-08-27 07:56:59,False,True,Poland,,,
1976,118,Machine Learning Engineer,Machine Learning Engineer,"Ivano-Frankivsk, Ukraine",via Pracuj.pl,Part-time,True,Ukraine,2026-09-23 00:55:37,False,False,Ukraine,,,
1977,59,Business Analyst,Junior Business Analyst,"Lodz, Poland",via Rabota.ua,Internship,True,Poland,2026-08-20 22:59:33,False,False,Poland,,,
1978,85,Data Analyst,Data Analyst,Anywhere,via Xing,Internship,True,Germany,2026-08-17 20:50:01,False,True,Germany,year,74835.0,
1979,95,Senior Data Analyst,Senior Data Analyst,"Frankfurt, Germany",via Djinni,Full-time,False,Germany,2026-08-17 15:33:15,False,True,Germany,,,
1980,125,Data Analyst,Product Data Analyst,"Frankfurt, Germany",via NoFluffJobs,Internship,False,Germany,2026-09-17 01:47:11,True,True,Germany,,,
1981,129,Data Scientist,Data Scientist,"Kharkiv, Ukraine",via LinkedIn,Full-time,False,Ukraine,2026-08-28 03:29:16,False,False,Ukraine,year,24923.0,
1982,5,Data Analyst,Product Data Analyst,"Ivano-Frankivsk, Ukraine",via Xing,Part-time,False,Ukraine,2026-09-15 01:51:10,True,True,Ukraine,,,
1983,2,Data Engineer,BI Developer,"Vinnytsia, Ukraine",via Rabota.ua,Full-time,True,Ukraine,2026-09-18 11:10:24,True,False,Ukraine,year,24669.0,
1984,104,Data Analyst,Data Analyst (Marketing),"Munich, Germany",via Work.ua,Part-time,False,Germany,2026-08-16 00:17:23,False,False,Germany,year,60367.0,
1985,110,Data Analyst,Business Data Analyst,"Stuttgart, Germany",via StepStone,Full-time,False,Germany,2026-09-21 17:04:33,False,False,Germany,,,
1986,80,Business Analyst,Junior Business Analyst,"Hamburg, Germany",via LinkedIn,Contractor,False,Germany,2026-09-23 23:08:25,False,True,Germany,,,
1987,95,Business Analyst,Business Analyst,"Dusseldorf, Germany",via Indeed,Part-time,False,Germany,2026-09-15 23:45:45,True,True,Germany,,,
1988,13,Data Scientist,Junior Data Scientist,"Lviv, Ukraine",via Work.ua,Contractor,False,Ukraine,2026-08-30 10:37:05,False,False,Ukraine,hour,,7.8
1989,21,Data Analyst,Data Quality Analyst,"Kharkiv, Ukraine",via NoFluffJobs,Full-time,False,Ukraine,2026-08-23 04:16:47,False,True,Ukraine,year,17784.0,
1990,41,Data Analyst,Junior Data Analyst,"Vinnytsia, Ukraine",via Xing,Contractor,True,Ukraine,2026-09-20 03:45:59,True,True,Ukraine,hour,,6.48
1991,83,Data Scientist,Junior Data Scientist,Anywhere,via Xing,Full-time,True,Germany,2026-08-28 12:04:57,True,False,Germany,year,44509.0,
1992,97,Data Scientist,Data Scientist,"Dusseldorf, Germany",via Work.ua,Contractor,True,Germany,2026-08-26 18:09:18,True,False,Germany,,,
1993,110,Data Analyst,Product Data Analyst,"Munich, Germany",via NoFluffJobs,Full-time,True,Germany,2026-08-25 06:21:38,False,True,Germany,,,
1994,41,Data Analyst,Junior Data Analyst,"Dnipro, Ukraine",via Indeed,Contractor,False,Ukraine,2026-08-16 16:42:52,False,True,Ukraine,,,
1995,2,Data Scientist,Data Scientist,"Odesa, Ukraine",via Glassdoor,Part-time,False,Ukraine,2026-09-25 18:23:50,False,False,Ukraine,,,
1996,24,Data Scientist,Junior Data Scientist,"Kharkiv, Ukraine",via Rabota.ua,Full-time,False,Ukraine,2026-08-15 00:30:00,False,False,Ukraine,year,12050.0,
1997,15,Data Scientist,Data Scientist,"Ivano-Frankivsk, Ukraine",via Rabota.ua,Full-time,False,Ukraine,2026-09-13 21:00:47,True,False,Ukraine,,,
1998,16,Senior Data Analyst,Lead Data Analyst,Anywhere,via Indeed,Internship,True,Ukraine,2026-09-16 00:50:41,False,False,Ukraine,,,
1999,100,Senior Data Engineer,Senior Data Engineer,"Berlin, Germany",via Pracuj.pl,Internship,False,Germany,2026-08-29 04:26:40,True,False,Germany,,,
2000,30,Data Engineer,Power BI Developer,"Vinnytsia, Ukraine",via Djinni,Internship,False,Ukraine,2026-08-26 05:23:10,False,False,Ukraine,,,
2001,89,Business Analyst,Business Analyst,"Munich, Germany",via Djinni,Full-time,False,Germany,2026-09-02 09:33:49,True,True,Germany,,,
2002,113,Data Analyst,Business Data Analyst,"Munich, Germany",via Rabota.ua,Internship,False,Germany,2026-08-18 14:10:44,True,True,Germany,,,
2003,83,Data Scientist,Data Scientist,"Frankfurt, Germany",via Glassdoor,Full-time,True,Germany,2026-09-01 21:13:04,True,True,Germany,,,
2004,14,Senior Data Analyst,Senior Data Analyst,"Vinnytsia, Ukraine",via Xing,Full-time,False,Ukraine,2026-08-22 08:46:08,False,False,Ukraine,,,
2005,120,Data Analyst,Product Data Analyst,Anywhere,via Djinni,Full-time,True,Ukraine,2026-08-28 11:39:12,True,True,Ukraine,year,26284.0,
2006,121,Business Analyst,BI Analyst,"Munich, Germany",via LinkedIn,Contractor,True,Germany,2026-08-24 10:46:02,False,False,Germany,,,
2007,23,Data Engineer,Analytics Engineer,"Kharkiv, Ukraine",via Work.ua,Full-time,False,Ukraine,2026-09-10 01:06:43,True,False,Ukraine,,,
2008,50,Data Analyst,Data Quality Analyst,Anywhere,via Djinni,Part-time,True,Poland,2026-08-23 21:44:54,False,True,Poland,,,
2009,79,Data Analyst,Junior Data Analyst,"Cologne, Germany",via LinkedIn,Full-time,False,Germany,2026-09-09 13:16:41,True,True,Germany,,,
2010,122,Data Engineer,Analytics Engineer,"Kharkiv, Ukraine",via Work.ua,Full-time,False,Ukraine,2026-09-11 15:30:31,False,True,Ukraine,,,
2011,25,Senior Data Engineer,Senior Data Engineer,"Vinnytsia, Ukraine",via Robota.ua,Full-time,False,Ukraine,2026-09-19 05:42:15,False,True,Ukraine,,,
2012,48,Machine Learning Engineer,Machine Learning Engineer,"Krakow, Poland",via LinkedIn,Part-time,False,Poland,2026-09-01 00:43:15,False,False,Poland,year,32483.0,
2013,77,Data Engineer,Analytics Engineer,"Lodz, Poland",via NoFluffJobs,Full-time,True,Poland,2026-08-16 16:41:01,False,True,Poland,,,
2014,96,Senior Data Engineer,Lead Data Engineer,"Munich, Germany",via Pracuj.pl,Full-time,False,Germany,2026-09-10 02:25:03,False,False,Germany,,,
2015,45,Business Analyst,Business Intelligence Analyst,"Warsaw, Poland",via Djinni,Contractor,False,Poland,2026-09-12 08:36:53,False,True,Poland,year,29022.0,
2016,63,Data Analyst,Data Analyst (Marketing),"Katowice, Poland",via Rabota.ua,Full-time,False,Poland,2026-08-26 19:20:03,False,True,Poland,,,
2017,80,Data Scientist,Junior Data Scientist,"Stuttgart, Germany",via NoFluffJobs,Full-time,False,Germany,2026-09-04 07:16:42,False,False,Germany,,,
2018,52,Data Scientist,Data Scientist,"Warsaw, Poland",via Robota.ua,Full-time,False,Poland,2026-09-16 04:54:15,True,True,Poland,,,
2019,105,Senior Data Engineer,Lead Data Engineer,"Munich, Germany",via Rabota.ua,Full-time,False,Germany,2026-08-23 22:10:29,False,False,Germany,year,78140.0,
2020,85,Senior Data Analyst,Lead Data Analyst,"Cologne, Germany",via Xing,Part-time,False,Germany,2026-08-28 06:42:37,False,True,Germany,year,93195.0,
2021,110,Data Engineer,Junior Data Engineer,Anywhere,via Work.ua,Contractor,True,Germany,2026-09-25 20:02:39,False,True,Germany,,,
2022,117,Data Engineer,BI Developer,"Katowice, Poland",via Work.ua,Full-time,True,Poland,2026-09-09 23:42:05,True,False,Poland,,,
2023,13,Data Scientist,Junior Data Scientist,"Kharkiv, Ukraine",via Robota.ua,Internship,False,Ukraine,2026-09-07 13:23:35,True,False,Ukraine,,,
2024,127,Business Analyst,Junior Business Analyst,"Cologne, Germany",via Indeed,Part-time,False,Germany,2026-08-16 16:07:16,True,False,Germany,,,
2025,123,Data Scientist,Data Scientist,"Berlin, Germany",via StepStone,Internship,False,Germany,2026-09-15 16:27:01,True,True,Germany,,,
2026,91,Senior Data Analyst,Senior Data Analyst,"Hamburg, Germany",via Glassdoor,Part-time,True,Germany,2026-09-17 03:19:41,False,False,Germany,,,
2027,79,Data Scientist,Data Scientist,"Berlin, Germany",via Indeed,Contractor,False,Germany,2026-09-12 10:21:00,True,True,Germany,,,
2028,28,Software Engineer,Data Software Engineer,"Ivano-Frankivsk, Ukraine",via Robota.ua,Part-time,False,Ukraine,2026-09-04 13:26:45,True,True,Ukraine,,,
2029,0,Data Analyst,Data Quality Analyst,"Ivano-Frankivsk, Ukraine",via Indeed,Full-time,True,Ukraine,2026-08-20 15:42:16,False,False,Ukraine,,,
2030,6,Senior Data Engineer,Lead Data Engineer,"Ivano-Frankivsk, Ukraine",via Glassdoor,Part-time,False,Ukraine,2026-08-30 20:51:35,False,False,Ukraine,,,
2031,112,Business Analyst,Junior Business Analyst,"Dusseldorf, Germany",via Rabota.ua,Contractor,False,Germany,2026-09-05 05:36:14,False,True,Germany,,,
2032,6,Senior Data Engineer,Senior Data Engineer,Anywhere,via NoFluffJobs,Part-time,True,Ukraine,2026-09-06 10:15:25,False,False,Ukraine,year,39659.0,
2033,82,Data Analyst,Data Analyst (Finance),Anywhere,via Indeed,Internship,True,Germany,2026-09-22 05:53:28,True,False,Germany,,,
2034,98,Data Analyst,Junior Data Analyst,Anywhere,via Work.ua,Part-time,True,Germany,2026-09-04 09:17:55,False,False,Germany,year,46614.0,
2035,69,Business Analyst,BI Analyst,"Lodz, Poland",via Pracuj.pl,Internship,True,Poland,2026-08-26 15:10:19,False,False,Poland,year,29127.0,
2036,28,Data Analyst,Data Analyst (Finance),Anywhere,via Work.ua,Full-time,True,Ukraine,2026-09-02 00:44:40,False,False,Ukraine,,,
2037,96,Senior Data Engineer,Lead Data Engineer,"Dusseldorf, Germany",via Indeed,Full-time,False,Germany,2026-08-19 16:08:11,True,False,Germany,,,
2038,1,Data Engineer,BI Developer,"Vinnytsia, Ukraine",via Robota.ua,Full-time,False,Ukraine,2026-09-13 17:23:44,True,False,Ukraine,,,
2039,111,Data Scientist,Data Scientist,"Munich, Germany",via NoFluffJobs,Part-time,False,Germany,2026-08-26 05:04:35,True,False,Germany,year,54118.0,
2040,7,Data Analyst,Data Quality Analyst,"Ivano-Frankivsk, Ukraine",via Pracuj.pl,Full-time,False,Ukraine,2026-08-30 17:12:12,False,True,Ukraine,,,
2041,90,Data Engineer,Analytics Engineer,"Stuttgart, Germany",via Xing,Full-time,False,Germany,2026-09-02 18:37:42,False,False,Germany,,,
2042,53,Data Analyst,Business Data Analyst,"Lodz, Poland",via Work.ua,Contractor,False,Poland,2026-09-14 19:32:32,False,False,Poland,year,25764.0,
2043,7,Data Analyst,Data Analyst (Marketing),"Odesa, Ukraine",via Indeed,Contractor,False,Ukraine,2026-08-27 18:08:40,True,False,Ukraine,,,
2044,49,Data Engineer,Power BI Developer,"Katowice, Poland",via Xing,Internship,True,Poland,2026-09-14 17:57:10,True,False,Poland,year,29682.0,
2045,72,Data Analyst,Data Analyst,"Katowice, Poland",via Pracuj.pl,Contractor,False,Poland,2026-09-11 02:27:35,False,True,Poland,,,
2046,21,Data Scientist,Data Scientist,"Lviv, Ukraine",via Work.ua,Full-time,False,Ukraine,2026-09-01 06:58:15,False,False,Ukraine,,,
2047,15,Data Scientist,Data Scientist,"Lviv, Ukraine",via Pracuj.pl,Full-time,False,Ukraine,2026-09-15 20:26:20,False,False,Ukraine,year,26091.0,
2048,51,Data Analyst,Data Analyst,"Katowice, Poland",via Rabota.ua,Full-time,False,Poland,2026-09-10 00:39:24,True,False,Poland,,,
2049,10,Data Analyst,Junior Data Analyst,"Kyiv, Ukraine",via Robota.ua,Full-time,False,Ukraine,2026-09-11 23:11:59,True,False,Ukraine,,,
2050,9,Business Analyst,Business Intelligence Analyst,"Vinnytsia, Ukraine",via Djinni,Internship,False,Ukraine,2026-09-09 18:46:13,True,True,Ukraine,,,
2051,104,Business Analyst,Business Analyst,"Dusseldorf, Germany",via Indeed,Contractor,False,Germany,2026-09-12 21:01:39,False,False,Germany,year,73019.0,
2052,16,Data Analyst,Data Quality Analyst,"Vinnytsia, Ukraine",via Work.ua,Part-time,False,Ukraine,2026-09-18 01:12:30,True,False,Ukraine,year,16991.0,
2053,86,Data Scientist,Junior Data Scientist,"Berlin, Germany",via NoFluffJobs,Internship,False,Germany,2026-09-25 03:59:17,True,True,Germany,year,39414.0,
2054,122,Data Engineer,Power BI Developer,"Dnipro, Ukraine",via Djinni,Full-time,False,Ukraine,2026-09-21 09:43:20,True,True,Ukraine,year,22866.0,
2055,124,Data Analyst,Data Quality Analyst,"Berlin, Germany",via Rabota.ua,Full-time,False,Germany,2026-08-22 10:09:37,True,False,Germany,,,
2056,122,Senior Data Scientist,Senior Data Scientist,"Lviv, Ukraine",via Indeed,Contractor,True,Ukraine,2026-09-20 09:33:05,False,False,Ukraine,hour,,17.11
2057,127,Senior Data Analyst,Lead Data Analyst,"Munich, Germany",via Pracuj.pl,Full-time,False,Germany,2026-09-09 05:11:51,False,False,Germany,,,
2058,51,Senior Data Analyst,Lead Data Analyst,"Warsaw, Poland",via Pracuj.pl,Full-time,False,Poland,2026-09-17 20:04:27,False,True,Poland,,,
2059,10,Data Engineer,ETL Developer,Anywhere,via Xing,Part-time,True,Ukraine,2026-08-20 11:21:21,True,True,Ukraine,,,
2060,111,Senior Data Scientist,Senior Data Scientist,"Berlin, Germany",via LinkedIn,Full-time,False,Germany,2026-09-23 02:41:59,False,True,Germany,,,
2061,14,Data Analyst,Data Analyst,"Kharkiv, Ukraine",via Djinni,Full-time,False,Ukraine,2026-08-16 00:07:07,True,True,Ukraine,,,
2062,111,Machine Learning Engineer,Machine Learning Engineer,"Frankfurt, Germany",via Pracuj.pl,Part-time,False,Germany,2026-09-13 12:39:59,False,False,Germany,,,
2063,15,Business Analyst,BI Analyst,"Ivano-Frankivsk, Ukraine",via Xing,Contractor,True,Ukraine,2026-09-16 00:02:28,True,True,Ukraine,,,
2064,92,Data Analyst,Data Quality Analyst,Anywhere,via LinkedIn,Internship,True,Germany,2026-09-02 04:08:44,False,False,Germany,year,66926.0,
2065,77,Data Engineer,BI Developer,Anywhere,via Pracuj.pl,Internship,True,Poland,2026-09-03 13:37:31,True,True,Poland,,,
2066,95,Data Engineer,BI Developer,"Dusseldorf, Germany",via Indeed,Full-time,True,Germany,2026-08-23 06:25:55,True,False,Germany,,,
2067,92,Data Analyst,Data Quality Analyst,Anywhere,via StepStone,Full-time,True,Germany,2026-09-24 09:17:03,True,False,Germany,,,
2068,13,Machine Learning Engineer,Machine Learning Engineer,"Dnipro, Ukraine",via Indeed,Internship,False,Ukraine,2026-09-13 03:07:34,False,True,Ukraine,,,
2069,10,Data Engineer,Analytics Engineer,"Odesa, Ukraine",via Work.ua,Internship,False,Ukraine,2026-09-24 20:06:40,False,False,Ukraine,,,
2070,30,Data Engineer,BI Developer,"Kyiv, Ukraine",via Glassdoor,Internship,False,Ukraine,2026-08-18 09:40:40,False,False,Ukraine,year,16236.0,
2071,15,Business Analyst,Junior Business Analyst,"Dnipro, Ukraine",via NoFluffJobs,Full-time,True,Ukraine,2026-09-25 20:10:20,False,True,Ukraine,,,
2072,53,Senior Data Analyst,Senior Data Analyst,"Wroclaw, Poland",via LinkedIn,Full-time,False,Poland,2026-08-23 01:17:04,True,True,Poland,,,
2073,48,Data Analyst,Data Analyst (Marketing),Anywhere,via Work.ua,Contractor,True,Poland,2026-08-25 11:02:03,False,False,Poland,,,
2074,24,Data Analyst,Data Analyst (Finance),"Ivano-Frankivsk, Ukraine",via Djinni,Internship,False,Ukraine,2026-09-05 17:33:16,True,True,Ukraine,year,19001.0,
2075,55,Data Analyst,Data Analyst (Finance),"Lodz, Poland",via LinkedIn,Full-time,False,Poland,2026-08-18 13:09:15,False,True,Poland,,,
2076,44,Data Analyst,Data Analyst (Finance),"Ivano-Frankivsk, Ukraine",via Djinni,Full-time,False,Ukraine,2026-08-28 08:57:11,True,False,Ukraine,year,19442.0,
2077,127,Data Engineer,Analytics Engineer,"Cologne, Germany",via Indeed,Full-time,True,Germany,2026-08-20 15:49:25,False,False,Germany,,,
2078,36,Data Engineer,BI Developer,"Kharkiv, Ukraine",via StepStone,Full-time,False,Ukraine,2026-09-07 05:09:13,False,True,Ukraine,,,
2079,91,Senior Data Analyst,Lead Data Analyst,"Munich, Germany",via Robota.ua,Contractor,False,Germany,2026-08-21 12:46:47,False,False,Germany,year,80892.0,
2080,23,Data Analyst,Product Data Analyst,"Ivano-Frankivsk, Ukraine",via Robota.ua,Part-time,True,Ukraine,2026-09-11 21:48:41,False,True,Ukraine,,,
2081,23,Data Analyst,Junior Data Analyst,"Vinnytsia, Ukraine",via Robota.ua,Full-time,False,Ukraine,2026-09-12 05:48:17,False,True,Ukraine,,,
2082,85,Senior Data Engineer,Senior Data Engineer,"Frankfurt, Germany",via Rabota.ua,Contractor,False,Germany,2026-09-15 19:04:48,True,False,Germany,,,
2083,60,Data Scientist,Data Scientist,"Katowice, Poland",via Pracuj.pl,Full-time,False,Poland,2026-09-19 14:21:50,False,False,Poland,,,
2084,53,Data Analyst,Product Data Analyst,"Poznan, Poland",via Work.ua,Internship,True,Poland,2026-08-27 15:32:13,False,False,Poland,,,
2085,113,Business Analyst,Business Intelligence Analyst,"Dusseldorf, Germany",via LinkedIn,Full-time,False,Germany,2026-08-18 05:51:09,False,True,Germany,,,
2086,104,Data Scientist,Junior Data Scientist,"Munich, Germany",via Rabota.ua,Full-time,False,Germany,2026-08-28 15:18:28,False,False,Germany,,,
2087,71,Senior Data Scientist,Senior Data Scientist,"Wroclaw, Poland",via LinkedIn,Internship,False,Poland,2026-09-14 05:51:58,False,False,Poland,,,
2088,116,Data Analyst,Product Data Analyst,"Frankfurt, Germany",via Pracuj.pl,Full-time,False,Germany,2026-09-05 04:11:30,False,True,Germany,,,
2089,104,Data Analyst,Data Analyst,"Munich, Germany",via Xing,Full-time,False,Germany,2026-08-26 18:59:58,False,True,Germany,year,67297.0,
2090,102,Data Analyst,Data Analyst (Finance),"Dusseldorf, Germany",via LinkedIn,Internship,False,Germany,2026-09-05 14:20:54,True,False,Germany,,,
2091,127,Data Engineer,Data Engineer,"Munich, Germany",via Indeed,Full-time,False,Germany,2026-09-07 01:49:26,False,True,Germany,,,
2092,15,Software Engineer,Data Software Engineer,Anywhere,via Indeed,Full-time,True,Ukraine,2026-08-26 04:12:24,True,True,Ukraine,,,
2093,48,Data Analyst,Junior Data Analyst,"Krakow, Poland",via Glassdoor,Full-time,False,Poland,2026-09-01 04:11:09,True,True,Poland,,,
2094,30,Senior Data Scientist,Senior Data Scientist,Anywhere,via Work.ua,Full-time,True,Ukraine,2026-09-13 10:06:02,False,False,Ukraine,,,
2095,13,Data Engineer,Power BI Developer,"Dnipro, Ukraine",via Djinni,Internship,False,Ukraine,2026-09-12 02:38:43,False,False,Ukraine,,,
2096,35,Data Scientist,Data Scientist,"Kharkiv, Ukraine",via StepStone,Full-time,True,Ukraine,2026-09-20 20:37:57,False,True,Ukraine,,,
2097,2,Data Analyst,Business Data Analyst,"Vinnytsia, Ukraine",via Indeed,Full-time,False,Ukraine,2026-08-21 06:13:58,False,True,Ukraine,,,
2098,113,Business Analyst,Junior Business Analyst,"Dusseldorf, Germany",via Robota.ua,Contractor,False,Germany,2026-08-31 15:00:26,False,False,Germany,,,
2099,43,Data Analyst,Data Analyst (Finance),"Ivano-Frankivsk, Ukraine",via Robota.ua,Full-time,False,Ukraine,2026-09-01 02:35:27,True,True,Ukraine,,,
2100,68,Data Engineer,Analytics Engineer,"Poznan, Poland",via Djinni,Part-time,True,Poland,2026-08-24 20:23:22,True,True,Poland,,,
2101,26,Senior Data Analyst,Lead Data Analyst,"Kyiv, Ukraine",via Djinni,Full-time,False,Ukraine,2026-08-23 11:59:42,False,False,Ukraine,,,
2102,116,Data Analyst,Data Analyst (Finance),"Dusseldorf, Germany",via Work.ua,Full-time,False,Germany,2026-08-27 11:34:44,False,True,Germany,,,
2103,16,Data Analyst,Product Data Analyst,"Dnipro, Ukraine",via Indeed,Full-time,False,Ukraine,2026-09-10 12:11:32,False,True,Ukraine,,,
2104,127,Data Engineer,ETL Developer,"Berlin, Germany",via Xing,Part-time,False,Germany,2026-09-23 10:32:49,False,False,Germany,,,
2105,108,Data Analyst,Data Analyst,"Stuttgart, Germany",via LinkedIn,Part-time,False,Germany,2026-09-09 14:53:24,True,False,Germany,,,
2106,123,Software Engineer,Data Software Engineer,"Hamburg, Germany",via Glassdoor,Contractor,False,Germany,2026-09-08 07:03:28,False,False,Germany,,,
2107,131,Data Engineer,ETL Developer,"Kyiv, Ukraine",via Work.ua,Full-time,False,Ukraine,2026-09-10 03:23:46,True,True,Ukraine,,,
2108,1,Data Analyst,Business Data Analyst,Anywhere,via Robota.ua,Part-time,True,Ukraine,2026-09-20 01:45:22,False,True,Ukraine,year,22048.0,
2109,47,Data Analyst,Data Analyst (Finance),"Poznan, Poland",via Indeed,Full-time,False,Poland,2026-08-27 06:52:15,False,False,Poland,,,
2110,38,Business Analyst,Business Intelligence Analyst,"Lviv, Ukraine",via Djinni,Contractor,False,Ukraine,2026-08-18 12:42:49,False,False,Ukraine,,,
2111,103,Data Engineer,Power BI Developer,"Hamburg, Germany",via Rabota.ua,Internship,False,Germany,2026-08-29 22:40:02,False,False,Germany,,,
2112,130,Business Analyst,Business Analyst,"Kharkiv, Ukraine",via Work.ua,Part-time,False,Ukraine,2026-09-19 07:56:25,False,False,Ukraine,,,
2113,40,Senior Data Engineer,Lead Data Engineer,"Dnipro, Ukraine",via Djinni,Full-time,False,Ukraine,2026-09-22 20:43:12,True,False,Ukraine,,,
2114,16,Data Analyst,Data Analyst,Anywhere,via Rabota.ua,Full-time,True,Ukraine,2026-09-23 02:16:20,True,True,Ukraine,,,
2115,110,Data Analyst,Data Analyst (Finance),"Frankfurt, Germany",via NoFluffJobs,Full-time,False,Germany,2026-09-02 17:42:03,False,False,Germany,,,
2116,4,Data Analyst,Data Analyst,"Lviv, Ukraine",via Rabota.ua,Full-time,False,Ukraine,2026-09-03 09:49:19,False,True,Ukraine,,,
2117,54,Data Analyst,Data Analyst (Finance),"Warsaw, Poland",via Pracuj.pl,Internship,True,Poland,2026-09-24 19:33:15,False,True,Poland,,,
2118,54,Data Analyst,Business Data Analyst,Anywhere,via NoFluffJobs,Full-time,True,Poland,2026-08-22 04:27:13,False,False,Poland,,,
2119,13,Senior Data Analyst,Senior Data Analyst,"Lviv, Ukraine",via Glassdoor,Full-time,False,Ukraine,2026-09-10 05:06:54,True,True,Ukraine,,,
2120,92,Data Engineer,Junior Data Engineer,"Stuttgart, Germany",via LinkedIn,Part-time,False,Germany,2026-09-20 09:55:19,True,True,Germany,,,
2121,47,Senior Data Engineer,Lead Data Engineer,"Lodz, Poland",via Glassdoor,Contractor,False,Poland,2026-09-10 18:22:57,False,False,Poland,,,
2122,101,Data Analyst,Business Data Analyst,"Berlin, Germany",via Robota.ua,Full-time,False,Germany,2026-09-10 16:29:00,True,True,Germany,,,
2123,18,Data Engineer,Power BI Developer,"Ivano-Frankivsk, Ukraine",via Robota.ua,Part-time,False,Ukraine,2026-09-07 01:45:18,True,True,Ukraine,,,
2124,51,Data Analyst,Data Quality Analyst,"Poznan, Poland",via Indeed,Full-time,False,Poland,2026-09-15 12:15:20,False,True,Poland,,,
2125,29,Data Analyst,Data Quality Analyst,"Odesa, Ukraine",via StepStone,Full-time,False,Ukraine,2026-08-29 20:55:14,True,False,Ukraine,,,
2126,101,Data Analyst,Data Analyst (Finance),Anywhere,via Rabota.ua,Internship,True,Germany,2026-09-04 02:08:00,False,True,Germany,,,
2127,130,Business Analyst,Business Analyst,"Kyiv, Ukraine",via LinkedIn,Full-time,False,Ukraine,2026-09-04 19:48:24,False,True,Ukraine,,,
2128,116,Data Analyst,Product Data Analyst,"Cologne, Germany",via Pracuj.pl,Full-time,False,Germany,2026-08-20 00:45:19,True,False,Germany,,,
2129,23,Data Engineer,ETL Developer,"Lviv, Ukraine",via Djinni,Part-time,False,Ukraine,2026-08-18 18:13:29,False,True,Ukraine,,,
2130,131,Data Analyst,Data Analyst (Finance),"Dnipro, Ukraine",via StepStone,Full-time,False,Ukraine,2026-09-08 19:20:49,False,False,Ukraine,,,
2131,122,Senior Data Analyst,Senior Data Analyst,"Vinnytsia, Ukraine",via Rabota.ua,Internship,False,Ukraine,2026-08-31 19:01:27,False,False,Ukraine,,,
2132,130,Senior Data Scientist,Senior Data Scientist,"Vinnytsia, Ukraine",via Indeed,Part-time,False,Ukraine,2026-08-22 10:49:30,True,True,Ukraine,,,
2133,0,Data Scientist,Junior Data Scientist,"Kyiv, Ukraine",via StepStone,Full-time,True,Ukraine,2026-09-24 21:44:54,False,True,Ukraine,,,
2134,51,Data Engineer,Data Engineer,"Wroclaw, Poland",via Glassdoor,Part-time,False,Poland,2026-09-10 07:15:47,False,False,Poland,,,
2135,129,Senior Data Engineer,Senior Data Engineer,"Ivano-Frankivsk, Ukraine",via Xing,Full-time,False,Ukraine,2026-09-14 03:51:48,True,True,Ukraine,year,42796.0,
2136,110,Data Scientist,Data Scientist,"Hamburg, Germany",via Rabota.ua,Full-time,False,Germany,2026-08-28 08:02:14,False,False,Germany,,,
2137,41,Senior Data Engineer,Senior Data Engineer,"Lviv, Ukraine",via NoFluffJobs,Full-time,False,Ukraine,2026-09-23 22:31:39,False,True,Ukraine,,,
2138,60,Data Analyst,Data Analyst (Marketing),"Lodz, Poland",via Rabota.ua,Internship,False,Poland,2026-09-05 21:52:13,False,False,Poland,year,34102.0,
2139,28,Data Scientist,Junior Data Scientist,"Dnipro, Ukraine",via Rabota.ua,Internship,False,Ukraine,2026-09-21 08:47:38,False,True,Ukraine,,,
2140,100,Data Analyst,Business Data Analyst,"Cologne, Germany",via Indeed,Internship,False,Germany,2026-09-07 15:19:33,True,True,Germany,,,
2141,74,Data Scientist,Data Scientist,"Warsaw, Poland",via Djinni,Contractor,False,Poland,2026-09-19 09:09:04,True,False,Poland,year,31750.0,
2142,91,Data Scientist,Data Scientist,"Cologne, Germany",via NoFluffJobs,Full-time,True,Germany,2026-08-28 16:43:13,True,True,Germany,,,
2143,111,Data Analyst,Product Data Analyst,"Berlin, Germany",via Work.ua,Full-time,False,Germany,2026-08-30 19:58:59,False,False,Germany,,,
2144,25,Machine Learning Engineer,Machine Learning Engineer,"Vinnytsia, Ukraine",via StepStone,Full-time,False,Ukraine,2026-09-10 07:10:05,False,True,Ukraine,,,
2145,108,Business Analyst,Junior Business Analyst,"Cologne, Germany",via Rabota.ua,Full-time,True,Germany,2026-09-10 08:12:12,False,False,Germany,,,
2146,21,Data Analyst,Data Quality Analyst,"Odesa, Ukraine",via Robota.ua,Full-time,True,Ukraine,2026-08-27 20:49:53,False,False,Ukraine,,,
2147,56,Senior Data Engineer,Senior Data Engineer,"Poznan, Poland",via StepStone,Full-time,False,Poland,2026-09-20 23:01:59,False,False,Poland,year,57908.0,
2148,107,Data Scientist,Data Scientist,Anywhere,via Robota.ua,Full-time,True,Germany,2026-09-02 20:39:23,True,True,Germany,,,
2149,83,Senior Data Scientist,Senior Data Scientist,"Berlin, Germany",via Pracuj.pl,Full-time,False,Germany,2026-08-24 14:28:24,True,False,Germany,year,77919.0,
2150,0,Software Engineer,Data Software Engineer,"Dnipro, Ukraine",via Glassdoor,Internship,False,Ukraine,2026-08-20 23:44:34,True,False,Ukraine,,,
2151,1,Data Analyst,Product Data Analyst,"Kyiv, Ukraine",via Work.ua,Internship,False,Ukraine,2026-08-20 01:09:24,True,True,Ukraine,,,
2152,100,Data Analyst,Data Quality Analyst,"Dusseldorf, Germany",via Rabota.ua,Full-time,False,Germany,2026-09-15 12:14:51,True,False,Germany,,,
2153,132,Senior Data Analyst,Lead Data Analyst,"Ivano-Frankivsk, Ukraine",via Robota.ua,Full-time,False,Ukraine,2026-09-10 22:30:24,True,True,Ukraine,,,
2154,80,Data Engineer,Analytics Engineer,"Cologne, Germany",via Robota.ua,Full-time,False,Germany,2026-09-02 19:28:34,True,True,Germany,,,
2155,70,Data Analyst,Data Analyst,"Krakow, Poland",via Rabota.ua,Internship,False,Poland,2026-09-04 08:51:11,True,True,Poland,year,33861.0,
2156,129,Data Analyst,Data Analyst (Finance),"Vinnytsia, Ukraine",via StepStone,Internship,False,Ukraine,2026-08-29 13:16:20,True,False,Ukraine,,,
2157,99,Data Analyst,Data Analyst (Finance),"Frankfurt, Germany",via NoFluffJobs,Contractor,False,Germany,2026-09-16 08:37:31,False,False,Germany,year,73203.0,
2158,18,Business Analyst,BI Analyst,Anywhere,via StepStone,Internship,True,Ukraine,2026-09-22 08:23:06,True,False,Ukraine,,,
2159,102,Data Analyst,Data Analyst,"Frankfurt, Germany",via Xing,Full-time,False,Germany,2026-09-23 20:24:12,True,False,Germany,,,
2160,66,Data Engineer,Data Engineer,"Krakow, Poland",via Indeed,Full-time,False,Poland,2026-08-21 19:30:10,False,False,Poland,,,
2161,54,Data Analyst,Junior Data Analyst,"Warsaw, Poland",via Glassdoor,Full-time,False,Poland,2026-09-23 14:06:33,True,False,Poland,,,
2162,124,Senior Data Analyst,Senior Data Analyst,Anywhere,via Pracuj.pl,Contractor,True,Germany,2026-08-18 02:02:01,False,False,Germany,,,
2163,15,Senior Data Engineer,Senior Data Engineer,"Kyiv, Ukraine",via LinkedIn,Part-time,False,Ukraine,2026-09-05 07:51:29,True,False,Ukraine,,,
2164,72,Data Analyst,Data Quality Analyst,"Warsaw, Poland",via Djinni,Part-time,True,Poland,2026-08-19 23:24:36,True,True,Poland,,,
2165,72,Data Scientist,Data Scientist,"Poznan, Poland",via Djinni,Full-time,False,Poland,2026-09-11 07:53:11,False,False,Poland,,,
2166,35,Data Analyst,Data Quality Analyst,"Kharkiv, Ukraine",via Pracuj.pl,Full-time,False,Ukraine,2026-09-22 12:20:20,True,True,Ukraine,,,
2167,62,Data Analyst,Data Analyst (Marketing),"Katowice, Poland",via NoFluffJobs,Full-time,False,Poland,2026-08-25 09:09:16,False,True,Poland,year,37438.0,
2168,127,Data Analyst,Junior Data Analyst,"Berlin, Germany",via Work.ua,Part-time,False,Germany,2026-09-24 04:00:15,True,False,Germany,,,
2169,82,Business Analyst,Junior Business Analyst,"Berlin, Germany",via Pracuj.pl,Part-time,True,Germany,2026-09-11 07:02:44,False,True,Germany,,,
2170,61,Senior Data Scientist,Senior Data Scientist,"Poznan, Poland",via Glassdoor,Full-time,False,Poland,2026-09-10 09:52:38,True,True,Poland,,,
2171,49,Data Engineer,Junior Data Engineer,Anywhere,via Work.ua,Full-time,True,Poland,2026-08-26 14:49:24,False,True,Poland,,,
2172,9,Data Engineer,Junior Data Engineer,"Kyiv, Ukraine",via Robota.ua,Internship,False,Ukraine,2026-08-21 09:14:24,False,False,Ukraine,,,
2173,12,Business Analyst,Junior Business Analyst,"Kharkiv, Ukraine",via StepStone,Part-time,False,Ukraine,2026-09-10 11:49:30,False,True,Ukraine,,,
2174,78,Data Scientist,Junior Data Scientist,"Dusseldorf, Germany",via Xing,Full-time,True,Germany,2026-09-07 21:29:30,False,True,Germany,,,
2175,65,Data Engineer,Junior Data Engineer,"Krakow, Poland",via StepStone,Contractor,True,Poland,2026-09-09 10:02:36,False,True,Poland,,,
2176,92,Data Analyst,Data Analyst (Finance),"Munich, Germany",via Rabota.ua,Part-time,True,Germany,2026-08-31 09:14:00,True,False,Germany,year,69250.0,
2177,36,Senior Data Analyst,Senior Data Analyst,"Kharkiv, Ukraine",via Glassdoor,Contractor,False,Ukraine,2026-08-29 22:41:06,True,True,Ukraine,,,
2178,47,Data Analyst,Junior Data Analyst,"Warsaw, Poland",via Rabota.ua,Full-time,False,Poland,2026-09-08 03:18:12,False,True,Poland,,,
2179,79,Business Analyst,BI Analyst,"Cologne, Germany",via Xing,Full-time,False,Germany,2026-09-15 10:08:50,False,False,Germany,,,
2180,118,Data Analyst,Product Data Analyst,"Dnipro, Ukraine",via LinkedIn,Full-time,True,Ukraine,2026-08-22 09:40:37,False,True,Ukraine,,,
2181,27,Data Engineer,BI Developer,"Ivano-Frankivsk, Ukraine",via Robota.ua,Internship,False,Ukraine,2026-09-11 19:11:54,False,True,Ukraine,,,
2182,4,Data Scientist,Junior Data Scientist,"Ivano-Frankivsk, Ukraine",via Glassdoor,Contractor,False,Ukraine,2026-08-28 03:11:52,False,True,Ukraine,,,
2183,2,Senior Data Analyst,Lead Data Analyst,"Kharkiv, Ukraine",via Djinni,Full-time,True,Ukraine,2026-09-11 18:19:19,True,False,Ukraine,,,
2184,28,Senior Data Scientist,Senior Data Scientist,"Dnipro, Ukraine",via Robota.ua,Full-time,False,Ukraine,2026-09-11 05:46:58,False,False,Ukraine,,,
2185,0,Business Analyst,Junior Business Analyst,Anywhere,via Glassdoor,Full-time,True,Ukraine,2026-08-21 10:14:25,False,False,Ukraine,year,13129.0,
2186,5,Business Analyst,Business Intelligence Analyst,"Dnipro, Ukraine",via Pracuj.pl,Part-time,True,Ukraine,2026-08-30 06:06:49,False,True,Ukraine,,,
2187,82,Data Engineer,Analytics Engineer,"Hamburg, Germany",via Rabota.ua,Full-time,True,Germany,2026-08-22 17:20:55,True,False,Germany,year,70841.0,
2188,47,Business Analyst,Business Intelligence Analyst,"Poznan, Poland",via Work.ua,Full-time,False,Poland,2026-08-15 14:41:18,False,False,Poland,,,
2189,131,Business Analyst,Business Analyst,"Ivano-Frankivsk, Ukraine",via Robota.ua,Full-time,False,Ukraine,2026-08-29 07:45:27,True,True,Ukraine,,,
2190,113,Business Analyst,BI Analyst,"Dusseldorf, Germany",via Indeed,Part-time,False,Germany,2026-09-25 21:22:01,False,True,Germany,year,53883.0,
2191,102,Data Engineer,ETL Developer,"Munich, Germany",via Pracuj.pl,Full-time,True,Germany,2026-08-31 06:36:27,False,False,Germany,year,65411.0,
2192,53,Data Engineer,BI Developer,"Wroclaw, Poland",via Xing,Full-time,False,Poland,2026-09-16 18:36:51,True,False,Poland,year,31766.0,
2193,115,Data Engineer,Power BI Developer,"Vinnytsia, Ukraine",via Robota.ua,Contractor,False,Ukraine,2026-08-23 09:38:50,True,True,Ukraine,,,
2194,100,Data Analyst,Data Quality Analyst,Anywhere,via Rabota.ua,Contractor,True,Germany,2026-08-26 11:21:39,True,False,Germany,,,
2195,76,Senior Data Analyst,Senior Data Analyst,Anywhere,via Robota.ua,Contractor,True,Poland,2026-08-21 10:16:34,False,True,Poland,,,
2196,96,Software Engineer,Data Software Engineer,Anywhere,via NoFluffJobs,Contractor,True,Germany,2026-09-03 20:47:18,False,True,Germany,,,
2197,102,Senior Data Engineer,Lead Data Engineer,"Stuttgart, Germany",via Glassdoor,Contractor,False,Germany,2026-09-01 01:57:49,False,True,Germany,hour,,46.84
2198,66,Business Analyst,Business Intelligence Analyst,"Poznan, Poland",via Glassdoor,Full-time,False,Poland,2026-08-29 09:05:10,True,True,Poland,,,
2199,124,Senior Data Analyst,Lead Data Analyst,"Stuttgart, Germany",via Robota.ua,Internship,False,Germany,2026-08-17 13:52:31,False,False,Germany,,,
2200,91,Data Analyst,Data Analyst (Marketing),"Munich, Germany",via Djinni,Part-time,False,Germany,2026-08-26 22:03:57,True,False,Germany,,,
2201,38,Data Analyst,Product Data Analyst,"Kyiv, Ukraine",via Indeed,Full-time,False,Ukraine,2026-09-11 22:23:06,False,False,Ukraine,,,
2202,79,Business Analyst,BI Analyst,"Munich, Germany",via Xing,Full-time,True,Germany,2026-09-13 19:53:18,False,False,Germany,,,
2203,5,Senior Data Analyst,Lead Data Analyst,"Dnipro, Ukraine",via LinkedIn,Full-time,True,Ukraine,2026-08-26 12:51:21,True,True,Ukraine,year,33387.0,
2204,10,Data Scientist,Data Scientist,"Odesa, Ukraine",via Xing,Full-time,False,Ukraine,2026-09-22 11:30:27,True,False,Ukraine,,,
2205,16,Data Engineer,BI Developer,Anywhere,via Indeed,Contractor,True,Ukraine,2026-09-08 04:07:40,False,True,Ukraine,,,
2206,25,Data Engineer,ETL Developer,"Vinnytsia, Ukraine",via Djinni,Full-time,False,Ukraine,2026-08-18 01:33:49,True,False,Ukraine,,,
2207,53,Data Analyst,Business Data Analyst,"Wroclaw, Poland",via Pracuj.pl,Internship,False,Poland,2026-09-12 03:51:32,False,False,Poland,,,
2208,118,Data Engineer,Power BI Developer,"Kharkiv, Ukraine",via Djinni,Contractor,True,Ukraine,2026-08-23 15:57:17,False,True,Ukraine,,,
2209,9,Data Engineer,Data Engineer,"Ivano-Frankivsk, Ukraine",via Rabota.ua,Full-time,False,Ukraine,2026-08-20 19:25:25,True,True,Ukraine,,,
2210,49,Business Analyst,Business Intelligence Analyst,Anywhere,via Glassdoor,Full-time,True,Poland,2026-09-13 03:11:04,False,False,Poland,year,33106.0,
2211,82,Data Analyst,Junior Data Analyst,Anywhere,via Xing,Contractor,True,Germany,2026-08-25 23:17:19,True,True,Germany,,,
2212,72,Senior Data Analyst,Lead Data Analyst,"Lodz, Poland",via NoFluffJobs,Part-time,False,Poland,2026-09-03 23:38:05,False,False,Poland,,,
2213,16,Data Analyst,Data Analyst (Finance),"Ivano-Frankivsk, Ukraine",via LinkedIn,Internship,False,Ukraine,2026-08-28 15:23:23,False,False,Ukraine,,,
2214,49,Data Analyst,Junior Data Analyst,"Poznan, Poland",via Indeed,Full-time,False,Poland,2026-08-28 00:58:32,True,True,Poland,year,21806.0,
2215,22,Business Analyst,Business Intelligence Analyst,"Vinnytsia, Ukraine",via Rabota.ua,Internship,False,Ukraine,2026-09-12 07:06:18,False,True,Ukraine,,,
2216,107,Data Analyst,Data Analyst,"Berlin, Germany",via Pracuj.pl,Full-time,True,Germany,2026-09-17 22:33:43,False,True,Germany,,,
2217,110,Senior Data Engineer,Senior Data Engineer,"Hamburg, Germany",via Work.ua,Part-time,False,Germany,2026-09-12 13:35:32,True,False,Germany,,,
2218,71,Data Analyst,Data Analyst (Marketing),"Gdansk, Poland",via Glassdoor,Full-time,False,Poland,2026-09-24 11:08:07,False,False,Poland,,,
2219,73,Data Analyst,Data Analyst (Marketing),Anywhere,via Robota.ua,Internship,True,Poland,2026-08-24 13:42:40,False,False,Poland,,,
2220,19,Data Engineer,Junior Data Engineer,Anywhere,via Djinni,Part-time,True,Ukraine,2026-08-19 19:02:22,False,True,Ukraine,,,
2221,40,Data Analyst,Data Analyst (Finance),Anywhere,via Glassdoor,Full-time,True,Ukraine,2026-09-08 11:06:33,False,False,Ukraine,year,22438.0,
2222,4,Data Analyst,Data Analyst (Marketing),"Odesa, Ukraine",via NoFluffJobs,Contractor,False,Ukraine,2026-08-24 12:42:44,False,True,Ukraine,,,
2223,82,Data Analyst,Data Analyst (Finance),"Dusseldorf, Germany",via Rabota.ua,Internship,False,Germany,2026-09-20 05:50:44,False,False,Germany,,,
2224,110,Senior Data Analyst,Lead Data Analyst,"Stuttgart, Germany",via Pracuj.pl,Full-time,False,Germany,2026-08-30 12:53:18,False,True,Germany,,,
2225,128,Data Engineer,Data Engineer,"Katowice, Poland",via Work.ua,Full-time,False,Poland,2026-08-15 04:31:00,True,False,Poland,,,
2226,82,Data Analyst,Data Analyst (Marketing),"Munich, Germany",via LinkedIn,Contractor,True,Germany,2026-09-05 00:03:01,False,False,Germany,,,
2227,67,Data Scientist,Junior Data Scientist,"Poznan, Poland",via Indeed,Full-time,False,Poland,2026-08-26 06:11:08,True,False,Poland,,,
2228,2,Data Analyst,Data Analyst,"Odesa, Ukraine",via NoFluffJobs,Contractor,False,Ukraine,2026-09-21 10:37:58,True,True,Ukraine,,,
2229,116,Senior Data Analyst,Senior Data Analyst,"Munich, Germany",via StepStone,Contractor,False,Germany,2026-09-02 01:45:51,False,True,Germany,,,
2230,59,Data Engineer,BI Developer,"Lodz, Poland",via Xing,Full-time,True,Poland,2026-08-15 20:11:35,True,True,Poland,year,27747.0,
2231,46,Senior Data Engineer,Lead Data Engineer,"Katowice, Poland",via StepStone,Full-time,False,Poland,2026-09-19 08:17:00,False,True,Poland,,,
2232,6,Business Analyst,BI Analyst,"Kyiv, Ukraine",via Indeed,Full-time,False,Ukraine,2026-08-29 00:54:50,False,True,Ukraine,,,
2233,88,Data Analyst,Data Quality Analyst,"Hamburg, Germany",via LinkedIn,Contractor,False,Germany,2026-09-09 20:23:55,False,False,Germany,,,
2234,10,Data Engineer,Analytics Engineer,"Vinnytsia, Ukraine",via Xing,Full-time,False,Ukraine,2026-09-14 18:44:15,False,False,Ukraine,,,
2235,54,Senior Data Analyst,Lead Data Analyst,Anywhere,via Djinni,Full-time,True,Poland,2026-08-26 08:43:41,True,True,Poland,year,51912.0,
2236,102,Senior Data Engineer,Senior Data Engineer,"Berlin, Germany",via StepStone,Full-time,False,Germany,2026-08-21 08:23:10,True,False,Germany,,,
2237,77,Machine Learning Engineer,Machine Learning Engineer,"Lodz, Poland",via LinkedIn,Internship,False,Poland,2026-09-05 17:02:02,True,True,Poland,,,
2238,84,Business Analyst,Business Analyst,"Berlin, Germany",via Glassdoor,Part-time,False,Germany,2026-09-01 19:59:46,False,False,Germany,,,
2239,7,Machine Learning Engineer,Machine Learning Engineer,"Ivano-Frankivsk, Ukraine",via Xing,Internship,False,Ukraine,2026-09-22 10:16:07,False,True,Ukraine,,,
2240,66,Business Analyst,BI Analyst,"Lodz, Poland",via Xing,Part-time,False,Poland,2026-09-06 19:38:02,True,True,Poland,,,
2241,4,Data Analyst,Data Analyst (Marketing),"Dnipro, Ukraine",via Pracuj.pl,Part-time,False,Ukraine,2026-09-25 03:33:41,False,True,Ukraine,,,
2242,28,Data Engineer,Data Engineer,"Odesa, Ukraine",via Djinni,Full-time,False,Ukraine,2026-09-12 00:10:31,False,False,Ukraine,,,
2243,24,Business Analyst,Business Intelligence Analyst,"Dnipro, Ukraine",via Djinni,Full-time,False,Ukraine,2026-09-24 22:48:20,False,False,Ukraine,,,
2244,48,Data Analyst,Data Analyst (Marketing),"Katowice, Poland",via Glassdoor,Contractor,False,Poland,2026-09-21 18:51:54,True,True,Poland,,,
2245,47,Data Analyst,Junior Data Analyst,"Lodz, Poland",via StepStone,Full-time,False,Poland,2026-08-15 02:27:54,False,False,Poland,year,20488.0,
2246,109,Data Analyst,Data Quality Analyst,"Stuttgart, Germany",via Djinni,Full-time,False,Germany,2026-09-11 21:06:24,False,True,Germany,year,72265.0,
2247,51,Data Engineer,Analytics Engineer,"Krakow, Poland",via Glassdoor,Internship,False,Poland,2026-08-21 21:19:57,True,True,Poland,,,
2248,93,Senior Data Analyst,Senior Data Analyst,"Berlin, Germany",via Work.ua,Part-time,False,Germany,2026-09-17 02:24:52,False,False,Germany,,,
2249,54,Senior Data Scientist,Senior Data Scientist,"Lodz, Poland",via NoFluffJobs,Full-time,False,Poland,2026-08-30 00:42:00,False,True,Poland,,,
2250,56,Data Analyst,Data Analyst (Marketing),"Katowice, Poland",via Work.ua,Full-time,True,Poland,2026-09-25 12:56:02,True,True,Poland,,,
2251,123,Data Scientist,Junior Data Scientist,"Stuttgart, Germany",via Rabota.ua,Internship,True,Germany,2026-09-06 19:37:27,True,True,Germany,,,
2252,7,Senior Data Scientist,Senior Data Scientist,"Dnipro, Ukraine",via Djinni,Part-time,True,Ukraine,2026-09-23 02:44:12,False,True,Ukraine,,,
2253,4,Data Analyst,Data Analyst (Finance),"Dnipro, Ukraine",via Glassdoor,Part-time,False,Ukraine,2026-09-23 06:34:41,False,False,Ukraine,,,
2254,89,Senior Data Analyst,Lead Data Analyst,"Stuttgart, Germany",via StepStone,Part-time,True,Germany,2026-09-23 21:21:27,True,True,Germany,,,
2255,57,Senior Data Analyst,Senior Data Analyst,"Poznan, Poland",via Pracuj.pl,Full-time,True,Poland,2026-09-16 06:52:50,True,False,Poland,,,
2256,112,Senior Data Analyst,Lead Data Analyst,"Cologne, Germany",via Xing,Full-time,False,Germany,2026-09-05 22:15:59,False,True,Germany,year,76895.0,
2257,81,Cloud Engineer,Cloud Data Engineer,Anywhere,via Djinni,Full-time,True,Germany,2026-09-14 10:26:57,True,False,Germany,,,
2258,110,Data Analyst,Junior Data Analyst,"Stuttgart, Germany",via Djinni,Full-time,False,Germany,2026-08-23 05:26:52,True,True,Germany,,,
2259,93,Business Analyst,BI Analyst,Anywhere,via StepStone,Part-time,True,Germany,2026-08-17 02:43:07,False,False,Germany,year,56108.0,
2260,101,Senior Data Analyst,Lead Data Analyst,"Dusseldorf, Germany",via LinkedIn,Full-time,False,Germany,2026-08-27 22:24:52,False,False,Germany,year,101292.0,
2261,8,Data Analyst,Data Analyst (Marketing),Anywhere,via Indeed,Internship,True,Ukraine,2026-08-25 20:24:00,False,False,Ukraine,,,
2262,6,Data Engineer,Data Engineer,"Vinnytsia, Ukraine",via StepStone,Contractor,True,Ukraine,2026-09-15 18:25:36,False,False,Ukraine,,,
2263,80,Data Analyst,Data Analyst (Marketing),"Stuttgart, Germany",via Indeed,Full-time,False,Germany,2026-09-12 06:21:13,True,False,Germany,year,63608.0,
2264,32,Data Engineer,Power BI Developer,"Ivano-Frankivsk, Ukraine",via Djinni,Full-time,False,Ukraine,2026-09-23 08:53:29,True,False,Ukraine,,,
2265,16,Business Analyst,BI Analyst,"Kyiv, Ukraine",via Rabota.ua,Part-time,False,Ukraine,2026-09-21 10:35:24,False,False,Ukraine,,,
2266,84,Data Analyst,Data Analyst,"Frankfurt, Germany",via StepStone,Contractor,False,Germany,2026-08-17 13:08:41,False,True,Germany,,,
2267,7,Data Analyst,Data Quality Analyst,"Dnipro, Ukraine",via Pracuj.pl,Full-time,False,Ukraine,2026-09-06 01:35:22,True,True,Ukraine,year,19195.0,
2268,55,Data Scientist,Junior Data Scientist,Anywhere,via Robota.ua,Full-time,True,Poland,2026-09-01 22:14:44,False,False,Poland,,,
2269,33,Business Analyst,Business Intelligence Analyst,"Kharkiv, Ukraine",via Indeed,Part-time,False,Ukraine,2026-08-26 00:36:06,False,False,Ukraine,year,19680.0,
2270,72,Data Engineer,Analytics Engineer,"Warsaw, Poland",via Xing,Contractor,True,Poland,2026-09-21 22:00:38,False,True,Poland,,,
2271,0,Data Analyst,Data Analyst (Marketing),"Kyiv, Ukraine",via Rabota.ua,Full-time,False,Ukraine,2026-09-13 15:58:22,False,True,Ukraine,,,
2272,119,Senior Data Scientist,Senior Data Scientist,"Vinnytsia, Ukraine",via Xing,Contractor,False,Ukraine,2026-09-01 14:48:16,False,True,Ukraine,,,
2273,99,Data Scientist,Data Scientist,"Berlin, Germany",via Rabota.ua,Internship,False,Germany,2026-09-03 22:36:07,True,True,Germany,,,
2274,49,Data Analyst,Business Data Analyst,"Gdansk, Poland",via StepStone,Internship,False,Poland,2026-09-04 23:11:52,False,True,Poland,,,
2275,66,Senior Data Analyst,Senior Data Analyst,Anywhere,via LinkedIn,Internship,True,Poland,2026-09-08 09:00:27,True,True,Poland,,,
2276,82,Data Scientist,Junior Data Scientist,"Stuttgart, Germany",via Indeed,Full-time,True,Germany,2026-08-24 15:40:01,False,False,Germany,,,
2277,125,Data Engineer,ETL Developer,"Hamburg, Germany",via Indeed,Part-time,False,Germany,2026-09-25 15:39:27,False,True,Germany,,,
2278,122,Data Scientist,Junior Data Scientist,"Kyiv, Ukraine",via Indeed,Internship,True,Ukraine,2026-09-14 03:38:36,False,True,Ukraine,,,
2279,26,Data Engineer,ETL Developer,"Kharkiv, Ukraine",via Indeed,Part-time,False,Ukraine,2026-08-26 05:32:29,False,False,Ukraine,year,25344.0,
2280,50,Data Analyst,Data Analyst,"Lodz, Poland",via Work.ua,Full-time,False,Poland,2026-08-29 09:47:47,False,False,Poland,,,
2281,78,Data Scientist,Junior Data Scientist,"Stuttgart, Germany",via Djinni,Internship,False,Germany,2026-08-23 18:40:09,False,True,Germany,year,40758.0,
2282,40,Data Engineer,BI Developer,Anywhere,via Glassdoor,Full-time,True,Ukraine,2026-09-18 21:29:38,True,False,Ukraine,,,
2283,128,Data Analyst,Business Data Analyst,"Gdansk, Poland",via Indeed,Full-time,True,Poland,2026-08-16 12:33:04,True,False,Poland,,,
2284,129,Data Analyst,Junior Data Analyst,"Kyiv, Ukraine",via StepStone,Full-time,False,Ukraine,2026-08-30 20:13:37,True,True,Ukraine,year,13938.0,
2285,54,Senior Data Engineer,Lead Data Engineer,"Katowice, Poland",via Pracuj.pl,Full-time,True,Poland,2026-08-30 05:28:06,False,False,Poland,,,
2286,44,Data Scientist,Junior Data Scientist,"Kyiv, Ukraine",via StepStone,Full-time,False,Ukraine,2026-08-22 20:41:27,True,True,Ukraine,year,12430.0,
2287,98,Data Analyst,Business Data Analyst,"Frankfurt, Germany",via StepStone,Full-time,False,Germany,2026-09-17 11:05:51,False,True,Germany,,,
2288,102,Data Scientist,Data Scientist,"Berlin, Germany",via Djinni,Full-time,False,Germany,2026-08-26 19:41:06,False,False,Germany,,,
2289,68,Data Analyst,Junior Data Analyst,"Katowice, Poland",via NoFluffJobs,Internship,False,Poland,2026-09-21 12:32:10,False,True,Poland,,,
2290,16,Business Analyst,BI Analyst,"Kharkiv, Ukraine",via Rabota.ua,Part-time,False,Ukraine,2026-09-19 08:55:29,False,False,Ukraine,,,
2291,69,Senior Data Analyst,Senior Data Analyst,"Warsaw, Poland",via Pracuj.pl,Contractor,False,Poland,2026-08-29 00:40:35,True,False,Poland,hour,,22.5
2292,96,Senior Data Analyst,Lead Data Analyst,"Cologne, Germany",via NoFluffJobs,Part-time,True,Germany,2026-09-10 07:19:37,False,False,Germany,,,
2293,18,Data Analyst,Data Analyst,"Vinnytsia, Ukraine",via Djinni,Full-time,True,Ukraine,2026-09-24 01:13:01,False,True,Ukraine,,,
2294,45,Data Analyst,Product Data Analyst,"Wroclaw, Poland",via LinkedIn,Part-time,False,Poland,2026-09-17 15:08:33,True,False,Poland,,,
2295,83,Data Analyst,Data Analyst (Marketing),"Frankfurt, Germany",via Pracuj.pl,Contractor,False,Germany,2026-09-13 05:05:50,True,False,Germany,,,
2296,21,Data Engineer,ETL Developer,"Lviv, Ukraine",via Robota.ua,Full-time,False,Ukraine,2026-08-19 19:01:04,False,False,Ukraine,,,
2297,72,Senior Data Engineer,Lead Data Engineer,Anywhere,via Djinni,Full-time,True,Poland,2026-09-10 10:24:22,False,False,Poland,,,
2298,74,Data Analyst,Product Data Analyst,"Warsaw, Poland",via Rabota.ua,Part-time,False,Poland,2026-09-20 06:48:23,False,False,Poland,,,
2299,126,Senior Data Analyst,Senior Data Analyst,"Odesa, Ukraine",via Xing,Internship,False,Ukraine,2026-09-16 20:16:34,True,False,Ukraine,year,35329.0,
2300,41,Data Engineer,Power BI Developer,Anywhere,via StepStone,Full-time,True,Ukraine,2026-08-28 04:52:55,True,False,Ukraine,year,18885.0,
2301,74,Data Analyst,Business Data Analyst,"Warsaw, Poland",via Indeed,Full-time,False,Poland,2026-08-15 04:53:22,False,False,Poland,,,
2302,18,Data Analyst,Junior Data Analyst,"Ivano-Frankivsk, Ukraine",via Djinni,Part-time,False,Ukraine,2026-09-20 03:33:48,True,False,Ukraine,,,
2303,19,Data Engineer,Analytics Engineer,"Lviv, Ukraine",via Glassdoor,Full-time,False,Ukraine,2026-08-26 19:26:45,False,False,Ukraine,,,
2304,52,Data Engineer,ETL Developer,"Krakow, Poland",via Pracuj.pl,Full-time,False,Poland,2026-08-25 14:48:52,False,True,Poland,,,
2305,68,Business Analyst,Business Intelligence Analyst,"Warsaw, Poland",via Xing,Full-time,True,Poland,2026-09-20 06:33:29,True,False,Poland,,,
2306,36,Business Analyst,Business Analyst,"Dnipro, Ukraine",via Indeed,Full-time,True,Ukraine,2026-09-03 15:34:27,False,True,Ukraine,,,
2307,82,Data Analyst,Business Data Analyst,"Cologne, Germany",via Rabota.ua,Part-time,False,Germany,2026-09-02 07:48:11,False,False,Germany,,,
2308,25,Data Analyst,Data Analyst (Marketing),"Kyiv, Ukraine",via Djinni,Internship,False,Ukraine,2026-09-20 19:41:59,False,False,Ukraine,,,
2309,53,Data Engineer,ETL Developer,"Lodz, Poland",via Robota.ua,Full-time,False,Poland,2026-09-14 22:25:08,True,False,Poland,,,
2310,15,Data Engineer,Data Engineer,"Vinnytsia, Ukraine",via Robota.ua,Contractor,False,Ukraine,2026-09-07 13:09:51,False,False,Ukraine,hour,,11.02
2311,30,Machine Learning Engineer,Machine Learning Engineer,"Kharkiv, Ukraine",via Work.ua,Full-time,True,Ukraine,2026-09-01 16:38:12,False,True,Ukraine,,,
2312,6,Cloud Engineer,Cloud Data Engineer,Anywhere,via Glassdoor,Full-time,True,Ukraine,2026-09-14 20:59:18,False,True,Ukraine,,,
2313,80,Data Analyst,Business Data Analyst,"Frankfurt, Germany",via StepStone,Contractor,True,Germany,2026-08-28 10:06:05,False,False,Germany,,,
2314,124,Data Engineer,Data Engineer,"Berlin, Germany",via StepStone,Part-time,True,Germany,2026-09-12 05:31:31,False,False,Germany,,,
2315,30,Data Engineer,ETL Developer,Anywhere,via StepStone,Full-time,True,Ukraine,2026-09-09 05:09:52,True,True,Ukraine,,,
2316,103,Data Engineer,BI Developer,"Dusseldorf, Germany",via Indeed,Full-time,False,Germany,2026-08-21 20:16:27,False,False,Germany,,,
2317,10,Data Analyst,Product Data Analyst,"Vinnytsia, Ukraine",via StepStone,Contractor,False,Ukraine,2026-08-27 10:07:24,False,True,Ukraine,,,
2318,59,Data Analyst,Product Data Analyst,"Poznan, Poland",via Rabota.ua,Full-time,False,Poland,2026-09-05 11:28:43,False,True,Poland,,,
2319,92,Business Analyst,Junior Business Analyst,"Dusseldorf, Germany",via Pracuj.pl,Part-time,False,Germany,2026-09-17 07:22:37,False,True,Germany,,,
2320,0,Data Analyst,Product Data Analyst,"Odesa, Ukraine",via Rabota.ua,Full-time,False,Ukraine,2026-08-31 09:25:54,False,True,Ukraine,,,
2321,12,Data Analyst,Data Quality Analyst,"Ivano-Frankivsk, Ukraine",via NoFluffJobs,Part-time,False,Ukraine,2026-09-18 18:37:35,False,False,Ukraine,,,
2322,36,Business Analyst,Junior Business Analyst,"Kyiv, Ukraine",via Djinni,Internship,False,Ukraine,2026-08-20 04:08:02,True,False,Ukraine,,,
2323,34,Data Analyst,Business Data Analyst,"Lviv, Ukraine",via Rabota.ua,Full-time,False,Ukraine,2026-08-25 07:31:00,True,False,Ukraine,,,
2324,105,Senior Data Engineer,Lead Data Engineer,"Cologne, Germany",via Indeed,Contractor,False,Germany,2026-08-31 17:19:27,True,False,Germany,hour,,55.09
2325,86,Data Engineer,Power BI Developer,"Cologne, Germany",via Xing,Part-time,False,Germany,2026-09-10 17:09:08,True,True,Germany,year,67302.0,
2326,29,Business Analyst,BI Analyst,Anywhere,via LinkedIn,Contractor,True,Ukraine,2026-09-15 19:45:43,False,False,Ukraine,,,
2327,63,Data Analyst,Data Analyst,"Katowice, Poland",via Indeed,Part-time,False,Poland,2026-09-15 06:07:43,True,True,Poland,,,
2328,49,Data Engineer,Data Engineer,"Warsaw, Poland",via NoFluffJobs,Part-time,True,Poland,2026-09-06 16:45:30,True,True,Poland,year,34846.0,
2329,41,Senior Data Scientist,Senior Data Scientist,Anywhere,via Work.ua,Contractor,True,Ukraine,2026-09-10 23:57:49,False,True,Ukraine,,,
2330,66,Senior Data Engineer,Senior Data Engineer,"Katowice, Poland",via Work.ua,Part-time,False,Poland,2026-09-05 00:11:04,False,False,Poland,,,
2331,104,Business Analyst,Business Intelligence Analyst,"Dusseldorf, Germany",via LinkedIn,Part-time,False,Germany,2026-09-20 16:01:18,False,True,Germany,,,
2332,131,Senior Data Engineer,Lead Data Engineer,"Odesa, Ukraine",via Indeed,Contractor,False,Ukraine,2026-09-04 01:47:25,False,False,Ukraine,,,
2333,119,Data Analyst,Data Analyst (Marketing),"Kyiv, Ukraine",via Rabota.ua,Full-time,False,Ukraine,2026-08-24 08:58:05,False,False,Ukraine,,,
2334,108,Data Analyst,Product Data Analyst,"Cologne, Germany",via LinkedIn,Full-time,True,Germany,2026-08-22 06:48:28,True,True,Germany,,,
2335,110,Data Analyst,Data Analyst (Marketing),"Frankfurt, Germany",via Robota.ua,Full-time,False,Germany,2026-08-30 08:21:02,True,True,Germany,,,
2336,121,Data Analyst,Business Data Analyst,"Munich, Germany",via Djinni,Part-time,False,Germany,2026-09-08 05:41:46,True,False,Germany,year,56951.0,
2337,110,Data Analyst,Business Data Analyst,"Stuttgart, Germany",via Rabota.ua,Part-time,False,Germany,2026-08-18 20:01:32,False,False,Germany,,,
2338,75,Data Analyst,Product Data Analyst,"Poznan, Poland",via Indeed,Part-time,False,Poland,2026-09-24 10:01:06,False,False,Poland,year,30105.0,
2339,34,Software Engineer,Data Software Engineer,"Kyiv, Ukraine",via Glassdoor,Full-time,True,Ukraine,2026-08-29 15:42:02,True,True,Ukraine,year,16531.0,
2340,22,Senior Data Analyst,Senior Data Analyst,"Dnipro, Ukraine",via Indeed,Part-time,True,Ukraine,2026-09-08 00:39:23,False,False,Ukraine,year,41938.0,
2341,115,Data Analyst,Business Data Analyst,"Odesa, Ukraine",via Glassdoor,Full-time,True,Ukraine,2026-08-29 06:44:24,True,False,Ukraine,,,
2342,59,Data Engineer,Data Engineer,Anywhere,via NoFluffJobs,Internship,True,Poland,2026-09-09 17:27:13,True,True,Poland,,,
2343,89,Senior Data Analyst,Senior Data Analyst,"Cologne, Germany",via Xing,Full-time,False,Germany,2026-08-17 16:33:22,False,True,Germany,,,
2344,41,Senior Data Scientist,Senior Data Scientist,"Odesa, Ukraine",via Glassdoor,Part-time,False,Ukraine,2026-09-24 06:08:32,True,False,Ukraine,,,
2345,85,Business Analyst,Business Intelligence Analyst,"Munich, Germany",via Xing,Full-time,False,Germany,2026-09-16 08:40:33,True,False,Germany,year,52353.0,
2346,126,Data Analyst,Data Quality Analyst,"Odesa, Ukraine",via Rabota.ua,Part-time,False,Ukraine,2026-08-25 03:22:42,False,False,Ukraine,,,
2347,95,Senior Data Analyst,Lead Data Analyst,"Dusseldorf, Germany",via Djinni,Full-time,False,Germany,2026-09-24 17:47:53,True,False,Germany,,,
2348,63,Data Analyst,Data Analyst (Marketing),"Krakow, Poland",via Rabota.ua,Part-time,False,Poland,2026-08-15 16:50:14,True,False,Poland,year,33934.0,
2349,108,Senior Data Analyst,Senior Data Analyst,Anywhere,via Glassdoor,Internship,True,Germany,2026-08-16 21:53:32,False,True,Germany,,,
2350,20,Business Analyst,BI Analyst,"Odesa, Ukraine",via Rabota.ua,Part-time,False,Ukraine,2026-08-16 01:57:29,True,False,Ukraine,,,
2351,1,Senior Data Scientist,Senior Data Scientist,"Ivano-Frankivsk, Ukraine",via StepStone,Contractor,False,Ukraine,2026-09-05 14:03:28,True,False,Ukraine,,,
2352,117,Senior Data Engineer,Senior Data Engineer,"Wroclaw, Poland",via Rabota.ua,Full-time,False,Poland,2026-09-21 21:52:22,True,False,Poland,,,
2353,82,Senior Data Analyst,Senior Data Analyst,"Munich, Germany",via Pracuj.pl,Full-time,False,Germany,2026-09-03 09:39:05,False,False,Germany,,,
2354,67,Data Analyst,Data Analyst (Finance),"Katowice, Poland",via Indeed,Full-time,False,Poland,2026-08-31 06:27:23,False,False,Poland,,,
2355,93,Machine Learning Engineer,Machine Learning Engineer,"Cologne, Germany",via Xing,Contractor,True,Germany,2026-08-25 17:42:31,True,False,Germany,year,60560.0,
2356,67,Data Engineer,Data Engineer,Anywhere,via Djinni,Part-time,True,Poland,2026-09-22 17:59:42,False,True,Poland,year,23674.0,
2357,132,Senior Data Scientist,Senior Data Scientist,"Ivano-Frankivsk, Ukraine",via NoFluffJobs,Full-time,False,Ukraine,2026-09-03 10:05:51,False,False,Ukraine,,,
2358,78,Business Analyst,Business Intelligence Analyst,"Dusseldorf, Germany",via LinkedIn,Contractor,False,Germany,2026-09-02 08:13:20,True,False,Germany,,,
2359,13,Data Scientist,Junior Data Scientist,Anywhere,via StepStone,Internship,True,Ukraine,2026-08-21 06:16:04,True,True,Ukraine,,,
2360,2,Machine Learning Engineer,Machine Learning Engineer,"Dnipro, Ukraine",via Indeed,Full-time,True,Ukraine,2026-09-22 04:38:45,True,False,Ukraine,,,
2361,34,Cloud Engineer,Cloud Data Engineer,"Dnipro, Ukraine",via LinkedIn,Internship,False,Ukraine,2026-09-23 17:06:36,False,False,Ukraine,,,
2362,112,Data Analyst,Junior Data Analyst,"Frankfurt, Germany",via Indeed,Full-time,False,Germany,2026-09-15 23:50:07,True,False,Germany,,,
2363,40,Senior Data Engineer,Senior Data Engineer,"Odesa, Ukraine",via Rabota.ua,Part-time,False,Ukraine,2026-08-25 08:23:07,False,False,Ukraine,,,
2364,100,Business Analyst,Junior Business Analyst,"Hamburg, Germany",via Djinni,Full-time,False,Germany,2026-08-30 11:27:10,False,False,Germany,,,
2365,30,Business Analyst,Business Analyst,"Dnipro, Ukraine",via Rabota.ua,Contractor,False,Ukraine,2026-08-20 13:35:10,False,False,Ukraine,year,17543.0,
2366,26,Data Engineer,Power BI Developer,Anywhere,via Work.ua,Full-time,True,Ukraine,2026-08-25 06:57:08,False,True,Ukraine,,,
2367,35,Machine Learning Engineer,Machine Learning Engineer,Anywhere,via NoFluffJobs,Part-time,True,Ukraine,2026-08-15 08:16:29,True,True,Ukraine,,,
2368,98,Data Engineer,Junior Data Engineer,"Cologne, Germany",via Djinni,Part-time,False,Germany,2026-09-21 11:20:58,True,False,Germany,,,
2369,36,Data Analyst,Business Data Analyst,"Odesa, Ukraine",via Glassdoor,Contractor,False,Ukraine,2026-08-22 08:39:55,True,False,Ukraine,year,23014.0,
2370,38,Data Scientist,Data Scientist,"Kharkiv, Ukraine",via Glassdoor,Internship,True,Ukraine,2026-09-16 00:38:32,False,True,Ukraine,,,
2371,125,Business Analyst,Business Analyst,"Hamburg, Germany",via Robota.ua,Contractor,True,Germany,2026-09-21 04:37:54,False,True,Germany,,,
2372,129,Senior Data Scientist,Senior Data Scientist,"Vinnytsia, Ukraine",via Rabota.ua,Full-time,False,Ukraine,2026-08-28 05:27:50,True,True,Ukraine,year,28836.0,
2373,51,Business Analyst,Business Intelligence Analyst,"Wroclaw, Poland",via LinkedIn,Part-time,False,Poland,2026-09-04 03:22:05,False,True,Poland,,,
2374,47,Business Analyst,Business Analyst,"Krakow, Poland",via Djinni,Full-time,False,Poland,2026-09-21 01:15:25,True,False,Poland,,,
2375,102,Data Analyst,Data Analyst (Finance),"Dusseldorf, Germany",via StepStone,Internship,False,Germany,2026-08-28 08:48:14,False,False,Germany,,,
2376,101,Data Engineer,BI Developer,"Stuttgart, Germany",via Djinni,Part-time,False,Germany,2026-09-03 14:42:55,False,True,Germany,,,
2377,7,Data Engineer,Analytics Engineer,"Kharkiv, Ukraine",via LinkedIn,Full-time,False,Ukraine,2026-09-24 02:23:20,False,False,Ukraine,,,
2378,92,Senior Data Analyst,Senior Data Analyst,"Munich, Germany",via StepStone,Part-time,True,Germany,2026-09-23 10:39:16,False,False,Germany,,,
2379,108,Data Analyst,Data Analyst,"Hamburg, Germany",via Pracuj.pl,Full-time,False,Germany,2026-08-15 22:05:36,False,False,Germany,,,
2380,106,Data Analyst,Data Analyst (Finance),"Munich, Germany",via Glassdoor,Part-time,False,Germany,2026-09-25 21:21:54,True,False,Germany,,,
2381,3,Data Analyst,Business Data Analyst,"Dnipro, Ukraine",via LinkedIn,Part-time,True,Ukraine,2026-08-19 01:00:26,False,True,Ukraine,,,
2382,62,Business Analyst,Business Analyst,"Katowice, Poland",via Xing,Part-time,False,Poland,2026-08-16 20:27:17,True,True,Poland,,,
2383,130,Business Analyst,Business Intelligence Analyst,"Odesa, Ukraine",via Pracuj.pl,Part-time,False,Ukraine,2026-09-01 11:44:22,False,True,Ukraine,year,22303.0,
2384,102,Senior Data Engineer,Lead Data Engineer,"Munich, Germany",via Rabota.ua,Internship,True,Germany,2026-09-19 12:45:40,False,True,Germany,year,88931.0,
2385,7,Data Analyst,Data Analyst (Marketing),Anywhere,via Indeed,Full-time,True,Ukraine,2026-09-07 03:34:01,False,False,Ukraine,,,
2386,87,Data Scientist,Junior Data Scientist,Anywhere,via Indeed,Full-time,True,Germany,2026-09-15 02:11:21,True,False,Germany,,,
2387,30,Data Engineer,BI Developer,"Kyiv, Ukraine",via Rabota.ua,Full-time,False,Ukraine,2026-09-03 18:27:10,False,False,Ukraine,year,17314.0,
2388,77,Senior Data Analyst,Lead Data Analyst,Anywhere,via NoFluffJobs,Internship,True,Poland,2026-08-24 08:41:19,True,False,Poland,year,56431.0,
2389,0,Senior Data Analyst,Senior Data Analyst,"Ivano-Frankivsk, Ukraine",via LinkedIn,Internship,False,Ukraine,2026-09-23 13:47:32,True,True,Ukraine,year,30487.0,
2390,124,Data Analyst,Data Analyst (Marketing),"Stuttgart, Germany",via Djinni,Full-time,False,Germany,2026-08-23 13:06:12,True,False,Germany,,,
2391,112,Data Analyst,Product Data Analyst,"Frankfurt, Germany",via LinkedIn,Full-time,False,Germany,2026-08-25 10:55:58,False,True,Germany,,,
2392,10,Data Analyst,Data Analyst,"Lviv, Ukraine",via Pracuj.pl,Internship,False,Ukraine,2026-09-16 07:20:54,False,False,Ukraine,,,
2393,104,Senior Data Analyst,Senior Data Analyst,"Munich, Germany",via Xing,Contractor,False,Germany,2026-08-31 11:33:29,False,True,Germany,year,96560.0,
2394,28,Data Scientist,Junior Data Scientist,"Vinnytsia, Ukraine",via Rabota.ua,Full-time,False,Ukraine,2026-08-23 11:06:11,True,False,Ukraine,,,
2395,58,Senior Data Scientist,Senior Data Scientist,"Wroclaw, Poland",via Indeed,Contractor,False,Poland,2026-08-21 03:31:07,False,True,Poland,,,
2396,36,Data Analyst,Data Analyst,"Kyiv, Ukraine",via Robota.ua,Full-time,False,Ukraine,2026-08-26 04:14:28,True,False,Ukraine,,,
2397,67,Senior Data Scientist,Senior Data Scientist,"Krakow, Poland",via Xing,Full-time,False,Poland,2026-09-12 00:53:50,False,False,Poland,,,
2398,7,Data Analyst,Product Data Analyst,"Dnipro, Ukraine",via LinkedIn,Full-time,False,Ukraine,2026-08-26 20:59:02,True,True,Ukraine,,,
2399,14,Data Scientist,Data Scientist,"Kyiv, Ukraine",via Work.ua,Full-time,True,Ukraine,2026-09-03 08:33:34,False,False,Ukraine,,,
2400,131,Data Analyst,Junior Data Analyst,"Lviv, Ukraine",via Rabota.ua,Full-time,True,Ukraine,2026-09-05 21:15:16,False,False,Ukraine,,,
2401,94,Data Analyst,Product Data Analyst,"Cologne, Germany",via Rabota.ua,Part-time,False,Germany,2026-09-02 08:29:50,False,False,Germany,,,
2402,20,Data Analyst,Product Data Analyst,"Lviv, Ukraine",via Indeed,Internship,False,Ukraine,2026-08-18 15:04:14,True,False,Ukraine,,,
2403,46,Data Analyst,Business Data Analyst,"Wroclaw, Poland",via Xing,Full-time,False,Poland,2026-08-28 14:11:53,False,False,Poland,,,
2404,8,Machine Learning Engineer,Machine Learning Engineer,"Lviv, Ukraine",via Djinni,Internship,False,Ukraine,2026-09-24 18:12:35,False,False,Ukraine,,,
2405,89,Machine Learning Engineer,Machine Learning Engineer,"Dusseldorf, Germany",via Rabota.ua,Contractor,False,Germany,2026-08-25 02:30:59,False,False,Germany,,,
2406,43,Senior Data Analyst,Senior Data Analyst,"Lviv, Ukraine",via Indeed,Internship,False,Ukraine,2026-08-28 07:34:16,True,True,Ukraine,,,
2407,107,Data Analyst,Data Analyst,"Hamburg, Germany",via LinkedIn,Full-time,True,Germany,2026-09-22 07:03:35,False,False,Germany,year,74936.0,
2408,27,Data Analyst,Data Quality Analyst,"Ivano-Frankivsk, Ukraine",via Work.ua,Internship,False,Ukraine,2026-09-19 05:35:10,False,True,Ukraine,,,
2409,44,Data Analyst,Product Data Analyst,"Vinnytsia, Ukraine",via Djinni,Full-time,False,Ukraine,2026-08-20 06:23:21,False,True,Ukraine,year,18661.0,
2410,13,Business Analyst,Business Intelligence Analyst,"Ivano-Frankivsk, Ukraine",via LinkedIn,Full-time,False,Ukraine,2026-09-24 02:17:32,True,True,Ukraine,,,
2411,100,Data Scientist,Junior Data Scientist,"Stuttgart, Germany",via Indeed,Part-time,True,Germany,2026-09-02 11:00:22,False,False,Germany,,,
2412,81,Senior Data Engineer,Lead Data Engineer,"Dusseldorf, Germany",via StepStone,Full-time,False,Germany,2026-08-21 00:25:40,False,False,Germany,,,
2413,132,Data Scientist,Data Scientist,"Ivano-Frankivsk, Ukraine",via Work.ua,Internship,False,Ukraine,2026-09-12 00:29:40,True,False,Ukraine,,,
2414,19,Business Analyst,Junior Business Analyst,Anywhere,via Glassdoor,Internship,True,Ukraine,2026-09-19 16:54:05,True,True,Ukraine,,,
2415,124,Business Analyst,Business Analyst,"Cologne, Germany",via Pracuj.pl,Contractor,True,Germany,2026-08-21 08:00:43,False,False,Germany,,,
2416,41,Data Analyst,Data Analyst,"Odesa, Ukraine",via Xing,Full-time,False,Ukraine,2026-09-24 02:25:35,False,False,Ukraine,,,
2417,106,Data Engineer,BI Developer,"Frankfurt, Germany",via StepStone,Full-time,False,Germany,2026-08-23 14:56:24,False,False,Germany,,,
2418,61,Data Engineer,Power BI Developer,"Krakow, Poland",via Indeed,Part-time,True,Poland,2026-09-07 18:51:23,False,True,Poland,year,29907.0,
2419,119,Data Engineer,ETL Developer,"Lviv, Ukraine",via LinkedIn,Full-time,False,Ukraine,2026-08-20 23:08:02,False,False,Ukraine,,,
2420,25,Senior Data Engineer,Senior Data Engineer,"Kharkiv, Ukraine",via Robota.ua,Full-time,False,Ukraine,2026-09-04 22:34:09,True,False,Ukraine,,,
2421,41,Data Analyst,Junior Data Analyst,"Dnipro, Ukraine",via LinkedIn,Full-time,False,Ukraine,2026-09-08 19:56:06,False,False,Ukraine,,,
2422,81,Data Analyst,Data Quality Analyst,"Hamburg, Germany",via StepStone,Internship,False,Germany,2026-09-12 00:32:56,False,False,Germany,year,74402.0,
2423,129,Data Engineer,ETL Developer,"Ivano-Frankivsk, Ukraine",via Xing,Part-time,False,Ukraine,2026-08-17 04:35:19,True,False,Ukraine,year,22210.0,
2424,100,Data Analyst,Junior Data Analyst,Anywhere,via Rabota.ua,Part-time,True,Germany,2026-08-25 12:57:40,True,False,Germany,year,45558.0,
2425,97,Business Analyst,BI Analyst,Anywhere,via StepStone,Full-time,True,Germany,2026-09-24 08:27:20,False,True,Germany,,,
2426,53,Senior Data Engineer,Senior Data Engineer,"Wroclaw, Poland",via Glassdoor,Full-time,False,Poland,2026-08-29 09:16:08,True,False,Poland,,,
2427,117,Software Engineer,Data Software Engineer,"Gdansk, Poland",via Work.ua,Full-time,False,Poland,2026-08-26 16:46:19,False,False,Poland,,,
2428,24,Data Engineer,ETL Developer,"Dnipro, Ukraine",via Robota.ua,Contractor,False,Ukraine,2026-08-16 22:03:55,True,False,Ukraine,,,
2429,38,Business Analyst,BI Analyst,"Dnipro, Ukraine",via Robota.ua,Internship,False,Ukraine,2026-08-18 01:25:42,True,False,Ukraine,,,
2430,37,Machine Learning Engineer,Machine Learning Engineer,Anywhere,via Glassdoor,Full-time,True,Ukraine,2026-09-04 14:53:14,True,True,Ukraine,year,18542.0,
2431,63,Machine Learning Engineer,Machine Learning Engineer,Anywhere,via StepStone,Full-time,True,Poland,2026-08-24 23:43:57,True,False,Poland,,,
2432,7,Data Scientist,Data Scientist,Anywhere,via Robota.ua,Full-time,True,Ukraine,2026-08-20 15:54:46,False,False,Ukraine,year,21354.0,
2433,6,Business Analyst,Business Analyst,Anywhere,via Djinni,Internship,True,Ukraine,2026-09-09 15:40:31,False,False,Ukraine,,,
2434,122,Data Analyst,Product Data Analyst,"Kyiv, Ukraine",via LinkedIn,Part-time,False,Ukraine,2026-08-28 07:19:07,False,False,Ukraine,,,
2435,82,Data Analyst,Business Data Analyst,"Cologne, Germany",via Work.ua,Contractor,False,Germany,2026-08-29 03:09:59,False,True,Germany,,,
2436,102,Senior Data Engineer,Lead Data Engineer,"Stuttgart, Germany",via Xing,Contractor,False,Germany,2026-08-29 04:44:11,False,True,Germany,,,
2437,2,Senior Data Scientist,Senior Data Scientist,"Lviv, Ukraine",via Xing,Full-time,False,Ukraine,2026-09-20 08:34:25,False,False,Ukraine,,,
2438,27,Senior Data Engineer,Senior Data Engineer,"Vinnytsia, Ukraine",via Glassdoor,Full-time,False,Ukraine,2026-08-15 23:06:32,False,False,Ukraine,year,36554.0,
2439,94,Data Analyst,Data Quality Analyst,"Munich, Germany",via Work.ua,Full-time,False,Germany,2026-08-19 23:24:24,False,True,Germany,year,62626.0,
2440,99,Machine Learning Engineer,Machine Learning Engineer,Anywhere,via Pracuj.pl,Full-time,True,Germany,2026-09-23 12:50:34,True,False,Germany,,,
2441,100,Data Analyst,Data Quality Analyst,"Berlin, Germany",via StepStone,Full-time,False,Germany,2026-08-20 00:01:02,False,False,Germany,,,
2442,42,Data Engineer,Analytics Engineer,"Kyiv, Ukraine",via Robota.ua,Full-time,False,Ukraine,2026-09-04 01:46:32,True,True,Ukraine,,,
2443,57,Data Engineer,Junior Data Engineer,"Poznan, Poland",via Glassdoor,Internship,False,Poland,2026-09-13 02:29:19,True,False,Poland,,,
2444,25,Business Analyst,Business Analyst,"Kharkiv, Ukraine",via Xing,Full-time,False,Ukraine,2026-08-16 17:31:33,False,False,Ukraine,year,16840.0,
2445,53,Data Analyst,Product Data Analyst,"Krakow, Poland",via Glassdoor,Full-time,False,Poland,2026-08-17 05:57:24,True,False,Poland,,,
2446,17,Data Scientist,Junior Data Scientist,"Kyiv, Ukraine",via Djinni,Full-time,False,Ukraine,2026-09-06 22:08:03,True,True,Ukraine,year,15862.0,
2447,75,Data Analyst,Product Data Analyst,"Poznan, Poland",via Xing,Full-time,True,Poland,2026-09-14 11:05:13,False,False,Poland,,,
2448,131,Business Analyst,Business Intelligence Analyst,"Lviv, Ukraine",via LinkedIn,Part-time,False,Ukraine,2026-09-01 19:47:27,False,False,Ukraine,,,
2449,24,Data Engineer,BI Developer,"Odesa, Ukraine",via LinkedIn,Full-time,False,Ukraine,2026-08-18 14:23:55,True,False,Ukraine,,,
2450,108,Data Engineer,Junior Data Engineer,Anywhere,via Robota.ua,Full-time,True,Germany,2026-09-01 09:43:49,False,True,Germany,,,
2451,35,Business Analyst,Business Analyst,Anywhere,via NoFluffJobs,Full-time,True,Ukraine,2026-09-10 06:34:00,False,True,Ukraine,,,
2452,89,Data Analyst,Product Data Analyst,"Frankfurt, Germany",via Djinni,Contractor,True,Germany,2026-09-08 08:34:00,True,True,Germany,,,
2453,80,Senior Data Analyst,Senior Data Analyst,"Stuttgart, Germany",via Pracuj.pl,Part-time,False,Germany,2026-09-03 02:40:17,False,False,Germany,,,
2454,90,Data Scientist,Junior Data Scientist,"Hamburg, Germany",via Work.ua,Part-time,False,Germany,2026-08-17 11:34:16,False,True,Germany,year,51239.0,
2455,92,Data Scientist,Data Scientist,"Cologne, Germany",via Work.ua,Internship,False,Germany,2026-08-19 08:28:43,False,True,Germany,,,
2456,6,Data Scientist,Junior Data Scientist,"Ivano-Frankivsk, Ukraine",via LinkedIn,Part-time,False,Ukraine,2026-09-09 10:04:06,False,False,Ukraine,,,
2457,118,Data Analyst,Business Data Analyst,Anywhere,via Rabota.ua,Contractor,True,Ukraine,2026-08-16 12:02:33,False,False,Ukraine,,,
2458,117,Data Scientist,Junior Data Scientist,"Poznan, Poland",via Djinni,Internship,True,Poland,2026-09-04 13:23:09,False,True,Poland,year,18782.0,
2459,5,Data Analyst,Data Analyst,"Ivano-Frankivsk, Ukraine",via Pracuj.pl,Internship,False,Ukraine,2026-09-10 01:25:43,False,True,Ukraine,,,
2460,31,Data Engineer,Power BI Developer,"Kharkiv, Ukraine",via Pracuj.pl,Part-time,False,Ukraine,2026-09-04 18:43:10,False,False,Ukraine,,,
2461,28,Data Analyst,Data Analyst,"Odesa, Ukraine",via Indeed,Contractor,False,Ukraine,2026-09-10 02:29:35,True,False,Ukraine,,,
2462,35,Senior Data Engineer,Lead Data Engineer,"Kyiv, Ukraine",via Xing,Full-time,True,Ukraine,2026-08-25 11:03:48,True,True,Ukraine,,,
2463,128,Data Analyst,Junior Data Analyst,"Gdansk, Poland",via LinkedIn,Full-time,False,Poland,2026-08-18 15:56:43,True,True,Poland,,,
2464,95,Data Analyst,Data Analyst (Finance),"Hamburg, Germany",via Robota.ua,Full-time,True,Germany,2026-08-29 03:54:20,False,True,Germany,,,
2465,15,Data Analyst,Product Data Analyst,"Ivano-Frankivsk, Ukraine",via StepStone,Internship,False,Ukraine,2026-09-20 17:11:58,False,False,Ukraine,,,
2466,45,Data Analyst,Business Data Analyst,"Katowice, Poland",via Rabota.ua,Internship,False,Poland,2026-08-16 02:09:04,False,False,Poland,,,
2467,28,Senior Data Engineer,Lead Data Engineer,"Vinnytsia, Ukraine",via Glassdoor,Full-time,False,Ukraine,2026-09-05 19:55:18,False,True,Ukraine,,,
2468,22,Data Engineer,Data Engineer,"Odesa, Ukraine",via Rabota.ua,Contractor,False,Ukraine,2026-08-16 09:08:04,True,False,Ukraine,,,
2469,29,Data Engineer,Power BI Developer,"Ivano-Frankivsk, Ukraine",via Robota.ua,Full-time,False,Ukraine,2026-09-23 01:47:41,True,True,Ukraine,,,
2470,45,Senior Data Engineer,Senior Data Engineer,Anywhere,via LinkedIn,Contractor,True,Poland,2026-08-31 21:33:41,False,False,Poland,,,
2471,124,Senior Data Analyst,Lead Data Analyst,"Hamburg, Germany",via NoFluffJobs,Full-time,False,Germany,2026-08-28 17:10:29,False,True,Germany,,,
2472,87,Data Scientist,Data Scientist,"Berlin, Germany",via Indeed,Full-time,True,Germany,2026-09-11 15:23:59,False,True,Germany,,,
2473,9,Senior Data Engineer,Senior Data Engineer,"Odesa, Ukraine",via LinkedIn,Part-time,True,Ukraine,2026-09-18 01:52:37,False,False,Ukraine,,,
2474,100,Business Analyst,Business Intelligence Analyst,"Frankfurt, Germany",via Robota.ua,Contractor,True,Germany,2026-09-12 12:33:22,False,True,Germany,,,
2475,60,Data Engineer,Analytics Engineer,"Poznan, Poland",via Robota.ua,Full-time,False,Poland,2026-08-26 02:27:24,True,False,Poland,,,
2476,66,Data Engineer,Analytics Engineer,Anywhere,via Glassdoor,Part-time,True,Poland,2026-08-29 03:11:16,True,False,Poland,,,
2477,123,Data Engineer,Junior Data Engineer,"Berlin, Germany",via Indeed,Full-time,False,Germany,2026-09-18 11:32:09,False,False,Germany,,,
2478,63,Senior Data Scientist,Senior Data Scientist,"Wroclaw, Poland",via StepStone,Internship,False,Poland,2026-08-27 13:34:29,False,False,Poland,,,
2479,33,Senior Data Engineer,Lead Data Engineer,"Lviv, Ukraine",via StepStone,Part-time,True,Ukraine,2026-09-22 00:04:31,True,False,Ukraine,,,
2480,62,Senior Data Analyst,Senior Data Analyst,"Krakow, Poland",via Glassdoor,Contractor,False,Poland,2026-09-23 00:21:17,True,False,Poland,,,
2481,28,Data Engineer,Data Engineer,"Kharkiv, Ukraine",via Robota.ua,Contractor,False,Ukraine,2026-08-21 01:52:44,False,True,Ukraine,,,
2482,100,Senior Data Analyst,Lead Data Analyst,"Hamburg, Germany",via Djinni,Contractor,False,Germany,2026-08-23 02:47:03,False,True,Germany,,,
2483,57,Business Analyst,Junior Business Analyst,"Katowice, Poland",via NoFluffJobs,Full-time,True,Poland,2026-09-02 11:39:12,True,True,Poland,,,
2484,132,Data Scientist,Data Scientist,"Vinnytsia, Ukraine",via LinkedIn,Full-time,False,Ukraine,2026-09-01 22:00:28,False,True,Ukraine,,,
2485,26,Business Analyst,Business Analyst,Anywhere,via Robota.ua,Full-time,True,Ukraine,2026-09-12 17:54:16,False,True,Ukraine,,,
2486,38,Senior Data Analyst,Lead Data Analyst,Anywhere,via Robota.ua,Full-time,True,Ukraine,2026-08-26 14:37:12,False,False,Ukraine,,,
2487,127,Data Analyst,Junior Data Analyst,"Cologne, Germany",via Glassdoor,Full-time,False,Germany,2026-08-16 21:42:33,True,True,Germany,,,
2488,54,Data Analyst,Business Data Analyst,"Lodz, Poland",via StepStone,Internship,False,Poland,2026-09-25 23:57:12,True,False,Poland,,,
2489,18,Data Analyst,Data Analyst (Finance),"Dnipro, Ukraine",via Djinni,Full-time,False,Ukraine,2026-09-14 00:21:33,False,False,Ukraine,,,
2490,23,Data Engineer,Data Engineer,"Kharkiv, Ukraine",via Pracuj.pl,Full-time,False,Ukraine,2026-08-18 06:14:43,False,False,Ukraine,year,19621.0,
2491,2,Senior Data Analyst,Lead Data Analyst,"Dnipro, Ukraine",via Work.ua,Contractor,False,Ukraine,2026-09-05 16:24:46,False,True,Ukraine,year,37214.0,
2492,56,Business Analyst,BI Analyst,"Katowice, Poland",via Robota.ua,Part-time,False,Poland,2026-08-28 02:32:41,False,False,Poland,year,37205.0,
2493,15,Business Analyst,Business Intelligence Analyst,Anywhere,via Glassdoor,Full-time,True,Ukraine,2026-09-06 21:16:42,False,True,Ukraine,,,
2494,11,Business Analyst,Business Intelligence Analyst,"Kyiv, Ukraine",via Work.ua,Full-time,False,Ukraine,2026-08-21 06:32:15,True,True,Ukraine,year,22783.0,
2495,38,Data Engineer,ETL Developer,Anywhere,via Indeed,Full-time,True,Ukraine,2026-09-05 18:27:28,False,False,Ukraine,,,
2496,3,Business Analyst,Junior Business Analyst,"Vinnytsia, Ukraine",via Xing,Full-time,False,Ukraine,2026-09-02 20:38:14,False,False,Ukraine,,,
2497,129,Senior Data Analyst,Lead Data Analyst,"Dnipro, Ukraine",via Glassdoor,Part-time,False,Ukraine,2026-09-11 16:58:28,True,True,Ukraine,year,29473.0,
2498,56,Machine Learning Engineer,Machine Learning Engineer,Anywhere,via Rabota.ua,Full-time,True,Poland,2026-08-22 10:14:46,False,False,Poland,,,
2499,126,Data Analyst,Junior Data Analyst,Anywhere,via Pracuj.pl,Full-time,True,Ukraine,2026-09-02 11:05:10,False,False,Ukraine,,,
2500,9,Data Analyst,Data Analyst,"Lviv, Ukraine",via Pracuj.pl,Internship,True,Ukraine,2026-09-21 05:16:25,True,False,Ukraine,,,
2501,89,Senior Data Scientist,Senior Data Scientist,"Hamburg, Germany",via NoFluffJobs,Full-time,True,Germany,2026-09-16 02:00:35,False,True,Germany,year,102853.0,
2502,67,Data Analyst,Business Data Analyst,"Poznan, Poland",via StepStone,Contractor,False,Poland,2026-09-09 19:42:05,False,False,Poland,,,
2503,3,Senior Data Engineer,Senior Data Engineer,"Ivano-Frankivsk, Ukraine",via Robota.ua,Full-time,True,Ukraine,2026-09-05 04:25:17,False,False,Ukraine,,,
2504,107,Business Analyst,Business Analyst,"Berlin, Germany",via Pracuj.pl,Contractor,False,Germany,2026-08-22 08:24:36,False,False,Germany,,,
2505,27,Business Analyst,Business Intelligence Analyst,"Odesa, Ukraine",via Pracuj.pl,Part-time,False,Ukraine,2026-09-12 10:51:13,False,True,Ukraine,,,
2506,5,Cloud Engineer,Cloud Data Engineer,Anywhere,via Rabota.ua,Full-time,True,Ukraine,2026-08-23 23:12:55,False,True,Ukraine,,,
2507,72,Data Analyst,Data Analyst (Marketing),"Katowice, Poland",via Indeed,Full-time,False,Poland,2026-09-11 12:14:44,False,False,Poland,,,
2508,116,Data Scientist,Junior Data Scientist,"Frankfurt, Germany",via Work.ua,Contractor,True,Germany,2026-09-22 23:36:35,False,False,Germany,,,
2509,53,Senior Data Engineer,Lead Data Engineer,"Katowice, Poland",via Djinni,Full-time,False,Poland,2026-09-22 04:37:53,False,True,Poland,year,38529.0,
2510,126,Senior Data Scientist,Senior Data Scientist,"Odesa, Ukraine",via StepStone,Full-time,False,Ukraine,2026-08-27 13:37:27,False,False,Ukraine,,,
2511,120,Senior Data Engineer,Senior Data Engineer,"Ivano-Frankivsk, Ukraine",via LinkedIn,Full-time,True,Ukraine,2026-09-15 21:26:04,False,False,Ukraine,,,
2512,92,Senior Data Engineer,Lead Data Engineer,"Stuttgart, Germany",via StepStone,Part-time,False,Germany,2026-08-28 20:41:09,True,False,Germany,year,95397.0,
2513,90,Software Engineer,Data Software Engineer,"Hamburg, Germany",via Djinni,Part-time,False,Germany,2026-09-03 08:07:00,False,False,Germany,,,
2514,0,Senior Data Engineer,Senior Data Engineer,"Kharkiv, Ukraine",via Robota.ua,Part-time,False,Ukraine,2026-09-24 06:05:03,False,True,Ukraine,,,
2515,30,Data Engineer,Junior Data Engineer,"Dnipro, Ukraine",via LinkedIn,Full-time,True,Ukraine,2026-09-22 21:24:13,True,False,Ukraine,,,
2516,12,Data Analyst,Data Analyst (Marketing),"Ivano-Frankivsk, Ukraine",via Glassdoor,Internship,False,Ukraine,2026-08-26 18:26:08,False,True,Ukraine,year,23041.0,
2517,92,Data Analyst,Data Analyst,"Frankfurt, Germany",via Xing,Internship,False,Germany,2026-08-26 06:03:24,True,True,Germany,,,
2518,129,Data Analyst,Data Analyst,"Dnipro, Ukraine",via Indeed,Full-time,False,Ukraine,2026-09-07 08:26:36,True,False,Ukraine,,,
2519,26,Business Analyst,Business Analyst,Anywhere,via StepStone,Part-time,True,Ukraine,2026-09-12 10:59:08,False,True,Ukraine,,,
2520,42,Data Analyst,Data Analyst (Marketing),Anywhere,via LinkedIn,Full-time,True,Ukraine,2026-08-24 07:52:13,True,True,Ukraine,,,
2521,0,Data Scientist,Data Scientist,"Kharkiv, Ukraine",via Indeed,Full-time,False,Ukraine,2026-08-31 03:24:06,True,True,Ukraine,,,
2522,106,Business Analyst,Business Intelligence Analyst,"Dusseldorf, Germany",via Work.ua,Full-time,False,Germany,2026-08-29 01:17:52,True,False,Germany,year,67297.0,
2523,80,Machine Learning Engineer,Machine Learning Engineer,"Cologne, Germany",via Xing,Internship,False,Germany,2026-08-31 07:28:59,True,True,Germany,year,74755.0,
2524,82,Data Engineer,Data Engineer,"Stuttgart, Germany",via Pracuj.pl,Contractor,True,Germany,2026-09-20 22:09:28,False,True,Germany,,,
2525,72,Data Engineer,BI Developer,"Gdansk, Poland",via LinkedIn,Contractor,False,Poland,2026-09-12 02:51:43,False,False,Poland,hour,,18.67
2526,20,Data Scientist,Junior Data Scientist,"Odesa, Ukraine",via NoFluffJobs,Full-time,True,Ukraine,2026-09-18 12:06:50,True,False,Ukraine,,,
2527,17,Data Analyst,Data Analyst (Marketing),"Dnipro, Ukraine",via Rabota.ua,Part-time,True,Ukraine,2026-09-21 15:23:41,False,False,Ukraine,,,
2528,76,Data Engineer,BI Developer,"Wroclaw, Poland",via StepStone,Full-time,False,Poland,2026-08-19 12:46:14,False,False,Poland,,,
2529,81,Data Analyst,Business Data Analyst,"Munich, Germany",via NoFluffJobs,Internship,False,Germany,2026-09-25 14:00:50,True,True,Germany,,,
2530,59,Business Analyst,Business Intelligence Analyst,"Gdansk, Poland",via Glassdoor,Full-time,False,Poland,2026-08-22 08:40:59,True,False,Poland,year,22322.0,
2531,120,Data Analyst,Data Quality Analyst,"Ivano-Frankivsk, Ukraine",via Pracuj.pl,Part-time,False,Ukraine,2026-09-03 23:47:18,True,True,Ukraine,year,27119.0,
2532,88,Senior Data Scientist,Senior Data Scientist,"Hamburg, Germany",via Rabota.ua,Full-time,False,Germany,2026-09-21 10:43:32,False,False,Germany,,,
2533,49,Senior Data Engineer,Lead Data Engineer,"Wroclaw, Poland",via Robota.ua,Full-time,True,Poland,2026-09-17 07:48:09,False,False,Poland,,,
2534,31,Senior Data Analyst,Senior Data Analyst,"Kharkiv, Ukraine",via Work.ua,Full-time,False,Ukraine,2026-08-16 16:06:32,False,True,Ukraine,,,
2535,69,Data Engineer,ETL Developer,"Poznan, Poland",via Djinni,Part-time,False,Poland,2026-09-25 02:46:12,False,True,Poland,,,
2536,95,Senior Data Analyst,Lead Data Analyst,"Hamburg, Germany",via StepStone,Full-time,False,Germany,2026-08-31 03:54:56,False,False,Germany,,,
2537,80,Data Analyst,Product Data Analyst,"Stuttgart, Germany",via Rabota.ua,Full-time,False,Germany,2026-08-21 18:00:32,False,False,Germany,,,
2538,10,Data Analyst,Data Analyst (Marketing),"Odesa, Ukraine",via Glassdoor,Internship,False,Ukraine,2026-08-29 13:18:54,False,True,Ukraine,,,
2539,83,Data Engineer,ETL Developer,"Hamburg, Germany",via Pracuj.pl,Full-time,False,Germany,2026-09-18 12:13:09,True,True,Germany,,,
2540,117,Senior Data Scientist,Senior Data Scientist,"Poznan, Poland",via Xing,Full-time,False,Poland,2026-09-21 06:17:58,False,False,Poland,,,
2541,81,Data Engineer,Analytics Engineer,"Frankfurt, Germany",via Glassdoor,Full-time,False,Germany,2026-09-17 17:38:52,False,True,Germany,,,
2542,9,Data Scientist,Junior Data Scientist,"Dnipro, Ukraine",via Robota.ua,Full-time,False,Ukraine,2026-09-01 10:14:57,True,False,Ukraine,,,
2543,66,Data Analyst,Data Analyst (Marketing),"Wroclaw, Poland",via Work.ua,Internship,False,Poland,2026-09-19 18:56:04,False,False,Poland,year,32037.0,
2544,68,Data Analyst,Product Data Analyst,Anywhere,via Glassdoor,Full-time,True,Poland,2026-09-05 23:43:07,False,True,Poland,,,
2545,125,Business Analyst,Junior Business Analyst,"Hamburg, Germany",via Indeed,Internship,False,Germany,2026-08-21 12:54:26,False,False,Germany,,,
2546,78,Data Engineer,Analytics Engineer,Anywhere,via Glassdoor,Contractor,True,Germany,2026-08-29 19:24:24,True,True,Germany,,,
2547,38,Data Analyst,Data Analyst (Marketing),"Vinnytsia, Ukraine",via StepStone,Internship,False,Ukraine,2026-08-23 00:51:57,False,False,Ukraine,,,
2548,61,Senior Data Analyst,Lead Data Analyst,"Warsaw, Poland",via StepStone,Internship,False,Poland,2026-08-15 04:56:59,False,True,Poland,,,
2549,115,Senior Data Analyst,Senior Data Analyst,"Ivano-Frankivsk, Ukraine",via Glassdoor,Full-time,False,Ukraine,2026-09-03 06:34:51,False,True,Ukraine,,,
2550,86,Business Analyst,Business Intelligence Analyst,"Stuttgart, Germany",via Pracuj.pl,Full-time,False,Germany,2026-09-12 06:53:20,False,False,Germany,,,
2551,58,Data Engineer,Junior Data Engineer,"Lodz, Poland",via Xing,Full-time,False,Poland,2026-09-14 03:32:38,False,True,Poland,,,
2552,68,Machine Learning Engineer,Machine Learning Engineer,"Warsaw, Poland",via LinkedIn,Full-time,True,Poland,2026-09-25 07:44:44,False,False,Poland,year,24668.0,
2553,102,Data Analyst,Data Analyst,"Frankfurt, Germany",via Rabota.ua,Full-time,False,Germany,2026-09-20 08:06:05,False,False,Germany,,,
2554,66,Senior Data Analyst,Lead Data Analyst,"Warsaw, Poland",via Rabota.ua,Full-time,False,Poland,2026-09-10 04:32:59,False,False,Poland,,,
2555,82,Senior Data Analyst,Lead Data Analyst,"Hamburg, Germany",via StepStone,Part-time,False,Germany,2026-09-07 16:36:39,True,True,Germany,,,
2556,99,Business Analyst,BI Analyst,"Munich, Germany",via Work.ua,Internship,False,Germany,2026-09-11 08:27:34,False,True,Germany,,,
2557,103,Data Engineer,Data Engineer,"Stuttgart, Germany",via Rabota.ua,Part-time,True,Germany,2026-09-15 10:04:46,False,False,Germany,,,
2558,119,Data Analyst,Data Analyst (Finance),"Kyiv, Ukraine",via Pracuj.pl,Full-time,False,Ukraine,2026-08-31 21:52:12,True,False,Ukraine,,,
2559,122,Machine Learning Engineer,Machine Learning Engineer,"Kyiv, Ukraine",via Rabota.ua,Part-time,True,Ukraine,2026-09-08 11:34:24,True,False,Ukraine,year,18678.0,
2560,28,Data Engineer,ETL Developer,"Lviv, Ukraine",via Indeed,Full-time,False,Ukraine,2026-09-13 06:55:05,True,True,Ukraine,year,22974.0,
2561,62,Data Analyst,Product Data Analyst,"Gdansk, Poland",via LinkedIn,Full-time,False,Poland,2026-09-08 16:17:07,False,True,Poland,year,22892.0,
2562,63,Data Scientist,Junior Data Scientist,"Warsaw, Poland",via StepStone,Internship,False,Poland,2026-09-21 04:08:39,False,True,Poland,year,13680.0,
2563,127,Data Analyst,Junior Data Analyst,Anywhere,via Work.ua,Full-time,True,Germany,2026-09-05 03:08:36,False,True,Germany,,,
2564,40,Data Analyst,Data Quality Analyst,"Kyiv, Ukraine",via Robota.ua,Contractor,False,Ukraine,2026-09-16 13:12:46,False,False,Ukraine,,,
2565,85,Senior Data Engineer,Senior Data Engineer,"Munich, Germany",via Xing,Full-time,True,Germany,2026-08-28 02:25:54,True,True,Germany,,,
2566,61,Data Analyst,Junior Data Analyst,"Gdansk, Poland",via Rabota.ua,Full-time,False,Poland,2026-09-24 05:16:28,False,True,Poland,,,
2567,69,Senior Data Analyst,Senior Data Analyst,"Poznan, Poland",via StepStone,Contractor,False,Poland,2026-09-16 16:34:38,False,True,Poland,,,
2568,37,Data Engineer,Data Engineer,"Vinnytsia, Ukraine",via Robota.ua,Full-time,False,Ukraine,2026-09-20 16:36:39,True,False,Ukraine,,,
2569,123,Business Analyst,Business Intelligence Analyst,"Frankfurt, Germany",via Xing,Full-time,False,Germany,2026-09-06 07:34:19,True,False,Germany,,,
2570,6,Senior Data Engineer,Senior Data Engineer,"Dnipro, Ukraine",via Indeed,Full-time,False,Ukraine,2026-09-15 08:11:08,True,False,Ukraine,year,40655.0,
2571,58,Data Scientist,Data Scientist,"Warsaw, Poland",via Work.ua,Contractor,False,Poland,2026-09-15 21:37:54,False,True,Poland,,,
2572,72,Data Analyst,Junior Data Analyst,"Poznan, Poland",via Pracuj.pl,Full-time,True,Poland,2026-08-21 05:04:28,False,False,Poland,,,
2573,23,Data Analyst,Data Analyst (Finance),"Kyiv, Ukraine",via Djinni,Full-time,False,Ukraine,2026-09-17 13:34:55,False,False,Ukraine,,,
2574,88,Senior Data Analyst,Lead Data Analyst,"Hamburg, Germany",via Xing,Part-time,True,Germany,2026-09-22 00:44:33,False,False,Germany,year,97685.0,
2575,78,Data Analyst,Product Data Analyst,"Dusseldorf, Germany",via NoFluffJobs,Full-time,False,Germany,2026-09-16 16:46:11,True,False,Germany,,,
2576,71,Business Analyst,Business Intelligence Analyst,"Wroclaw, Poland",via Rabota.ua,Full-time,False,Poland,2026-08-30 07:08:19,False,False,Poland,year,28446.0,
2577,44,Data Engineer,Power BI Developer,"Kharkiv, Ukraine",via Indeed,Internship,False,Ukraine,2026-09-21 03:12:17,False,False,Ukraine,,,
2578,83,Data Analyst,Business Data Analyst,"Munich, Germany",via Rabota.ua,Contractor,False,Germany,2026-09-04 12:09:27,True,True,Germany,,,
2579,82,Machine Learning Engineer,Machine Learning Engineer,"Hamburg, Germany",via Work.ua,Part-time,True,Germany,2026-09-14 16:13:29,True,True,Germany,,,
2580,75,Data Engineer,Data Engineer,"Wroclaw, Poland",via StepStone,Full-time,False,Poland,2026-09-11 03:10:17,False,False,Poland,,,
2581,24,Senior Data Analyst,Senior Data Analyst,"Kyiv, Ukraine",via LinkedIn,Part-time,False,Ukraine,2026-09-11 15:53:12,True,False,Ukraine,,,
2582,58,Senior Data Analyst,Lead Data Analyst,"Gdansk, Poland",via StepStone,Internship,False,Poland,2026-09-10 10:04:59,True,True,Poland,year,55414.0,
2583,128,Software Engineer,Data Software Engineer,"Wroclaw, Poland",via Work.ua,Contractor,False,Poland,2026-08-23 15:01:25,False,True,Poland,,,
2584,12,Data Analyst,Data Analyst (Finance),"Vinnytsia, Ukraine",via NoFluffJobs,Full-time,False,Ukraine,2026-09-02 01:21:54,True,True,Ukraine,,,
2585,129,Data Analyst,Business Data Analyst,"Kharkiv, Ukraine",via Work.ua,Part-time,False,Ukraine,2026-09-24 20:32:05,True,False,Ukraine,,,
2586,69,Data Analyst,Data Analyst (Finance),"Wroclaw, Poland",via Djinni,Full-time,False,Poland,2026-09-23 16:38:25,False,False,Poland,,,
2587,68,Data Scientist,Data Scientist,"Katowice, Poland",via Work.ua,Full-time,False,Poland,2026-09-08 12:48:40,False,True,Poland,,,
2588,120,Data Engineer,Data Engineer,"Lviv, Ukraine",via NoFluffJobs,Contractor,False,Ukraine,2026-09-19 20:04:57,False,True,Ukraine,,,
2589,97,Data Analyst,Data Analyst (Marketing),"Cologne, Germany",via LinkedIn,Full-time,False,Germany,2026-09-13 19:31:46,False,True,Germany,,,
2590,114,Senior Data Analyst,Lead Data Analyst,"Kharkiv, Ukraine",via Pracuj.pl,Full-time,True,Ukraine,2026-09-25 12:20:35,False,False,Ukraine,,,
2591,113,Data Engineer,BI Developer,"Cologne, Germany",via Pracuj.pl,Full-time,True,Germany,2026-09-13 18:22:22,False,False,Germany,,,
2592,97,Data Engineer,BI Developer,"Munich, Germany",via Indeed,Full-time,False,Germany,2026-08-27 20:01:08,False,False,Germany,,,
2593,68,Senior Data Analyst,Lead Data Analyst,"Poznan, Poland",via Glassdoor,Full-time,False,Poland,2026-09-18 02:43:59,False,False,Poland,,,
2594,53,Data Scientist,Junior Data Scientist,"Poznan, Poland",via LinkedIn,Full-time,True,Poland,2026-08-22 01:37:06,False,False,Poland,,,
2595,40,Data Analyst,Data Quality Analyst,"Kharkiv, Ukraine",via Work.ua,Contractor,False,Ukraine,2026-08-27 02:36:26,False,True,Ukraine,year,27349.0,
2596,11,Data Engineer,Power BI Developer,"Dnipro, Ukraine",via Glassdoor,Full-time,False,Ukraine,2026-08-19 05:39:52,False,True,Ukraine,,,
2597,119,Data Analyst,Business Data Analyst,"Vinnytsia, Ukraine",via Rabota.ua,Part-time,False,Ukraine,2026-09-09 17:55:51,True,True,Ukraine,year,17512.0,
2598,111,Data Engineer,ETL Developer,"Munich, Germany",via Robota.ua,Internship,False,Germany,2026-08-18 02:32:42,False,True,Germany,,,
2599,108,Senior Data Engineer,Lead Data Engineer,"Frankfurt, Germany",via Indeed,Contractor,True,Germany,2026-08-21 04:15:02,True,False,Germany,,,
2600,44,Data Engineer,Junior Data Engineer,"Kharkiv, Ukraine",via LinkedIn,Part-time,False,Ukraine,2026-09-08 02:43:01,True,True,Ukraine,year,13887.0,
2601,99,Data Analyst,Product Data Analyst,Anywhere,via Xing,Internship,True,Germany,2026-09-03 06:19:19,True,True,Germany,,,
2602,4,Data Engineer,Data Engineer,"Lviv, Ukraine",via Xing,Contractor,False,Ukraine,2026-09-08 02:02:48,True,False,Ukraine,,,
2603,49,Senior Data Scientist,Senior Data Scientist,"Warsaw, Poland",via Rabota.ua,Part-time,False,Poland,2026-08-20 12:42:57,False,True,Poland,,,
2604,76,Data Analyst,Data Analyst (Finance),Anywhere,via Indeed,Full-time,True,Poland,2026-09-10 15:59:11,True,True,Poland,,,
2605,17,Data Analyst,Business Data Analyst,"Kharkiv, Ukraine",via Pracuj.pl,Full-time,False,Ukraine,2026-08-31 00:45:47,False,False,Ukraine,,,
2606,68,Data Analyst,Junior Data Analyst,"Wroclaw, Poland",via NoFluffJobs,Internship,False,Poland,2026-09-21 03:18:14,True,True,Poland,year,17344.0,
2607,7,Data Scientist,Junior Data Scientist,"Kyiv, Ukraine",via Djinni,Full-time,False,Ukraine,2026-09-05 07:33:45,True,False,Ukraine,year,10856.0,
2608,130,Business Analyst,Junior Business Analyst,Anywhere,via Rabota.ua,Internship,True,Ukraine,2026-09-20 05:38:00,False,False,Ukraine,,,
2609,14,Business Analyst,Junior Business Analyst,"Ivano-Frankivsk, Ukraine",via Indeed,Contractor,False,Ukraine,2026-08-20 12:58:44,False,False,Ukraine,hour,,6.14
2610,74,Senior Data Engineer,Senior Data Engineer,"Poznan, Poland",via Rabota.ua,Full-time,False,Poland,2026-09-20 07:34:51,False,True,Poland,year,45250.0,
2611,20,Data Analyst,Product Data Analyst,"Kyiv, Ukraine",via Work.ua,Part-time,False,Ukraine,2026-09-14 21:25:32,False,False,Ukraine,year,24895.0,
2612,70,Data Analyst,Junior Data Analyst,"Krakow, Poland",via StepStone,Full-time,True,Poland,2026-09-03 02:14:07,False,False,Poland,,,
2613,110,Data Analyst,Business Data Analyst,"Berlin, Germany",via StepStone,Internship,True,Germany,2026-09-16 11:50:21,False,True,Germany,,,
2614,115,Data Analyst,Data Quality Analyst,"Ivano-Frankivsk, Ukraine",via StepStone,Internship,False,Ukraine,2026-09-12 21:08:52,False,True,Ukraine,,,
2615,120,Business Analyst,Business Intelligence Analyst,"Odesa, Ukraine",via Glassdoor,Part-time,True,Ukraine,2026-08-20 22:07:00,False,False,Ukraine,year,21125.0,
2616,52,Data Scientist,Junior Data Scientist,"Krakow, Poland",via Xing,Full-time,False,Poland,2026-09-23 00:31:03,False,False,Poland,,,
2617,21,Senior Data Engineer,Lead Data Engineer,"Kharkiv, Ukraine",via Robota.ua,Full-time,False,Ukraine,2026-09-10 14:07:38,True,True,Ukraine,,,
2618,3,Data Analyst,Business Data Analyst,"Odesa, Ukraine",via Xing,Internship,False,Ukraine,2026-09-07 03:15:12,True,False,Ukraine,,,
2619,39,Senior Data Analyst,Lead Data Analyst,"Odesa, Ukraine",via Glassdoor,Contractor,False,Ukraine,2026-09-14 05:48:03,True,False,Ukraine,,,
2620,12,Data Analyst,Business Data Analyst,"Vinnytsia, Ukraine",via Xing,Full-time,False,Ukraine,2026-09-17 08:01:55,True,True,Ukraine,,,
2621,90,Data Analyst,Junior Data Analyst,"Frankfurt, Germany",via Indeed,Part-time,False,Germany,2026-08-29 00:55:40,False,True,Germany,year,47360.0,
2622,74,Senior Data Scientist,Senior Data Scientist,"Warsaw, Poland",via Indeed,Internship,False,Poland,2026-09-25 10:28:56,False,False,Poland,,,
2623,115,Data Engineer,Data Engineer,"Ivano-Frankivsk, Ukraine",via StepStone,Full-time,False,Ukraine,2026-09-07 23:58:04,False,True,Ukraine,,,
2624,106,Senior Data Analyst,Senior Data Analyst,"Hamburg, Germany",via Rabota.ua,Full-time,False,Germany,2026-08-26 07:21:09,False,False,Germany,year,93919.0,
2625,42,Data Analyst,Data Analyst (Marketing),"Lviv, Ukraine",via NoFluffJobs,Internship,False,Ukraine,2026-09-17 02:16:29,False,False,Ukraine,,,
2626,43,Senior Data Analyst,Lead Data Analyst,"Dnipro, Ukraine",via Rabota.ua,Contractor,True,Ukraine,2026-09-01 10:32:09,False,True,Ukraine,,,
2627,15,Data Engineer,Junior Data Engineer,"Odesa, Ukraine",via Rabota.ua,Full-time,False,Ukraine,2026-09-07 07:47:41,False,False,Ukraine,,,
2628,57,Data Engineer,ETL Developer,"Krakow, Poland",via NoFluffJobs,Contractor,False,Poland,2026-09-10 20:15:28,True,True,Poland,,,
2629,31,Senior Data Analyst,Senior Data Analyst,"Kharkiv, Ukraine",via StepStone,Internship,True,Ukraine,2026-09-03 14:48:59,False,True,Ukraine,,,
2630,131,Senior Data Analyst,Lead Data Analyst,"Lviv, Ukraine",via NoFluffJobs,Part-time,False,Ukraine,2026-09-03 01:03:19,False,False,Ukraine,,,
2631,123,Machine Learning Engineer,Machine Learning Engineer,"Stuttgart, Germany",via Djinni,Full-time,False,Germany,2026-08-30 09:01:02,False,False,Germany,,,
2632,89,Data Analyst,Junior Data Analyst,"Berlin, Germany",via Work.ua,Full-time,False,Germany,2026-08-26 05:01:33,False,True,Germany,,,
2633,81,Data Analyst,Product Data Analyst,Anywhere,via Work.ua,Full-time,True,Germany,2026-09-15 03:40:13,False,True,Germany,,,
2634,85,Data Analyst,Product Data Analyst,"Stuttgart, Germany",via Pracuj.pl,Full-time,True,Germany,2026-09-02 07:26:59,True,True,Germany,,,
2635,77,Data Engineer,Analytics Engineer,"Poznan, Poland",via Pracuj.pl,Full-time,False,Poland,2026-08-24 11:47:51,False,True,Poland,,,
2636,13,Data Analyst,Business Data Analyst,"Dnipro, Ukraine",via NoFluffJobs,Full-time,False,Ukraine,2026-09-24 10:57:45,False,True,Ukraine,,,
2637,46,Machine Learning Engineer,Machine Learning Engineer,"Gdansk, Poland",via LinkedIn,Full-time,False,Poland,2026-08-21 16:15:17,True,True,Poland,,,
2638,90,Data Analyst,Data Analyst,"Munich, Germany",via NoFluffJobs,Full-time,True,Germany,2026-09-20 16:02:40,False,False,Germany,,,
2639,11,Senior Data Analyst,Lead Data Analyst,"Odesa, Ukraine",via Djinni,Contractor,False,Ukraine,2026-09-08 01:23:47,True,True,Ukraine,year,28679.0,
2640,49,Data Analyst,Junior Data Analyst,"Krakow, Poland",via StepStone,Full-time,False,Poland,2026-08-22 21:02:13,False,False,Poland,,,
2641,59,Data Analyst,Data Analyst (Finance),"Lodz, Poland",via Glassdoor,Full-time,False,Poland,2026-09-10 12:27:32,False,True,Poland,year,25140.0,
2642,118,Data Engineer,Data Engineer,"Lviv, Ukraine",via Pracuj.pl,Full-time,False,Ukraine,2026-09-07 09:12:38,True,True,Ukraine,,,
2643,78,Data Engineer,ETL Developer,"Cologne, Germany",via Robota.ua,Full-time,False,Germany,2026-08-17 06:11:53,True,True,Germany,year,68572.0,
2644,62,Senior Data Analyst,Senior Data Analyst,Anywhere,via Rabota.ua,Contractor,True,Poland,2026-08-20 09:10:24,False,True,Poland,,,
2645,72,Data Analyst,Junior Data Analyst,"Lodz, Poland",via Xing,Full-time,False,Poland,2026-08-27 10:42:37,False,False,Poland,,,
2646,61,Data Analyst,Data Quality Analyst,"Gdansk, Poland",via NoFluffJobs,Contractor,False,Poland,2026-09-06 12:14:57,True,True,Poland,,,
2647,55,Data Analyst,Data Analyst,"Krakow, Poland",via Glassdoor,Contractor,False,Poland,2026-09-08 00:24:25,False,True,Poland,,,
2648,36,Data Analyst,Product Data Analyst,"Kharkiv, Ukraine",via Glassdoor,Full-time,False,Ukraine,2026-09-24 04:04:45,False,True,Ukraine,,,
2649,76,Senior Data Analyst,Lead Data Analyst,"Poznan, Poland",via Rabota.ua,Part-time,False,Poland,2026-09-24 23:57:36,False,True,Poland,year,57207.0,
2650,2,Data Scientist,Junior Data Scientist,"Kyiv, Ukraine",via StepStone,Full-time,False,Ukraine,2026-09-01 05:58:37,False,False,Ukraine,,,
2651,28,Data Analyst,Data Quality Analyst,"Vinnytsia, Ukraine",via Robota.ua,Internship,True,Ukraine,2026-08-19 20:33:05,False,False,Ukraine,,,
2652,36,Data Analyst,Junior Data Analyst,"Vinnytsia, Ukraine",via Work.ua,Internship,True,Ukraine,2026-09-21 10:45:10,True,False,Ukraine,,,
2653,49,Data Scientist,Junior Data Scientist,Anywhere,via LinkedIn,Contractor,True,Poland,2026-08-27 01:32:06,True,True,Poland,,,
2654,78,Senior Data Engineer,Senior Data Engineer,"Berlin, Germany",via NoFluffJobs,Internship,True,Germany,2026-08-31 16:29:25,False,False,Germany,,,
2655,58,Data Analyst,Data Analyst,"Gdansk, Poland",via Djinni,Contractor,False,Poland,2026-08-20 09:30:58,False,False,Poland,year,31717.0,
2656,85,Data Analyst,Business Data Analyst,"Cologne, Germany",via Djinni,Part-time,False,Germany,2026-08-15 10:17:54,True,False,Germany,,,
2657,5,Data Engineer,Power BI Developer,"Kyiv, Ukraine",via Xing,Contractor,False,Ukraine,2026-09-21 17:50:37,False,False,Ukraine,,,
2658,108,Senior Data Analyst,Lead Data Analyst,"Munich, Germany",via NoFluffJobs,Contractor,False,Germany,2026-09-14 01:43:36,False,True,Germany,,,
2659,70,Data Analyst,Data Analyst (Finance),"Katowice, Poland",via Pracuj.pl,Full-time,False,Poland,2026-08-19 10:58:18,False,True,Poland,,,
2660,75,Data Analyst,Data Analyst (Finance),"Warsaw, Poland",via NoFluffJobs,Full-time,False,Poland,2026-08-31 19:57:25,False,False,Poland,,,
2661,105,Machine Learning Engineer,Machine Learning Engineer,"Hamburg, Germany",via Rabota.ua,Contractor,False,Germany,2026-09-21 19:22:29,True,True,Germany,,,
2662,36,Data Analyst,Data Quality Analyst,Anywhere,via StepStone,Part-time,True,Ukraine,2026-08-27 01:12:34,True,True,Ukraine,,,
2663,41,Data Analyst,Data Quality Analyst,"Vinnytsia, Ukraine",via Indeed,Full-time,False,Ukraine,2026-08-22 00:46:36,False,True,Ukraine,year,21339.0,
2664,37,Senior Data Scientist,Senior Data Scientist,"Odesa, Ukraine",via Work.ua,Contractor,False,Ukraine,2026-09-04 21:15:30,False,True,Ukraine,,,
2665,59,Data Analyst,Data Analyst (Marketing),"Warsaw, Poland",via Xing,Internship,False,Poland,2026-09-10 15:09:37,True,True,Poland,,,
2666,55,Cloud Engineer,Cloud Data Engineer,Anywhere,via LinkedIn,Part-time,True,Poland,2026-09-12 15:02:55,True,False,Poland,,,
2667,77,Business Analyst,Business Intelligence Analyst,"Warsaw, Poland",via Robota.ua,Internship,True,Poland,2026-09-05 21:46:16,True,True,Poland,,,
2668,53,Data Scientist,Junior Data Scientist,"Poznan, Poland",via StepStone,Full-time,False,Poland,2026-09-15 20:22:43,False,False,Poland,,,
2669,132,Data Analyst,Business Data Analyst,"Kyiv, Ukraine",via Pracuj.pl,Contractor,False,Ukraine,2026-08-20 22:53:47,False,False,Ukraine,hour,,14.34
2670,121,Data Scientist,Data Scientist,"Cologne, Germany",via Djinni,Part-time,False,Germany,2026-08-21 03:44:26,True,True,Germany,,,
2671,61,Data Scientist,Data Scientist,"Poznan, Poland",via Robota.ua,Part-time,False,Poland,2026-09-06 23:57:19,True,True,Poland,,,
2672,9,Senior Data Engineer,Lead Data Engineer,"Kharkiv, Ukraine",via Rabota.ua,Full-time,False,Ukraine,2026-08-19 16:55:35,False,True,Ukraine,,,
2673,119,Data Analyst,Junior Data Analyst,"Lviv, Ukraine",via Djinni,Full-time,False,Ukraine,2026-09-01 00:29:41,False,True,Ukraine,year,12057.0,
2674,47,Data Analyst,Data Analyst,"Gdansk, Poland",via Robota.ua,Full-time,False,Poland,2026-09-15 01:26:42,False,False,Poland,,,
2675,48,Data Engineer,ETL Developer,"Warsaw, Poland",via Pracuj.pl,Part-time,False,Poland,2026-09-20 11:52:10,True,True,Poland,,,
2676,69,Senior Data Analyst,Senior Data Analyst,"Katowice, Poland",via Glassdoor,Full-time,False,Poland,2026-09-24 18:39:45,False,True,Poland,,,
2677,1,Data Analyst,Product Data Analyst,"Lviv, Ukraine",via Xing,Internship,False,Ukraine,2026-09-01 00:13:10,True,True,Ukraine,year,27924.0,
2678,122,Data Analyst,Data Analyst (Marketing),"Lviv, Ukraine",via Pracuj.pl,Part-time,True,Ukraine,2026-09-16 06:20:39,True,True,Ukraine,,,
2679,14,Business Analyst,Business Intelligence Analyst,"Odesa, Ukraine",via Xing,Full-time,False,Ukraine,2026-08-17 10:29:34,True,True,Ukraine,year,16593.0,
2680,9,Data Analyst,Product Data Analyst,"Dnipro, Ukraine",via Robota.ua,Internship,True,Ukraine,2026-08-17 21:43:35,True,True,Ukraine,,,
2681,79,Business Analyst,Business Intelligence Analyst,"Frankfurt, Germany",via Djinni,Part-time,False,Germany,2026-09-12 03:27:25,True,False,Germany,year,70633.0,
2682,69,Data Engineer,Junior Data Engineer,"Katowice, Poland",via Work.ua,Contractor,False,Poland,2026-08-19 09:17:52,False,False,Poland,,,
2683,118,Data Scientist,Junior Data Scientist,Anywhere,via Robota.ua,Contractor,True,Ukraine,2026-08-22 03:31:15,False,True,Ukraine,,,
2684,119,Data Scientist,Data Scientist,"Kharkiv, Ukraine",via Pracuj.pl,Internship,False,Ukraine,2026-09-08 12:44:24,True,False,Ukraine,,,
2685,9,Data Engineer,ETL Developer,"Dnipro, Ukraine",via NoFluffJobs,Full-time,False,Ukraine,2026-09-23 06:27:58,True,False,Ukraine,,,
2686,68,Senior Data Analyst,Senior Data Analyst,"Katowice, Poland",via Pracuj.pl,Part-time,False,Poland,2026-08-30 16:27:35,False,False,Poland,,,
2687,35,Data Engineer,ETL Developer,"Kyiv, Ukraine",via Work.ua,Full-time,False,Ukraine,2026-09-22 01:30:55,True,True,Ukraine,,,
2688,59,Senior Data Analyst,Senior Data Analyst,Anywhere,via NoFluffJobs,Full-time,True,Poland,2026-09-15 00:07:42,True,True,Poland,year,53634.0,
2689,81,Senior Data Scientist,Senior Data Scientist,"Stuttgart, Germany",via NoFluffJobs,Internship,False,Germany,2026-09-23 12:00:18,True,False,Germany,,,
2690,64,Data Analyst,Product Data Analyst,"Poznan, Poland",via Work.ua,Full-time,False,Poland,2026-08-17 12:34:33,True,False,Poland,year,34791.0,
2691,14,Data Engineer,BI Developer,"Kharkiv, Ukraine",via Glassdoor,Internship,False,Ukraine,2026-09-16 21:42:30,True,False,Ukraine,,,
2692,4,Business Analyst,Business Intelligence Analyst,"Lviv, Ukraine",via Robota.ua,Part-time,False,Ukraine,2026-09-25 13:18:20,False,True,Ukraine,,,
2693,33,Data Analyst,Product Data Analyst,Anywhere,via Glassdoor,Full-time,True,Ukraine,2026-09-21 03:07:34,False,True,Ukraine,,,
2694,128,Data Analyst,Product Data Analyst,"Wroclaw, Poland",via StepStone,Full-time,False,Poland,2026-09-17 08:44:16,False,True,Poland,,,
2695,10,Data Analyst,Data Analyst,Anywhere,via Pracuj.pl,Internship,True,Ukraine,2026-09-03 14:59:23,False,False,Ukraine,,,
2696,127,Data Scientist,Data Scientist,"Frankfurt, Germany",via Indeed,Part-time,False,Germany,2026-08-26 03:46:08,True,False,Germany,,,
2697,115,Data Engineer,Power BI Developer,"Dnipro, Ukraine",via Pracuj.pl,Full-time,False,Ukraine,2026-09-07 11:32:36,False,True,Ukraine,,,
2698,103,Senior Data Engineer,Senior Data Engineer,"Stuttgart, Germany",via StepStone,Full-time,False,Germany,2026-09-06 17:51:20,False,False,Germany,year,100245.0,
2699,33,Business Analyst,Junior Business Analyst,"Vinnytsia, Ukraine",via Rabota.ua,Full-time,False,Ukraine,2026-09-13 00:54:40,False,True,Ukraine,year,9025.0,
2700,79,Data Scientist,Junior Data Scientist,"Dusseldorf, Germany",via Xing,Full-time,True,Germany,2026-09-25 03:25:54,False,True,Germany,,,
2701,65,Machine Learning Engineer,Machine Learning Engineer,"Warsaw, Poland",via Rabota.ua,Part-time,True,Poland,2026-09-13 03:43:29,True,False,Poland,,,
2702,12,Data Analyst,Junior Data Analyst,"Dnipro, Ukraine",via NoFluffJobs,Part-time,True,Ukraine,2026-09-19 05:51:33,False,False,Ukraine,,,
2703,125,Data Analyst,Product Data Analyst,Anywhere,via Rabota.ua,Full-time,True,Germany,2026-09-24 05:43:20,True,True,Germany,,,
2704,17,Data Analyst,Business Data Analyst,"Lviv, Ukraine",via LinkedIn,Part-time,True,Ukraine,2026-09-25 07:38:22,True,True,Ukraine,,,
2705,11,Data Analyst,Data Quality Analyst,Anywhere,via Djinni,Internship,True,Ukraine,2026-08-28 15:54:49,False,False,Ukraine,year,26491.0,
2706,52,Business Analyst,Junior Business Analyst,"Poznan, Poland",via Djinni,Internship,True,Poland,2026-09-02 23:17:02,False,True,Poland,year,17645.0,
2707,73,Senior Data Scientist,Senior Data Scientist,"Wroclaw, Poland",via Rabota.ua,Internship,True,Poland,2026-08-20 02:15:59,True,True,Poland,,,
2708,36,Business Analyst,Junior Business Analyst,"Ivano-Frankivsk, Ukraine",via StepStone,Full-time,False,Ukraine,2026-09-10 00:45:59,False,False,Ukraine,,,
2709,13,Data Analyst,Data Analyst,"Kharkiv, Ukraine",via Work.ua,Part-time,False,Ukraine,2026-08-31 08:52:51,False,False,Ukraine,,,
2710,107,Data Analyst,Data Analyst (Finance),"Berlin, Germany",via Robota.ua,Full-time,False,Germany,2026-08-18 15:52:56,False,False,Germany,,,
2711,51,Data Scientist,Data Scientist,"Gdansk, Poland",via Xing,Full-time,False,Poland,2026-08-17 16:04:50,False,False,Poland,,,
2712,14,Senior Data Engineer,Senior Data Engineer,"Vinnytsia, Ukraine",via Robota.ua,Full-time,False,Ukraine,2026-08-19 18:43:50,True,False,Ukraine,year,37661.0,
2713,22,Data Analyst,Data Analyst (Finance),Anywhere,via Rabota.ua,Contractor,True,Ukraine,2026-09-03 23:50:06,True,False,Ukraine,,,
2714,126,Data Scientist,Junior Data Scientist,"Odesa, Ukraine",via StepStone,Part-time,False,Ukraine,2026-08-19 23:02:46,False,True,Ukraine,,,
2715,127,Senior Data Engineer,Lead Data Engineer,"Hamburg, Germany",via StepStone,Full-time,False,Germany,2026-08-22 22:22:42,True,True,Germany,,,
2716,126,Data Analyst,Data Analyst (Finance),"Kharkiv, Ukraine",via LinkedIn,Contractor,True,Ukraine,2026-09-08 21:02:20,False,False,Ukraine,,,
2717,44,Business Analyst,Junior Business Analyst,"Kharkiv, Ukraine",via Pracuj.pl,Part-time,False,Ukraine,2026-09-09 12:01:57,False,False,Ukraine,year,12835.0,
2718,4,Data Engineer,Power BI Developer,"Ivano-Frankivsk, Ukraine",via Robota.ua,Contractor,False,Ukraine,2026-08-29 08:10:33,False,True,Ukraine,,,
2719,40,Cloud Engineer,Cloud Data Engineer,"Lviv, Ukraine",via Work.ua,Full-time,False,Ukraine,2026-08-17 08:19:08,True,False,Ukraine,,,
2720,47,Software Engineer,Data Software Engineer,"Lodz, Poland",via Djinni,Contractor,False,Poland,2026-09-08 09:53:06,False,True,Poland,year,22254.0,
2721,100,Senior Data Analyst,Senior Data Analyst,"Frankfurt, Germany",via Rabota.ua,Part-time,False,Germany,2026-08-21 20:31:03,False,False,Germany,year,99304.0,
2722,11,Senior Data Engineer,Lead Data Engineer,Anywhere,via Work.ua,Full-time,True,Ukraine,2026-09-23 10:56:55,False,False,Ukraine,,,
2723,16,Business Analyst,Business Intelligence Analyst,"Kharkiv, Ukraine",via Glassdoor,Full-time,False,Ukraine,2026-09-16 13:30:03,False,True,Ukraine,year,24385.0,
2724,125,Business Analyst,Junior Business Analyst,"Hamburg, Germany",via NoFluffJobs,Part-time,True,Germany,2026-08-20 22:37:45,False,True,Germany,,,
2725,16,Cloud Engineer,Cloud Data Engineer,"Lviv, Ukraine",via Work.ua,Internship,False,Ukraine,2026-09-25 23:38:55,False,True,Ukraine,,,
2726,24,Senior Data Engineer,Senior Data Engineer,"Ivano-Frankivsk, Ukraine",via Xing,Full-time,True,Ukraine,2026-08-24 18:44:34,False,True,Ukraine,,,
2727,99,Senior Data Engineer,Senior Data Engineer,"Dusseldorf, Germany",via Robota.ua,Full-time,False,Germany,2026-08-19 09:10:48,False,False,Germany,,,
2728,121,Senior Data Engineer,Senior Data Engineer,Anywhere,via Xing,Internship,True,Germany,2026-09-06 14:14:29,False,False,Germany,,,
2729,31,Data Engineer,Power BI Developer,"Lviv, Ukraine",via Work.ua,Full-time,True,Ukraine,2026-09-21 16:55:56,False,False,Ukraine,,,
2730,93,Data Engineer,Junior Data Engineer,"Stuttgart, Germany",via StepStone,Contractor,False,Germany,2026-08-21 07:13:47,True,False,Germany,year,49300.0,
2731,38,Business Analyst,Business Analyst,"Odesa, Ukraine",via NoFluffJobs,Internship,False,Ukraine,2026-09-24 05:47:59,True,False,Ukraine,year,22199.0,
2732,28,Data Engineer,BI Developer,"Ivano-Frankivsk, Ukraine",via LinkedIn,Full-time,False,Ukraine,2026-08-16 16:09:35,False,False,Ukraine,,,
2733,59,Senior Data Analyst,Senior Data Analyst,"Katowice, Poland",via StepStone,Full-time,False,Poland,2026-09-07 17:33:49,False,False,Poland,,,
2734,119,Data Engineer,BI Developer,"Ivano-Frankivsk, Ukraine",via Pracuj.pl,Full-time,False,Ukraine,2026-09-21 05:43:49,False,False,Ukraine,,,
2735,121,Data Analyst,Data Analyst (Marketing),"Dusseldorf, Germany",via StepStone,Full-time,False,Germany,2026-09-09 06:41:43,False,True,Germany,,,
2736,21,Business Analyst,Business Intelligence Analyst,"Vinnytsia, Ukraine",via NoFluffJobs,Full-time,False,Ukraine,2026-09-10 14:36:52,False,True,Ukraine,,,
2737,79,Cloud Engineer,Cloud Data Engineer,"Dusseldorf, Germany",via Pracuj.pl,Full-time,False,Germany,2026-09-11 12:23:33,False,False,Germany,year,67954.0,
2738,101,Data Scientist,Junior Data Scientist,"Berlin, Germany",via NoFluffJobs,Part-time,False,Germany,2026-09-05 11:11:11,False,False,Germany,,,
2739,57,Data Analyst,Data Analyst (Marketing),"Katowice, Poland",via StepStone,Full-time,False,Poland,2026-09-11 20:13:50,False,False,Poland,year,22581.0,
2740,91,Data Analyst,Business Data Analyst,"Berlin, Germany",via Rabota.ua,Contractor,False,Germany,2026-08-18 10:21:21,False,True,Germany,,,
2741,52,Cloud Engineer,Cloud Data Engineer,"Wroclaw, Poland",via Glassdoor,Internship,False,Poland,2026-09-02 19:27:44,True,False,Poland,,,
2742,69,Business Analyst,Business Intelligence Analyst,Anywhere,via Glassdoor,Part-time,True,Poland,2026-09-19 09:26:09,False,True,Poland,,,
2743,69,Data Analyst,Data Analyst (Finance),"Krakow, Poland",via Glassdoor,Internship,False,Poland,2026-09-12 23:16:06,False,True,Poland,,,
2744,127,Senior Data Engineer,Lead Data Engineer,"Frankfurt, Germany",via StepStone,Full-time,False,Germany,2026-09-13 13:44:14,True,False,Germany,,,
2745,34,Business Analyst,Junior Business Analyst,Anywhere,via Pracuj.pl,Full-time,True,Ukraine,2026-09-13 03:19:53,False,False,Ukraine,year,10849.0,
2746,129,Data Analyst,Junior Data Analyst,"Lviv, Ukraine",via Pracuj.pl,Full-time,False,Ukraine,2026-08-29 14:15:37,False,False,Ukraine,,,
2747,70,Business Analyst,Business Analyst,"Lodz, Poland",via StepStone,Contractor,False,Poland,2026-09-12 10:48:21,False,False,Poland,,,
2748,84,Business Analyst,Business Analyst,"Munich, Germany",via Indeed,Internship,False,Germany,2026-09-10 21:24:43,False,True,Germany,,,
2749,35,Data Engineer,BI Developer,"Kharkiv, Ukraine",via Glassdoor,Internship,False,Ukraine,2026-09-20 16:15:44,True,True,Ukraine,year,26862.0,
2750,91,Senior Data Scientist,Senior Data Scientist,"Hamburg, Germany",via Robota.ua,Full-time,False,Germany,2026-09-25 23:21:01,False,False,Germany,,,
2751,29,Data Analyst,Business Data Analyst,"Kharkiv, Ukraine",via Robota.ua,Part-time,True,Ukraine,2026-09-20 23:09:14,True,False,Ukraine,,,
2752,129,Data Analyst,Data Analyst,"Odesa, Ukraine",via Glassdoor,Full-time,False,Ukraine,2026-09-01 19:10:34,False,True,Ukraine,year,24859.0,
2753,102,Data Analyst,Junior Data Analyst,"Berlin, Germany",via Djinni,Full-time,False,Germany,2026-09-20 21:34:40,False,True,Germany,year,50803.0,
2754,25,Business Analyst,Business Analyst,"Kyiv, Ukraine",via Pracuj.pl,Full-time,False,Ukraine,2026-09-23 21:26:17,False,True,Ukraine,,,
2755,18,Data Analyst,Product Data Analyst,"Kharkiv, Ukraine",via Pracuj.pl,Full-time,False,Ukraine,2026-09-21 03:14:02,False,False,Ukraine,year,20452.0,
2756,10,Data Scientist,Data Scientist,"Kharkiv, Ukraine",via Pracuj.pl,Full-time,True,Ukraine,2026-08-29 21:45:55,True,False,Ukraine,,,
2757,50,Data Scientist,Junior Data Scientist,"Wroclaw, Poland",via NoFluffJobs,Full-time,False,Poland,2026-08-26 04:06:45,True,False,Poland,,,
2758,111,Business Analyst,Business Intelligence Analyst,"Frankfurt, Germany",via Rabota.ua,Part-time,False,Germany,2026-08-20 09:59:41,False,False,Germany,,,
2759,52,Business Analyst,Junior Business Analyst,"Warsaw, Poland",via Xing,Internship,False,Poland,2026-08-21 03:22:17,False,True,Poland,year,16915.0,
2760,99,Data Engineer,BI Developer,"Frankfurt, Germany",via Indeed,Full-time,False,Germany,2026-09-06 12:09:41,False,False,Germany,,,
2761,38,Senior Data Engineer,Lead Data Engineer,"Ivano-Frankivsk, Ukraine",via Glassdoor,Part-time,False,Ukraine,2026-08-21 13:28:53,True,False,Ukraine,,,
2762,96,Senior Data Engineer,Lead Data Engineer,"Berlin, Germany",via Work.ua,Full-time,False,Germany,2026-09-09 17:27:55,False,False,Germany,,,
2763,1,Senior Data Analyst,Lead Data Analyst,"Dnipro, Ukraine",via LinkedIn,Full-time,False,Ukraine,2026-09-04 13:47:41,True,True,Ukraine,,,
2764,121,Senior Data Analyst,Lead Data Analyst,"Cologne, Germany",via Glassdoor,Internship,False,Germany,2026-08-21 15:09:37,True,True,Germany,,,
2765,113,Data Engineer,Junior Data Engineer,"Dusseldorf, Germany",via StepStone,Part-time,False,Germany,2026-09-25 06:13:07,True,False,Germany,,,
2766,79,Senior Data Analyst,Lead Data Analyst,"Munich, Germany",via Glassdoor,Internship,False,Germany,2026-08-31 22:15:49,False,True,Germany,year,104654.0,
2767,21,Machine Learning Engineer,Machine Learning Engineer,"Kharkiv, Ukraine",via Work.ua,Full-time,False,Ukraine,2026-08-21 14:56:44,False,True,Ukraine,,,
2768,118,Data Analyst,Data Analyst (Finance),"Ivano-Frankivsk, Ukraine",via LinkedIn,Full-time,False,Ukraine,2026-09-23 10:52:41,True,False,Ukraine,,,
2769,55,Business Analyst,Business Analyst,"Warsaw, Poland",via NoFluffJobs,Internship,False,Poland,2026-09-20 05:22:06,True,True,Poland,,,
2770,70,Data Scientist,Junior Data Scientist,"Lodz, Poland",via Rabota.ua,Contractor,False,Poland,2026-08-29 00:03:59,False,False,Poland,,,
2771,77,Business Analyst,Business Analyst,"Poznan, Poland",via Glassdoor,Full-time,False,Poland,2026-09-05 19:09:44,False,False,Poland,,,
2772,93,Data Analyst,Data Quality Analyst,"Dusseldorf, Germany",via NoFluffJobs,Contractor,False,Germany,2026-09-09 10:57:29,False,True,Germany,hour,,33.24
2773,17,Data Analyst,Data Analyst (Finance),"Ivano-Frankivsk, Ukraine",via Work.ua,Full-time,False,Ukraine,2026-09-02 06:27:38,False,False,Ukraine,,,
2774,53,Data Analyst,Junior Data Analyst,"Lodz, Poland",via LinkedIn,Full-time,False,Poland,2026-08-18 15:34:27,False,False,Poland,year,14932.0,
2775,80,Senior Data Scientist,Senior Data Scientist,"Dusseldorf, Germany",via Pracuj.pl,Contractor,True,Germany,2026-09-03 17:50:54,False,True,Germany,,,
2776,77,Data Analyst,Data Analyst (Marketing),"Krakow, Poland",via Rabota.ua,Full-time,False,Poland,2026-08-20 14:14:26,False,False,Poland,,,
2777,57,Senior Data Engineer,Senior Data Engineer,"Lodz, Poland",via Glassdoor,Contractor,False,Poland,2026-08-19 08:29:44,False,True,Poland,,,
2778,2,Data Analyst,Data Analyst (Finance),"Dnipro, Ukraine",via NoFluffJobs,Internship,False,Ukraine,2026-09-12 05:17:44,True,False,Ukraine,,,
2779,8,Senior Data Scientist,Senior Data Scientist,"Lviv, Ukraine",via Work.ua,Full-time,False,Ukraine,2026-09-17 20:48:01,False,True,Ukraine,,,
2780,72,Business Analyst,Business Intelligence Analyst,"Krakow, Poland",via Work.ua,Part-time,False,Poland,2026-09-08 01:25:36,False,True,Poland,,,
2781,27,Data Scientist,Junior Data Scientist,"Odesa, Ukraine",via Rabota.ua,Full-time,False,Ukraine,2026-08-31 01:51:18,False,True,Ukraine,,,
2782,113,Business Analyst,Business Analyst,"Stuttgart, Germany",via Glassdoor,Full-time,False,Germany,2026-09-21 16:45:45,False,False,Germany,,,
2783,16,Business Analyst,Junior Business Analyst,"Vinnytsia, Ukraine",via Pracuj.pl,Internship,False,Ukraine,2026-09-01 10:50:58,False,False,Ukraine,,,
2784,60,Senior Data Analyst,Lead Data Analyst,"Katowice, Poland",via Glassdoor,Internship,False,Poland,2026-09-17 05:53:18,False,False,Poland,,,
2785,120,Data Analyst,Data Analyst,Anywhere,via Work.ua,Full-time,True,Ukraine,2026-08-27 17:53:22,False,False,Ukraine,,,
2786,29,Data Engineer,Power BI Developer,"Odesa, Ukraine",via Djinni,Contractor,False,Ukraine,2026-08-24 19:11:12,False,True,Ukraine,hour,,14.32
2787,43,Senior Data Engineer,Lead Data Engineer,"Kyiv, Ukraine",via Pracuj.pl,Full-time,True,Ukraine,2026-09-09 09:51:44,True,False,Ukraine,,,
2788,95,Cloud Engineer,Cloud Data Engineer,"Cologne, Germany",via Rabota.ua,Contractor,False,Germany,2026-08-19 13:44:43,True,False,Germany,,,
2789,49,Data Analyst,Junior Data Analyst,"Warsaw, Poland",via Indeed,Contractor,False,Poland,2026-08-25 13:32:18,False,False,Poland,hour,,10.2
2790,50,Data Engineer,ETL Developer,"Warsaw, Poland",via Pracuj.pl,Part-time,False,Poland,2026-09-05 03:40:04,False,False,Poland,,,
2791,24,Business Analyst,Junior Business Analyst,"Odesa, Ukraine",via Rabota.ua,Full-time,False,Ukraine,2026-09-08 12:59:59,False,True,Ukraine,,,
2792,43,Senior Data Engineer,Lead Data Engineer,"Ivano-Frankivsk, Ukraine",via Pracuj.pl,Full-time,False,Ukraine,2026-09-16 21:21:01,False,False,Ukraine,,,
2793,132,Data Analyst,Data Analyst,"Dnipro, Ukraine",via StepStone,Full-time,False,Ukraine,2026-09-06 09:43:50,False,False,Ukraine,,,
2794,30,Senior Data Engineer,Lead Data Engineer,"Vinnytsia, Ukraine",via Work.ua,Part-time,False,Ukraine,2026-08-29 21:45:46,False,False,Ukraine,,,
2795,84,Data Analyst,Data Quality Analyst,"Cologne, Germany",via Rabota.ua,Full-time,False,Germany,2026-09-16 20:00:58,False,True,Germany,,,
2796,72,Data Analyst,Data Quality Analyst,Anywhere,via Rabota.ua,Internship,True,Poland,2026-09-19 01:22:40,False,False,Poland,,,
2797,125,Data Analyst,Junior Data Analyst,"Munich, Germany",via Xing,Full-time,False,Germany,2026-08-21 22:02:22,False,False,Germany,,,
2798,56,Senior Data Scientist,Senior Data Scientist,"Poznan, Poland",via Rabota.ua,Internship,False,Poland,2026-08-22 00:20:25,False,False,Poland,,,
2799,57,Business Analyst,BI Analyst,"Katowice, Poland",via NoFluffJobs,Contractor,False,Poland,2026-09-19 12:26:25,False,True,Poland,,,
2800,103,Data Engineer,BI Developer,"Cologne, Germany",via Djinni,Part-time,False,Germany,2026-09-06 02:38:38,False,True,Germany,year,69065.0,
2801,6,Data Analyst,Data Analyst (Marketing),"Odesa, Ukraine",via Glassdoor,Full-time,True,Ukraine,2026-08-23 08:12:44,False,False,Ukraine,,,
2802,19,Business Analyst,Business Analyst,"Ivano-Frankivsk, Ukraine",via NoFluffJobs,Part-time,False,Ukraine,2026-08-27 16:03:38,False,True,Ukraine,,,
2803,34,Senior Data Engineer,Lead Data Engineer,"Kyiv, Ukraine",via Indeed,Internship,False,Ukraine,2026-08-17 21:32:56,False,True,Ukraine,,,
2804,47,Data Analyst,Data Analyst,"Poznan, Poland",via NoFluffJobs,Internship,False,Poland,2026-08-31 19:11:32,False,False,Poland,,,
2805,49,Senior Data Engineer,Senior Data Engineer,"Poznan, Poland",via Work.ua,Internship,False,Poland,2026-08-27 15:13:12,False,False,Poland,,,
2806,1,Data Analyst,Product Data Analyst,"Ivano-Frankivsk, Ukraine",via Pracuj.pl,Internship,False,Ukraine,2026-09-01 22:33:52,False,False,Ukraine,,,
2807,105,Senior Data Analyst,Lead Data Analyst,"Frankfurt, Germany",via Djinni,Internship,False,Germany,2026-08-23 04:22:25,True,True,Germany,,,
2808,48,Senior Data Engineer,Senior Data Engineer,"Gdansk, Poland",via LinkedIn,Contractor,False,Poland,2026-08-18 02:52:03,False,False,Poland,,,
2809,63,Business Analyst,Business Analyst,"Katowice, Poland",via Rabota.ua,Contractor,False,Poland,2026-09-23 03:44:04,False,False,Poland,,,
2810,13,Data Analyst,Data Analyst (Finance),"Odesa, Ukraine",via Pracuj.pl,Full-time,False,Ukraine,2026-09-16 20:29:04,False,False,Ukraine,,,
2811,61,Senior Data Engineer,Lead Data Engineer,"Warsaw, Poland",via NoFluffJobs,Contractor,False,Poland,2026-09-17 10:51:37,True,True,Poland,,,
2812,11,Data Analyst,Junior Data Analyst,"Lviv, Ukraine",via Pracuj.pl,Contractor,False,Ukraine,2026-08-15 02:09:25,False,False,Ukraine,,,
2813,78,Data Analyst,Data Quality Analyst,"Munich, Germany",via StepStone,Contractor,False,Germany,2026-09-11 07:01:09,False,False,Germany,,,
2814,29,Data Analyst,Data Analyst (Finance),"Lviv, Ukraine",via NoFluffJobs,Part-time,True,Ukraine,2026-08-26 21:27:15,False,False,Ukraine,,,
2815,49,Business Analyst,BI Analyst,"Wroclaw, Poland",via Robota.ua,Part-time,True,Poland,2026-09-17 05:41:48,True,True,Poland,,,
2816,85,Data Analyst,Business Data Analyst,"Berlin, Germany",via NoFluffJobs,Internship,False,Germany,2026-09-03 15:20:22,True,True,Germany,year,56633.0,
2817,108,Data Analyst,Data Analyst,"Berlin, Germany",via Djinni,Contractor,False,Germany,2026-09-19 14:32:36,False,False,Germany,,,
2818,70,Data Analyst,Junior Data Analyst,Anywhere,via Work.ua,Full-time,True,Poland,2026-09-09 22:36:55,True,False,Poland,,,
2819,47,Data Engineer,Power BI Developer,"Gdansk, Poland",via Robota.ua,Full-time,False,Poland,2026-08-18 18:06:49,True,True,Poland,,,
2820,23,Data Analyst,Data Quality Analyst,Anywhere,via Pracuj.pl,Part-time,True,Ukraine,2026-09-20 12:53:31,False,True,Ukraine,,,
2821,118,Data Engineer,Analytics Engineer,"Dnipro, Ukraine",via NoFluffJobs,Full-time,False,Ukraine,2026-09-04 03:21:37,True,True,Ukraine,,,
2822,65,Business Analyst,Business Analyst,Anywhere,via Glassdoor,Internship,True,Poland,2026-08-31 00:35:39,False,True,Poland,,,
2823,47,Data Analyst,Product Data Analyst,"Krakow, Poland",via Work.ua,Internship,False,Poland,2026-08-30 22:41:37,False,False,Poland,year,35508.0,
2824,87,Senior Data Engineer,Lead Data Engineer,"Stuttgart, Germany",via Djinni,Part-time,False,Germany,2026-09-18 17:29:52,True,False,Germany,year,95606.0,
2825,3,Senior Data Scientist,Senior Data Scientist,"Kyiv, Ukraine",via Indeed,Full-time,False,Ukraine,2026-08-16 13:41:27,False,False,Ukraine,,,
2826,6,Data Engineer,Junior Data Engineer,"Ivano-Frankivsk, Ukraine",via Xing,Internship,False,Ukraine,2026-08-24 17:03:14,True,True,Ukraine,,,
2827,12,Business Analyst,Junior Business Analyst,"Odesa, Ukraine",via Work.ua,Full-time,True,Ukraine,2026-09-04 04:27:03,True,False,Ukraine,,,
2828,32,Senior Data Scientist,Senior Data Scientist,"Kharkiv, Ukraine",via Robota.ua,Full-time,True,Ukraine,2026-09-24 06:47:49,False,False,Ukraine,,,
2829,126,Data Analyst,Product Data Analyst,Anywhere,via Djinni,Full-time,True,Ukraine,2026-09-16 00:32:51,False,True,Ukraine,,,
2830,107,Business Analyst,Business Intelligence Analyst,"Berlin, Germany",via Robota.ua,Contractor,False,Germany,2026-09-13 01:12:36,True,False,Germany,,,
2831,132,Senior Data Analyst,Senior Data Analyst,Anywhere,via NoFluffJobs,Contractor,True,Ukraine,2026-08-19 01:36:22,False,False,Ukraine,,,
2832,12,Senior Data Engineer,Lead Data Engineer,Anywhere,via Xing,Part-time,True,Ukraine,2026-08-18 11:11:48,True,True,Ukraine,,,
2833,79,Data Engineer,Junior Data Engineer,"Dusseldorf, Germany",via Pracuj.pl,Full-time,False,Germany,2026-09-24 20:42:23,False,True,Germany,,,
2834,60,Cloud Engineer,Cloud Data Engineer,"Krakow, Poland",via Indeed,Full-time,True,Poland,2026-08-17 09:11:49,False,True,Poland,,,
2835,68,Data Scientist,Junior Data Scientist,"Warsaw, Poland",via StepStone,Full-time,True,Poland,2026-08-30 08:45:29,True,True,Poland,,,
2836,24,Data Analyst,Product Data Analyst,"Lviv, Ukraine",via Work.ua,Part-time,False,Ukraine,2026-08-29 06:17:58,False,False,Ukraine,,,
2837,97,Software Engineer,Data Software Engineer,"Munich, Germany",via StepStone,Part-time,True,Germany,2026-09-22 20:26:07,False,True,Germany,year,56716.0,
2838,40,Data Analyst,Data Analyst,Anywhere,via Glassdoor,Full-time,True,Ukraine,2026-09-04 17:19:03,False,True,Ukraine,,,
2839,12,Business Analyst,Business Analyst,"Kharkiv, Ukraine",via NoFluffJobs,Internship,False,Ukraine,2026-08-25 16:33:49,False,False,Ukraine,,,
2840,36,Software Engineer,Data Software Engineer,"Ivano-Frankivsk, Ukraine",via Djinni,Contractor,False,Ukraine,2026-09-12 04:12:31,False,True,Ukraine,year,16179.0,
2841,28,Data Analyst,Data Analyst (Marketing),"Dnipro, Ukraine",via Glassdoor,Full-time,False,Ukraine,2026-09-06 12:22:03,True,False,Ukraine,,,
2842,126,Data Analyst,Junior Data Analyst,"Lviv, Ukraine",via Robota.ua,Contractor,False,Ukraine,2026-08-26 01:30:42,False,False,Ukraine,,,
2843,123,Data Analyst,Business Data Analyst,Anywhere,via Rabota.ua,Internship,True,Germany,2026-09-21 08:37:44,True,False,Germany,year,66550.0,
2844,89,Data Analyst,Data Analyst (Finance),"Berlin, Germany",via Work.ua,Internship,False,Germany,2026-09-10 13:46:07,False,True,Germany,,,
2845,43,Data Analyst,Business Data Analyst,"Vinnytsia, Ukraine",via Glassdoor,Full-time,False,Ukraine,2026-09-18 08:36:12,False,False,Ukraine,,,
2846,114,Data Analyst,Data Analyst,"Kharkiv, Ukraine",via StepStone,Full-time,False,Ukraine,2026-09-04 18:38:05,True,False,Ukraine,year,19766.0,
2847,11,Senior Data Engineer,Senior Data Engineer,"Kharkiv, Ukraine",via Glassdoor,Internship,True,Ukraine,2026-08-28 17:46:43,False,False,Ukraine,year,28057.0,
2848,57,Business Analyst,BI Analyst,"Warsaw, Poland",via Djinni,Full-time,True,Poland,2026-09-23 17:59:27,True,True,Poland,year,23973.0,
2849,4,Data Scientist,Data Scientist,"Kyiv, Ukraine",via Pracuj.pl,Contractor,False,Ukraine,2026-09-11 13:22:54,False,False,Ukraine,hour,,13.65
2850,41,Data Analyst,Data Analyst (Finance),Anywhere,via Indeed,Internship,True,Ukraine,2026-09-03 02:20:22,False,False,Ukraine,,,
2851,40,Data Scientist,Data Scientist,"Kharkiv, Ukraine",via StepStone,Full-time,False,Ukraine,2026-09-20 14:27:31,False,True,Ukraine,year,25719.0,
2852,3,Senior Data Analyst,Lead Data Analyst,"Dnipro, Ukraine",via Work.ua,Full-time,False,Ukraine,2026-09-02 10:28:07,False,False,Ukraine,,,
2853,36,Data Scientist,Data Scientist,Anywhere,via Glassdoor,Full-time,True,Ukraine,2026-09-15 02:24:37,False,False,Ukraine,,,
2854,97,Machine Learning Engineer,Machine Learning Engineer,"Berlin, Germany",via Work.ua,Full-time,True,Germany,2026-09-08 17:02:34,True,False,Germany,year,55243.0,
2855,131,Business Analyst,Business Intelligence Analyst,"Kyiv, Ukraine",via StepStone,Full-time,False,Ukraine,2026-08-22 18:48:41,False,True,Ukraine,year,21009.0,
2856,21,Senior Data Analyst,Senior Data Analyst,"Kyiv, Ukraine",via Indeed,Part-time,False,Ukraine,2026-08-28 17:50:16,False,False,Ukraine,year,39748.0,
2857,33,Data Analyst,Data Analyst,"Vinnytsia, Ukraine",via Pracuj.pl,Part-time,False,Ukraine,2026-09-16 10:39:01,False,False,Ukraine,,,
2858,7,Data Analyst,Junior Data Analyst,Anywhere,via Glassdoor,Full-time,True,Ukraine,2026-08-19 23:23:15,True,False,Ukraine,,,
2859,75,Data Analyst,Product Data Analyst,"Warsaw, Poland",via Glassdoor,Full-time,True,Poland,2026-08-29 04:24:10,False,False,Poland,,,
2860,34,Data Analyst,Junior Data Analyst,"Dnipro, Ukraine",via Robota.ua,Full-time,False,Ukraine,2026-08-25 13:18:59,False,False,Ukraine,year,10715.0,
2861,124,Data Analyst,Data Analyst,Anywhere,via Rabota.ua,Full-time,True,Germany,2026-09-17 06:19:43,True,False,Germany,,,
2862,16,Data Analyst,Data Quality Analyst,"Kharkiv, Ukraine",via Robota.ua,Part-time,False,Ukraine,2026-09-11 07:22:51,False,True,Ukraine,year,24352.0,
2863,109,Data Engineer,Analytics Engineer,Anywhere,via Glassdoor,Part-time,True,Germany,2026-09-07 02:17:22,True,False,Germany,,,
2864,91,Business Analyst,Junior Business Analyst,Anywhere,via Rabota.ua,Full-time,True,Germany,2026-09-07 22:28:40,False,False,Germany,year,45579.0,
2865,7,Data Analyst,Data Analyst (Marketing),"Dnipro, Ukraine",via Indeed,Internship,False,Ukraine,2026-09-23 12:28:58,False,True,Ukraine,,,
2866,110,Data Analyst,Data Analyst (Marketing),"Frankfurt, Germany",via Rabota.ua,Full-time,False,Germany,2026-09-05 00:07:13,True,False,Germany,year,69819.0,
2867,60,Data Analyst,Data Analyst (Marketing),"Gdansk, Poland",via StepStone,Full-time,False,Poland,2026-08-23 20:27:49,False,False,Poland,,,
2868,26,Business Analyst,BI Analyst,"Odesa, Ukraine",via Xing,Part-time,False,Ukraine,2026-09-12 10:27:35,False,False,Ukraine,,,
2869,65,Data Analyst,Data Analyst (Marketing),"Katowice, Poland",via Xing,Internship,True,Poland,2026-09-08 19:18:54,False,True,Poland,,,
2870,5,Data Scientist,Data Scientist,"Odesa, Ukraine",via Xing,Internship,True,Ukraine,2026-09-09 19:04:52,True,False,Ukraine,,,
2871,94,Data Analyst,Data Analyst (Marketing),"Stuttgart, Germany",via Xing,Contractor,False,Germany,2026-09-19 04:27:37,True,False,Germany,year,56580.0,
2872,114,Data Scientist,Data Scientist,"Lviv, Ukraine",via Pracuj.pl,Part-time,False,Ukraine,2026-09-13 07:07:56,False,True,Ukraine,,,
2873,113,Data Engineer,BI Developer,Anywhere,via Robota.ua,Internship,True,Germany,2026-09-19 19:40:13,False,True,Germany,year,69179.0,
2874,75,Data Scientist,Junior Data Scientist,Anywhere,via Rabota.ua,Full-time,True,Poland,2026-09-02 21:40:09,False,False,Poland,,,
2875,68,Data Analyst,Data Quality Analyst,"Gdansk, Poland",via Djinni,Full-time,True,Poland,2026-09-14 22:11:41,False,True,Poland,,,
2876,10,Data Analyst,Product Data Analyst,"Dnipro, Ukraine",via Pracuj.pl,Part-time,False,Ukraine,2026-08-29 02:31:59,False,False,Ukraine,,,
2877,129,Business Analyst,BI Analyst,"Odesa, Ukraine",via Glassdoor,Full-time,False,Ukraine,2026-09-13 05:09:53,False,True,Ukraine,,,
2878,129,Data Engineer,BI Developer,"Lviv, Ukraine",via Xing,Full-time,True,Ukraine,2026-09-12 17:33:08,True,False,Ukraine,,,
2879,9,Machine Learning Engineer,Machine Learning Engineer,"Odesa, Ukraine",via NoFluffJobs,Contractor,False,Ukraine,2026-09-08 10:48:28,False,True,Ukraine,,,
2880,129,Senior Data Scientist,Senior Data Scientist,"Kyiv, Ukraine",via Djinni,Contractor,False,Ukraine,2026-09-22 13:16:24,False,False,Ukraine,,,
2881,13,Data Analyst,Business Data Analyst,Anywhere,via Rabota.ua,Contractor,True,Ukraine,2026-09-25 17:20:50,False,False,Ukraine,,,
2882,90,Senior Data Analyst,Lead Data Analyst,"Frankfurt, Germany",via Pracuj.pl,Full-time,False,Germany,2026-09-13 12:15:18,True,False,Germany,,,
2883,86,Data Analyst,Junior Data Analyst,"Cologne, Germany",via LinkedIn,Full-time,True,Germany,2026-09-10 23:23:14,False,True,Germany,year,44895.0,
2884,62,Data Analyst,Product Data Analyst,"Warsaw, Poland",via Pracuj.pl,Full-time,True,Poland,2026-08-27 01:58:50,False,False,Poland,year,22447.0,
2885,101,Senior Data Analyst,Senior Data Analyst,"Dusseldorf, Germany",via Glassdoor,Full-time,False,Germany,2026-09-19 03:03:24,True,False,Germany,,,
2886,23,Data Engineer,Power BI Developer,"Ivano-Frankivsk, Ukraine",via Indeed,Full-time,False,Ukraine,2026-08-20 04:25:20,False,True,Ukraine,,,
2887,8,Data Analyst,Business Data Analyst,"Kyiv, Ukraine",via Xing,Full-time,False,Ukraine,2026-09-05 20:30:25,True,True,Ukraine,,,
2888,49,Senior Data Analyst,Lead Data Analyst,"Wroclaw, Poland",via Glassdoor,Contractor,True,Poland,2026-08-18 04:40:51,True,False,Poland,,,
2889,120,Data Analyst,Product Data Analyst,"Kyiv, Ukraine",via Indeed,Internship,False,Ukraine,2026-09-11 00:02:21,True,False,Ukraine,,,
2890,58,Data Analyst,Data Analyst (Finance),"Warsaw, Poland",via StepStone,Contractor,True,Poland,2026-09-23 22:35:56,True,False,Poland,hour,,20.39
2891,69,Business Analyst,Business Analyst,"Lodz, Poland",via Work.ua,Contractor,False,Poland,2026-08-29 08:00:37,False,False,Poland,,,
2892,36,Business Analyst,Business Intelligence Analyst,"Odesa, Ukraine",via Indeed,Full-time,True,Ukraine,2026-09-01 08:52:23,False,True,Ukraine,,,
2893,7,Data Analyst,Data Analyst (Finance),"Lviv, Ukraine",via Glassdoor,Full-time,False,Ukraine,2026-09-25 00:40:31,False,False,Ukraine,,,
2894,64,Data Engineer,BI Developer,"Wroclaw, Poland",via Pracuj.pl,Part-time,False,Poland,2026-09-21 22:28:04,True,True,Poland,,,
2895,43,Data Engineer,Power BI Developer,"Ivano-Frankivsk, Ukraine",via Rabota.ua,Contractor,False,Ukraine,2026-08-15 20:19:44,False,False,Ukraine,hour,,9.35
2896,36,Senior Data Analyst,Senior Data Analyst,"Dnipro, Ukraine",via Robota.ua,Part-time,True,Ukraine,2026-09-02 15:18:24,False,False,Ukraine,,,
2897,98,Data Engineer,Junior Data Engineer,"Stuttgart, Germany",via LinkedIn,Full-time,False,Germany,2026-09-24 20:08:59,False,False,Germany,year,39310.0,
2898,61,Data Engineer,Junior Data Engineer,"Lodz, Poland",via Robota.ua,Contractor,False,Poland,2026-09-24 22:13:05,False,False,Poland,,,
2899,41,Data Analyst,Data Analyst (Finance),"Odesa, Ukraine",via Djinni,Full-time,True,Ukraine,2026-08-26 07:05:05,False,False,Ukraine,,,
2900,6,Machine Learning Engineer,Machine Learning Engineer,"Lviv, Ukraine",via Robota.ua,Full-time,False,Ukraine,2026-09-08 21:02:20,False,False,Ukraine,,,
2901,6,Data Analyst,Data Analyst,"Kyiv, Ukraine",via Xing,Full-time,False,Ukraine,2026-08-31 16:28:26,False,True,Ukraine,year,26525.0,
2902,2,Data Analyst,Data Analyst (Finance),"Kharkiv, Ukraine",via LinkedIn,Full-time,False,Ukraine,2026-08-22 12:11:53,False,True,Ukraine,,,
2903,37,Data Engineer,Power BI Developer,"Kyiv, Ukraine",via Robota.ua,Full-time,False,Ukraine,2026-09-16 17:39:01,False,False,Ukraine,,,
2904,89,Business Analyst,Junior Business Analyst,"Stuttgart, Germany",via Work.ua,Internship,False,Germany,2026-08-20 22:40:40,False,True,Germany,year,43700.0,
2905,9,Data Engineer,Junior Data Engineer,"Dnipro, Ukraine",via StepStone,Part-time,False,Ukraine,2026-09-13 12:40:06,False,True,Ukraine,year,12748.0,
2906,95,Senior Data Analyst,Lead Data Analyst,"Munich, Germany",via NoFluffJobs,Contractor,False,Germany,2026-08-25 18:02:12,True,False,Germany,,,
2907,55,Senior Data Analyst,Senior Data Analyst,"Lodz, Poland",via NoFluffJobs,Part-time,False,Poland,2026-08-29 03:10:49,True,True,Poland,,,
2908,88,Data Analyst,Data Analyst,"Munich, Germany",via NoFluffJobs,Part-time,True,Germany,2026-08-16 14:29:55,False,True,Germany,,,
2909,71,Data Analyst,Business Data Analyst,"Lodz, Poland",via Djinni,Part-time,False,Poland,2026-09-10 12:11:52,True,False,Poland,,,
2910,51,Machine Learning Engineer,Machine Learning Engineer,Anywhere,via StepStone,Full-time,True,Poland,2026-08-28 13:33:11,False,True,Poland,,,
2911,19,Data Analyst,Junior Data Analyst,Anywhere,via NoFluffJobs,Contractor,True,Ukraine,2026-08-19 08:33:38,False,True,Ukraine,,,
2912,82,Data Analyst,Product Data Analyst,"Stuttgart, Germany",via Indeed,Contractor,False,Germany,2026-09-17 09:59:36,False,True,Germany,hour,,39.72
2913,26,Data Analyst,Data Analyst (Marketing),"Lviv, Ukraine",via NoFluffJobs,Full-time,False,Ukraine,2026-08-21 01:09:53,False,True,Ukraine,,,
2914,103,Data Scientist,Junior Data Scientist,"Munich, Germany",via StepStone,Full-time,False,Germany,2026-08-23 09:36:23,False,True,Germany,,,
2915,90,Data Engineer,Power BI Developer,Anywhere,via Glassdoor,Contractor,True,Germany,2026-08-24 19:30:17,False,True,Germany,,,
2916,30,Data Engineer,Data Engineer,"Ivano-Frankivsk, Ukraine",via Rabota.ua,Full-time,False,Ukraine,2026-09-09 09:11:34,False,True,Ukraine,,,
2917,47,Data Analyst,Junior Data Analyst,"Krakow, Poland",via StepStone,Full-time,False,Poland,2026-09-07 12:04:12,False,True,Poland,,,
2918,47,Senior Data Analyst,Lead Data Analyst,"Poznan, Poland",via Robota.ua,Full-time,True,Poland,2026-09-17 01:48:45,True,False,Poland,,,
2919,75,Business Analyst,Business Analyst,"Krakow, Poland",via Robota.ua,Contractor,False,Poland,2026-09-04 22:00:29,False,False,Poland,,,
2920,55,Data Analyst,Junior Data Analyst,"Krakow, Poland",via Xing,Contractor,False,Poland,2026-09-20 19:59:55,True,True,Poland,hour,,8.37
2921,115,Senior Data Engineer,Lead Data Engineer,"Lviv, Ukraine",via Indeed,Contractor,False,Ukraine,2026-09-15 03:48:17,True,False,Ukraine,year,34181.0,
2922,28,Data Scientist,Data Scientist,Anywhere,via Rabota.ua,Full-time,True,Ukraine,2026-09-22 12:48:09,False,True,Ukraine,,,
2923,34,Data Analyst,Business Data Analyst,"Vinnytsia, Ukraine",via Rabota.ua,Full-time,False,Ukraine,2026-08-23 00:26:06,True,True,Ukraine,,,
2924,112,Senior Data Engineer,Lead Data Engineer,"Munich, Germany",via Robota.ua,Internship,False,Germany,2026-09-06 19:32:14,True,False,Germany,,,
2925,18,Data Engineer,Data Engineer,"Kharkiv, Ukraine",via Robota.ua,Contractor,False,Ukraine,2026-09-15 10:24:42,False,True,Ukraine,,,
2926,43,Business Analyst,Business Analyst,"Lviv, Ukraine",via Robota.ua,Full-time,False,Ukraine,2026-09-05 21:08:31,False,False,Ukraine,year,16449.0,
2927,30,Data Engineer,Analytics Engineer,"Dnipro, Ukraine",via Djinni,Full-time,False,Ukraine,2026-08-20 22:01:25,False,False,Ukraine,year,17842.0,
2928,51,Senior Data Analyst,Senior Data Analyst,"Warsaw, Poland",via Rabota.ua,Full-time,False,Poland,2026-09-21 23:23:43,True,True,Poland,,,
2929,118,Data Analyst,Junior Data Analyst,"Ivano-Frankivsk, Ukraine",via Robota.ua,Contractor,True,Ukraine,2026-09-19 08:57:24,False,False,Ukraine,,,
2930,79,Business Analyst,Business Analyst,"Frankfurt, Germany",via LinkedIn,Contractor,False,Germany,2026-09-24 02:02:47,True,True,Germany,,,
2931,57,Data Engineer,Data Engineer,"Katowice, Poland",via Rabota.ua,Internship,False,Poland,2026-09-07 00:29:21,False,True,Poland,,,
2932,2,Senior Data Analyst,Lead Data Analyst,"Vinnytsia, Ukraine",via Djinni,Internship,True,Ukraine,2026-09-11 01:03:40,True,True,Ukraine,,,
2933,122,Data Analyst,Data Quality Analyst,"Dnipro, Ukraine",via Djinni,Contractor,False,Ukraine,2026-09-18 21:04:54,True,False,Ukraine,year,27360.0,
2934,7,Data Engineer,BI Developer,"Odesa, Ukraine",via Indeed,Part-time,False,Ukraine,2026-09-13 11:30:17,False,True,Ukraine,year,22100.0,
2935,50,Senior Data Scientist,Senior Data Scientist,"Gdansk, Poland",via NoFluffJobs,Internship,False,Poland,2026-09-14 03:18:11,False,False,Poland,,,
2936,109,Machine Learning Engineer,Machine Learning Engineer,"Dusseldorf, Germany",via NoFluffJobs,Contractor,False,Germany,2026-09-10 01:53:55,False,True,Germany,year,70293.0,
2937,84,Senior Data Analyst,Lead Data Analyst,"Frankfurt, Germany",via Glassdoor,Internship,False,Germany,2026-08-20 20:17:04,False,True,Germany,,,
2938,130,Data Engineer,ETL Developer,"Vinnytsia, Ukraine",via LinkedIn,Full-time,True,Ukraine,2026-08-21 23:47:32,False,False,Ukraine,,,
2939,14,Senior Data Analyst,Senior Data Analyst,"Kharkiv, Ukraine",via NoFluffJobs,Full-time,False,Ukraine,2026-09-18 10:48:36,False,False,Ukraine,,,
2940,24,Senior Data Analyst,Lead Data Analyst,"Dnipro, Ukraine",via Work.ua,Full-time,False,Ukraine,2026-09-23 20:02:45,False,False,Ukraine,,,
2941,120,Data Analyst,Data Analyst (Marketing),"Lviv, Ukraine",via Djinni,Full-time,False,Ukraine,2026-08-15 06:31:16,False,False,Ukraine,,,
2942,68,Data Analyst,Product Data Analyst,Anywhere,via Glassdoor,Internship,True,Poland,2026-09-04 14:59:05,False,False,Poland,,,
2943,101,Business Analyst,Business Intelligence Analyst,"Berlin, Germany",via Djinni,Part-time,False,Germany,2026-09-19 00:37:20,False,False,Germany,year,60650.0,
2944,122,Data Engineer,ETL Developer,"Lviv, Ukraine",via Djinni,Full-time,True,Ukraine,2026-08-30 00:32:29,False,True,Ukraine,year,27389.0,
2945,18,Senior Data Analyst,Lead Data Analyst,"Lviv, Ukraine",via LinkedIn,Part-time,True,Ukraine,2026-08-19 00:30:41,True,False,Ukraine,,,
2946,8,Data Scientist,Junior Data Scientist,"Kyiv, Ukraine",via Pracuj.pl,Full-time,False,Ukraine,2026-09-02 18:05:28,False,True,Ukraine,year,10633.0,
2947,32,Senior Data Analyst,Lead Data Analyst,"Vinnytsia, Ukraine",via Xing,Internship,False,Ukraine,2026-08-26 16:25:46,True,False,Ukraine,,,
2948,87,Senior Data Analyst,Lead Data Analyst,"Munich, Germany",via NoFluffJobs,Full-time,False,Germany,2026-09-11 09:13:45,True,False,Germany,,,
2949,54,Data Analyst,Data Analyst (Marketing),"Gdansk, Poland",via Work.ua,Full-time,False,Poland,2026-08-18 18:51:40,True,False,Poland,,,
2950,47,Machine Learning Engineer,Machine Learning Engineer,"Krakow, Poland",via Djinni,Internship,False,Poland,2026-09-21 20:10:52,False,False,Poland,year,22114.0,
2951,13,Senior Data Engineer,Lead Data Engineer,"Odesa, Ukraine",via Pracuj.pl,Full-time,False,Ukraine,2026-08-24 07:00:42,False,False,Ukraine,,,
2952,116,Business Analyst,Business Intelligence Analyst,"Munich, Germany",via Work.ua,Full-time,False,Germany,2026-08-24 02:49:39,False,True,Germany,year,56412.0,
2953,115,Data Analyst,Junior Data Analyst,"Vinnytsia, Ukraine",via Robota.ua,Full-time,False,Ukraine,2026-09-15 02:57:39,True,False,Ukraine,,,
2954,95,Data Analyst,Data Analyst,"Frankfurt, Germany",via Djinni,Internship,False,Germany,2026-09-11 13:51:03,False,False,Germany,,,
2955,92,Business Analyst,Business Analyst,"Stuttgart, Germany",via StepStone,Full-time,False,Germany,2026-09-25 14:48:18,True,True,Germany,year,57832.0,
2956,117,Data Analyst,Business Data Analyst,"Katowice, Poland",via Work.ua,Part-time,False,Poland,2026-09-20 06:19:30,False,True,Poland,,,
2957,19,Data Analyst,Business Data Analyst,"Dnipro, Ukraine",via NoFluffJobs,Full-time,False,Ukraine,2026-09-02 11:58:18,False,True,Ukraine,,,
2958,107,Data Analyst,Data Analyst (Finance),"Munich, Germany",via Rabota.ua,Part-time,False,Germany,2026-09-20 01:14:59,True,False,Germany,,,
2959,61,Data Analyst,Data Analyst,"Gdansk, Poland",via Djinni,Full-time,True,Poland,2026-08-21 13:06:57,False,False,Poland,,,
2960,3,Data Scientist,Data Scientist,"Kyiv, Ukraine",via Rabota.ua,Internship,True,Ukraine,2026-09-22 16:40:52,True,False,Ukraine,year,19910.0,
2961,111,Data Analyst,Data Analyst,"Stuttgart, Germany",via Pracuj.pl,Full-time,False,Germany,2026-09-01 07:55:59,False,False,Germany,year,73445.0,
2962,94,Data Scientist,Data Scientist,"Hamburg, Germany",via Work.ua,Contractor,False,Germany,2026-09-01 13:36:22,True,False,Germany,,,
2963,83,Data Scientist,Junior Data Scientist,"Frankfurt, Germany",via Robota.ua,Full-time,False,Germany,2026-08-26 06:59:08,True,False,Germany,,,
2964,59,Business Analyst,Junior Business Analyst,"Wroclaw, Poland",via Rabota.ua,Full-time,False,Poland,2026-09-16 10:37:39,True,True,Poland,,,
2965,77,Senior Data Analyst,Senior Data Analyst,"Gdansk, Poland",via Rabota.ua,Full-time,False,Poland,2026-09-12 18:52:25,False,False,Poland,,,
2966,91,Data Engineer,Power BI Developer,"Stuttgart, Germany",via Djinni,Full-time,False,Germany,2026-08-27 10:30:33,True,True,Germany,,,
2967,96,Data Analyst,Data Analyst (Finance),Anywhere,via Glassdoor,Contractor,True,Germany,2026-09-24 09:21:36,False,True,Germany,,,
2968,32,Data Engineer,Junior Data Engineer,"Kharkiv, Ukraine",via Xing,Contractor,True,Ukraine,2026-09-02 09:46:33,False,True,Ukraine,,,
2969,95,Data Analyst,Business Data Analyst,"Berlin, Germany",via Work.ua,Full-time,False,Germany,2026-09-18 18:44:50,False,True,Germany,,,
2970,101,Data Scientist,Data Scientist,"Dusseldorf, Germany",via Work.ua,Internship,False,Germany,2026-09-23 04:32:52,True,False,Germany,,,
2971,72,Data Engineer,ETL Developer,Anywhere,via Djinni,Part-time,True,Poland,2026-09-16 16:00:43,False,False,Poland,,,
2972,93,Data Scientist,Junior Data Scientist,"Hamburg, Germany",via Indeed,Full-time,False,Germany,2026-09-08 02:03:57,False,False,Germany,,,
2973,92,Senior Data Analyst,Senior Data Analyst,Anywhere,via LinkedIn,Full-time,True,Germany,2026-09-23 03:18:41,True,False,Germany,,,
2974,23,Data Analyst,Junior Data Analyst,"Dnipro, Ukraine",via LinkedIn,Internship,False,Ukraine,2026-09-21 21:16:07,False,False,Ukraine,,,
2975,37,Senior Data Scientist,Senior Data Scientist,"Odesa, Ukraine",via Robota.ua,Internship,False,Ukraine,2026-08-24 13:15:51,False,False,Ukraine,year,36444.0,
2976,39,Data Scientist,Data Scientist,"Odesa, Ukraine",via Djinni,Internship,True,Ukraine,2026-09-10 00:52:12,True,False,Ukraine,,,
2977,73,Data Analyst,Data Analyst,"Warsaw, Poland",via LinkedIn,Full-time,False,Poland,2026-09-13 13:04:29,False,False,Poland,year,35225.0,
2978,3,Data Engineer,Data Engineer,Anywhere,via Rabota.ua,Contractor,True,Ukraine,2026-09-17 03:59:24,True,True,Ukraine,,,
2979,106,Data Analyst,Junior Data Analyst,"Munich, Germany",via Djinni,Full-time,False,Germany,2026-09-08 20:07:07,False,False,Germany,,,
2980,112,Senior Data Engineer,Lead Data Engineer,"Stuttgart, Germany",via Djinni,Part-time,True,Germany,2026-09-03 13:21:15,False,True,Germany,year,97365.0,
2981,130,Data Engineer,BI Developer,"Vinnytsia, Ukraine",via Pracuj.pl,Full-time,False,Ukraine,2026-09-06 22:49:04,False,True,Ukraine,,,
2982,50,Business Analyst,Junior Business Analyst,"Warsaw, Poland",via Indeed,Full-time,False,Poland,2026-09-19 16:01:19,False,False,Poland,year,19326.0,
2983,18,Senior Data Analyst,Senior Data Analyst,"Kyiv, Ukraine",via Robota.ua,Internship,False,Ukraine,2026-09-20 12:30:17,False,False,Ukraine,,,
2984,53,Data Engineer,ETL Developer,"Gdansk, Poland",via Glassdoor,Full-time,False,Poland,2026-09-20 00:34:21,False,False,Poland,,,
2985,78,Data Analyst,Data Analyst (Finance),"Munich, Germany",via StepStone,Part-time,False,Germany,2026-09-23 13:00:37,False,False,Germany,,,
2986,91,Data Analyst,Data Quality Analyst,"Stuttgart, Germany",via Glassdoor,Full-time,True,Germany,2026-09-18 03:03:04,False,False,Germany,,,
2987,33,Senior Data Engineer,Senior Data Engineer,"Kyiv, Ukraine",via Indeed,Part-time,True,Ukraine,2026-09-12 05:53:33,True,False,Ukraine,,,
2988,124,Data Engineer,ETL Developer,"Dusseldorf, Germany",via StepStone,Internship,False,Germany,2026-09-11 22:29:21,False,False,Germany,,,
2989,95,Data Engineer,Analytics Engineer,"Berlin, Germany",via Indeed,Full-time,False,Germany,2026-08-29 10:58:45,False,True,Germany,,,
2990,70,Data Analyst,Data Analyst,"Krakow, Poland",via Glassdoor,Internship,True,Poland,2026-08-18 14:12:57,False,True,Poland,,,
2991,13,Business Analyst,Business Intelligence Analyst,"Kyiv, Ukraine",via Indeed,Full-time,False,Ukraine,2026-08-29 18:09:57,False,True,Ukraine,,,
2992,129,Data Analyst,Junior Data Analyst,"Kyiv, Ukraine",via NoFluffJobs,Contractor,True,Ukraine,2026-09-04 21:20:22,False,True,Ukraine,,,
2993,80,Data Engineer,Junior Data Engineer,"Hamburg, Germany",via Rabota.ua,Full-time,False,Germany,2026-09-02 05:12:35,True,False,Germany,,,
2994,39,Business Analyst,Junior Business Analyst,"Odesa, Ukraine",via NoFluffJobs,Full-time,False,Ukraine,2026-08-27 08:40:21,False,False,Ukraine,,,
2995,20,Senior Data Engineer,Lead Data Engineer,"Lviv, Ukraine",via Djinni,Part-time,False,Ukraine,2026-09-25 14:14:08,True,True,Ukraine,year,43581.0,
2996,65,Machine Learning Engineer,Machine Learning Engineer,"Gdansk, Poland",via Work.ua,Contractor,False,Poland,2026-09-17 15:13:42,False,True,Poland,,,
2997,84,Data Analyst,Business Data Analyst,"Dusseldorf, Germany",via Indeed,Full-time,False,Germany,2026-08-23 05:29:12,True,True,Germany,,,
2998,102,Data Engineer,BI Developer,"Cologne, Germany",via Pracuj.pl,Contractor,False,Germany,2026-09-11 06:12:40,False,False,Germany,,,
2999,131,Data Engineer,BI Developer,Anywhere,via LinkedIn,Full-time,True,Ukraine,2026-09-13 18:57:54,False,True,Ukraine,year,16626.0,
3000,66,Data Scientist,Junior Data Scientist,"Krakow, Poland",via Indeed,Full-time,False,Poland,2026-09-14 00:39:50,True,False,Poland,,,
3001,6,Cloud Engineer,Cloud Data Engineer,"Kyiv, Ukraine",via NoFluffJobs,Full-time,False,Ukraine,2026-09-03 00:23:14,True,False,Ukraine,,,
3002,130,Data Scientist,Data Scientist,"Ivano-Frankivsk, Ukraine",via Pracuj.pl,Internship,False,Ukraine,2026-09-04 07:46:14,False,True,Ukraine,,,
3003,85,Data Analyst,Junior Data Analyst,Anywhere,via Work.ua,Contractor,True,Germany,2026-08-25 23:08:58,False,False,Germany,,,
3004,25,Data Analyst,Data Analyst,Anywhere,via StepStone,Full-time,True,Ukraine,2026-08-16 11:09:19,False,True,Ukraine,year,21444.0,
3005,101,Business Analyst,BI Analyst,"Munich, Germany",via Pracuj.pl,Full-time,False,Germany,2026-08-16 01:21:29,False,False,Germany,,,
3006,73,Senior Data Analyst,Senior Data Analyst,"Lodz, Poland",via Work.ua,Full-time,False,Poland,2026-08-26 20:55:00,True,False,Poland,,,
3007,123,Senior Data Scientist,Senior Data Scientist,"Cologne, Germany",via Pracuj.pl,Part-time,True,Germany,2026-09-04 01:04:12,False,True,Germany,,,
3008,95,Data Analyst,Data Analyst (Finance),"Hamburg, Germany",via Xing,Full-time,True,Germany,2026-09-01 21:24:19,True,True,Germany,,,
3009,97,Data Scientist,Junior Data Scientist,"Frankfurt, Germany",via Xing,Full-time,True,Germany,2026-09-13 18:36:31,False,True,Germany,year,45984.0,
3010,48,Data Scientist,Data Scientist,"Katowice, Poland",via Indeed,Contractor,False,Poland,2026-09-03 23:00:42,False,False,Poland,,,
3011,101,Machine Learning Engineer,Machine Learning Engineer,"Cologne, Germany",via Pracuj.pl,Full-time,False,Germany,2026-09-19 17:35:32,True,True,Germany,,,
3012,44,Data Analyst,Product Data Analyst,"Dnipro, Ukraine",via LinkedIn,Part-time,False,Ukraine,2026-09-15 07:54:35,True,True,Ukraine,year,25176.0,
3013,16,Data Engineer,Junior Data Engineer,"Odesa, Ukraine",via NoFluffJobs,Full-time,False,Ukraine,2026-09-14 09:58:13,False,False,Ukraine,,,
3014,97,Data Engineer,ETL Developer,"Cologne, Germany",via Xing,Contractor,False,Germany,2026-09-20 04:44:49,True,False,Germany,,,
3015,32,Data Engineer,Power BI Developer,"Ivano-Frankivsk, Ukraine",via Rabota.ua,Full-time,True,Ukraine,2026-08-23 01:27:54,False,True,Ukraine,,,
3016,65,Business Analyst,Junior Business Analyst,Anywhere,via Glassdoor,Full-time,True,Poland,2026-09-09 23:18:09,True,False,Poland,,,
3017,52,Senior Data Analyst,Lead Data Analyst,"Wroclaw, Poland",via StepStone,Full-time,False,Poland,2026-09-25 17:27:38,False,False,Poland,year,39178.0,
3018,2,Business Analyst,Business Analyst,"Kyiv, Ukraine",via Djinni,Full-time,False,Ukraine,2026-08-26 23:12:14,False,False,Ukraine,,,
3019,78,Data Engineer,Data Engineer,"Hamburg, Germany",via Rabota.ua,Contractor,False,Germany,2026-09-25 08:37:01,False,True,Germany,,,
3020,21,Data Analyst,Data Quality Analyst,Anywhere,via Pracuj.pl,Full-time,True,Ukraine,2026-09-17 15:55:01,False,False,Ukraine,year,26763.0,
3021,0,Data Engineer,Junior Data Engineer,"Kharkiv, Ukraine",via Work.ua,Full-time,False,Ukraine,2026-09-14 07:25:09,True,False,Ukraine,,,
3022,36,Machine Learning Engineer,Machine Learning Engineer,"Ivano-Frankivsk, Ukraine",via Work.ua,Part-time,True,Ukraine,2026-09-06 12:13:37,True,False,Ukraine,,,
3023,70,Software Engineer,Data Software Engineer,"Lodz, Poland",via Xing,Full-time,True,Poland,2026-09-24 14:31:50,False,False,Poland,,,
3024,89,Data Scientist,Data Scientist,Anywhere,via Djinni,Contractor,True,Germany,2026-09-16 00:26:22,True,True,Germany,,,
3025,54,Senior Data Analyst,Senior Data Analyst,"Gdansk, Poland",via Pracuj.pl,Internship,False,Poland,2026-09-01 14:54:28,False,True,Poland,year,46728.0,
3026,46,Cloud Engineer,Cloud Data Engineer,Anywhere,via Indeed,Contractor,True,Poland,2026-09-25 08:03:16,False,False,Poland,year,36785.0,
3027,54,Data Engineer,Data Engineer,"Gdansk, Poland",via Pracuj.pl,Internship,False,Poland,2026-09-19 00:49:45,True,False,Poland,,,
3028,68,Data Analyst,Product Data Analyst,"Krakow, Poland",via Djinni,Full-time,False,Poland,2026-09-04 23:02:12,False,False,Poland,,,
3029,130,Senior Data Analyst,Lead Data Analyst,"Odesa, Ukraine",via StepStone,Full-time,False,Ukraine,2026-08-26 21:15:29,False,False,Ukraine,,,
3030,22,Business Analyst,Business Analyst,"Kyiv, Ukraine",via Robota.ua,Full-time,False,Ukraine,2026-08-25 08:01:42,False,True,Ukraine,,,
3031,3,Data Analyst,Data Quality Analyst,Anywhere,via Rabota.ua,Full-time,True,Ukraine,2026-09-12 12:01:12,True,False,Ukraine,,,
3032,70,Business Analyst,Business Analyst,"Wroclaw, Poland",via Robota.ua,Full-time,False,Poland,2026-09-23 19:54:43,True,True,Poland,,,
3033,89,Data Analyst,Data Analyst,"Frankfurt, Germany",via StepStone,Full-time,False,Germany,2026-09-19 14:02:12,True,False,Germany,,,
3034,87,Data Scientist,Junior Data Scientist,"Berlin, Germany",via NoFluffJobs,Contractor,True,Germany,2026-08-17 16:34:26,True,False,Germany,,,
3035,117,Data Analyst,Product Data Analyst,"Krakow, Poland",via Work.ua,Part-time,False,Poland,2026-09-04 15:26:45,False,False,Poland,year,31697.0,
3036,104,Data Analyst,Product Data Analyst,"Frankfurt, Germany",via Indeed,Part-time,False,Germany,2026-09-19 20:23:26,False,False,Germany,,,
3037,68,Business Analyst,Business Analyst,"Katowice, Poland",via Xing,Internship,False,Poland,2026-09-10 13:22:09,True,True,Poland,,,
3038,7,Data Engineer,BI Developer,"Dnipro, Ukraine",via Robota.ua,Internship,False,Ukraine,2026-09-08 09:07:47,True,True,Ukraine,,,
3039,124,Data Analyst,Product Data Analyst,"Frankfurt, Germany",via LinkedIn,Contractor,False,Germany,2026-09-13 01:25:09,False,True,Germany,,,
3040,32,Data Engineer,ETL Developer,"Ivano-Frankivsk, Ukraine",via Indeed,Internship,False,Ukraine,2026-09-20 19:15:46,True,True,Ukraine,year,21883.0,
3041,108,Data Analyst,Data Quality Analyst,"Frankfurt, Germany",via Robota.ua,Contractor,True,Germany,2026-08-25 05:07:25,True,True,Germany,,,
3042,74,Data Engineer,ETL Developer,"Lodz, Poland",via Pracuj.pl,Contractor,False,Poland,2026-09-21 05:15:50,True,False,Poland,,,
3043,110,Data Engineer,Analytics Engineer,"Cologne, Germany",via Indeed,Contractor,True,Germany,2026-08-28 06:32:59,False,True,Germany,year,52621.0,
3044,92,Business Analyst,Junior Business Analyst,"Hamburg, Germany",via Robota.ua,Full-time,False,Germany,2026-09-21 06:12:35,True,False,Germany,,,
3045,27,Data Analyst,Data Analyst,"Ivano-Frankivsk, Ukraine",via Djinni,Full-time,False,Ukraine,2026-08-24 04:55:43,False,False,Ukraine,,,
3046,14,Data Engineer,Power BI Developer,"Lviv, Ukraine",via Work.ua,Full-time,False,Ukraine,2026-09-20 10:35:14,False,False,Ukraine,,,
3047,58,Data Analyst,Data Analyst (Finance),"Warsaw, Poland",via Rabota.ua,Full-time,False,Poland,2026-08-18 12:29:59,False,False,Poland,,,
3048,5,Data Analyst,Data Analyst,Anywhere,via Pracuj.pl,Contractor,True,Ukraine,2026-08-23 13:31:11,True,False,Ukraine,,,
3049,35,Data Engineer,Analytics Engineer,"Odesa, Ukraine",via Pracuj.pl,Internship,False,Ukraine,2026-08-23 03:34:57,False,False,Ukraine,,,
3050,122,Data Engineer,Data Engineer,"Vinnytsia, Ukraine",via StepStone,Full-time,False,Ukraine,2026-09-13 07:58:22,False,True,Ukraine,,,
3051,121,Senior Data Engineer,Lead Data Engineer,"Munich, Germany",via LinkedIn,Full-time,True,Germany,2026-09-24 13:40:59,True,False,Germany,year,103218.0,
3052,80,Business Analyst,Business Intelligence Analyst,"Cologne, Germany",via Glassdoor,Internship,True,Germany,2026-08-25 07:37:31,True,True,Germany,,,
3053,75,Senior Data Engineer,Lead Data Engineer,"Katowice, Poland",via StepStone,Full-time,True,Poland,2026-09-11 21:52:23,False,False,Poland,year,46710.0,
3054,79,Data Analyst,Data Analyst (Finance),"Frankfurt, Germany",via StepStone,Full-time,False,Germany,2026-09-17 05:55:13,True,True,Germany,,,
3055,69,Business Analyst,Junior Business Analyst,"Katowice, Poland",via Indeed,Contractor,False,Poland,2026-08-15 18:37:28,False,False,Poland,,,
3056,52,Senior Data Analyst,Senior Data Analyst,"Lodz, Poland",via Indeed,Part-time,False,Poland,2026-09-16 15:17:48,False,True,Poland,year,58260.0,
3057,85,Data Analyst,Product Data Analyst,"Stuttgart, Germany",via Glassdoor,Full-time,False,Germany,2026-08-20 14:49:00,True,False,Germany,,,
3058,53,Data Analyst,Data Quality Analyst,"Gdansk, Poland",via Rabota.ua,Part-time,True,Poland,2026-08-22 22:24:51,False,True,Poland,,,
3059,15,Business Analyst,Business Intelligence Analyst,"Lviv, Ukraine",via Pracuj.pl,Internship,False,Ukraine,2026-08-18 20:53:27,True,False,Ukraine,year,22615.0,
3060,87,Data Engineer,Junior Data Engineer,"Munich, Germany",via Indeed,Contractor,True,Germany,2026-09-02 19:30:10,False,False,Germany,hour,,27.3
3061,2,Data Analyst,Business Data Analyst,"Kharkiv, Ukraine",via Work.ua,Part-time,False,Ukraine,2026-09-18 02:32:31,True,False,Ukraine,,,
3062,4,Data Analyst,Data Quality Analyst,Anywhere,via Indeed,Part-time,True,Ukraine,2026-08-17 15:08:21,False,False,Ukraine,,,
3063,81,Data Analyst,Product Data Analyst,"Dusseldorf, Germany",via Indeed,Full-time,False,Germany,2026-09-23 09:52:45,False,False,Germany,,,
3064,56,Data Analyst,Data Analyst,"Poznan, Poland",via Work.ua,Internship,False,Poland,2026-08-27 22:14:25,False,False,Poland,,,
3065,86,Business Analyst,Business Intelligence Analyst,"Stuttgart, Germany",via Xing,Contractor,False,Germany,2026-08-20 08:02:56,False,False,Germany,,,
3066,71,Machine Learning Engineer,Machine Learning Engineer,"Gdansk, Poland",via Robota.ua,Contractor,False,Poland,2026-09-09 18:44:31,True,False,Poland,,,
3067,132,Business Analyst,Junior Business Analyst,"Dnipro, Ukraine",via Robota.ua,Full-time,False,Ukraine,2026-09-12 22:37:50,True,False,Ukraine,,,
3068,35,Machine Learning Engineer,Machine Learning Engineer,"Kharkiv, Ukraine",via Indeed,Internship,False,Ukraine,2026-08-23 00:52:22,False,False,Ukraine,year,20692.0,
3069,109,Senior Data Scientist,Senior Data Scientist,"Hamburg, Germany",via Xing,Contractor,True,Germany,2026-09-18 14:58:11,False,False,Germany,year,97036.0,
3070,118,Data Engineer,Junior Data Engineer,Anywhere,via StepStone,Part-time,True,Ukraine,2026-09-25 08:12:30,False,False,Ukraine,year,9970.0,
3071,90,Business Analyst,Business Intelligence Analyst,"Cologne, Germany",via StepStone,Contractor,False,Germany,2026-09-05 06:44:17,True,False,Germany,,,
3072,111,Data Analyst,Data Analyst,"Frankfurt, Germany",via StepStone,Full-time,True,Germany,2026-09-20 08:03:13,True,False,Germany,,,
3073,8,Data Analyst,Data Analyst,"Ivano-Frankivsk, Ukraine",via StepStone,Full-time,False,Ukraine,2026-08-28 16:43:51,False,False,Ukraine,,,
3074,34,Business Analyst,Junior Business Analyst,"Odesa, Ukraine",via Indeed,Full-time,False,Ukraine,2026-09-17 16:42:57,False,True,Ukraine,,,
3075,97,Business Analyst,BI Analyst,"Hamburg, Germany",via Pracuj.pl,Full-time,True,Germany,2026-09-21 16:20:58,True,False,Germany,year,55219.0,
3076,52,Data Scientist,Junior Data Scientist,"Poznan, Poland",via Robota.ua,Full-time,False,Poland,2026-08-31 23:37:54,False,True,Poland,year,14637.0,
3077,12,Senior Data Scientist,Senior Data Scientist,"Lviv, Ukraine",via NoFluffJobs,Internship,True,Ukraine,2026-09-16 01:53:11,True,False,Ukraine,year,38725.0,
3078,90,Senior Data Engineer,Lead Data Engineer,Anywhere,via Work.ua,Full-time,True,Germany,2026-09-23 16:03:26,True,True,Germany,,,
3079,105,Senior Data Engineer,Lead Data Engineer,"Hamburg, Germany",via Indeed,Full-time,False,Germany,2026-09-11 16:06:48,True,False,Germany,,,
3080,45,Business Analyst,Business Intelligence Analyst,"Poznan, Poland",via Rabota.ua,Contractor,False,Poland,2026-08-27 04:28:19,True,False,Poland,,,
3081,90,Business Analyst,BI Analyst,"Dusseldorf, Germany",via NoFluffJobs,Full-time,False,Germany,2026-09-06 18:24:01,False,True,Germany,,,
3082,64,Data Scientist,Junior Data Scientist,"Lodz, Poland",via Rabota.ua,Full-time,True,Poland,2026-09-13 03:34:03,True,False,Poland,,,
3083,17,Senior Data Analyst,Lead Data Analyst,"Kyiv, Ukraine",via LinkedIn,Internship,False,Ukraine,2026-09-13 10:03:29,False,False,Ukraine,,,
3084,57,Business Analyst,Business Intelligence Analyst,"Krakow, Poland",via Work.ua,Full-time,False,Poland,2026-09-24 02:25:12,False,False,Poland,,,
3085,120,Data Analyst,Data Quality Analyst,"Lviv, Ukraine",via NoFluffJobs,Full-time,False,Ukraine,2026-09-22 23:27:23,False,False,Ukraine,,,
3086,99,Data Scientist,Junior Data Scientist,"Frankfurt, Germany",via Rabota.ua,Full-time,False,Germany,2026-09-16 01:10:25,False,False,Germany,,,
3087,38,Data Analyst,Product Data Analyst,"Lviv, Ukraine",via Rabota.ua,Full-time,True,Ukraine,2026-09-11 06:49:09,True,True,Ukraine,,,
3088,72,Senior Data Scientist,Senior Data Scientist,Anywhere,via Work.ua,Part-time,True,Poland,2026-09-11 12:30:22,True,True,Poland,year,55973.0,
3089,104,Data Engineer,Analytics Engineer,"Stuttgart, Germany",via NoFluffJobs,Full-time,False,Germany,2026-08-15 17:59:40,True,False,Germany,,,
3090,118,Data Engineer,BI Developer,"Lviv, Ukraine",via LinkedIn,Full-time,False,Ukraine,2026-08-27 14:17:22,False,False,Ukraine,,,
3091,67,Business Analyst,Business Intelligence Analyst,"Poznan, Poland",via Glassdoor,Part-time,False,Poland,2026-08-26 05:29:42,False,True,Poland,,,
3092,68,Data Analyst,Data Analyst (Marketing),"Krakow, Poland",via Djinni,Part-time,False,Poland,2026-08-27 10:07:55,False,False,Poland,,,
3093,5,Data Analyst,Business Data Analyst,"Kharkiv, Ukraine",via StepStone,Full-time,False,Ukraine,2026-09-11 18:56:17,True,False,Ukraine,,,
3094,34,Data Analyst,Data Quality Analyst,Anywhere,via NoFluffJobs,Full-time,True,Ukraine,2026-09-23 20:35:28,False,False,Ukraine,,,
3095,117,Data Analyst,Data Analyst (Marketing),"Wroclaw, Poland",via Xing,Internship,False,Poland,2026-09-22 12:34:26,False,True,Poland,,,
3096,70,Business Analyst,Business Analyst,"Warsaw, Poland",via Rabota.ua,Full-time,False,Poland,2026-09-06 13:54:43,False,False,Poland,,,
3097,49,Business Analyst,Business Analyst,"Lodz, Poland",via Xing,Part-time,False,Poland,2026-08-29 15:33:08,False,False,Poland,,,
3098,43,Data Analyst,Data Analyst,"Lviv, Ukraine",via Work.ua,Internship,False,Ukraine,2026-08-15 22:42:48,False,True,Ukraine,,,
3099,23,Data Analyst,Junior Data Analyst,"Vinnytsia, Ukraine",via Djinni,Contractor,False,Ukraine,2026-08-18 05:00:03,False,True,Ukraine,,,
3100,51,Senior Data Scientist,Senior Data Scientist,"Katowice, Poland",via Xing,Part-time,False,Poland,2026-08-31 04:14:08,False,False,Poland,,,
3101,2,Senior Data Engineer,Senior Data Engineer,"Vinnytsia, Ukraine",via Rabota.ua,Full-time,False,Ukraine,2026-08-30 22:01:13,False,True,Ukraine,year,44693.0,
3102,129,Data Analyst,Data Quality Analyst,"Kyiv, Ukraine",via Glassdoor,Internship,False,Ukraine,2026-09-19 00:51:46,False,False,Ukraine,,,
3103,73,Data Engineer,Analytics Engineer,"Poznan, Poland",via LinkedIn,Full-time,False,Poland,2026-08-19 16:48:43,True,True,Poland,,,
3104,105,Cloud Engineer,Cloud Data Engineer,Anywhere,via Rabota.ua,Full-time,True,Germany,2026-09-10 05:22:56,False,True,Germany,,,
3105,43,Data Analyst,Data Analyst (Finance),Anywhere,via LinkedIn,Full-time,True,Ukraine,2026-08-26 19:19:47,True,False,Ukraine,,,
3106,31,Cloud Engineer,Cloud Data Engineer,"Vinnytsia, Ukraine",via StepStone,Part-time,False,Ukraine,2026-09-06 20:24:17,False,True,Ukraine,,,
3107,47,Data Engineer,Junior Data Engineer,"Wroclaw, Poland",via Work.ua,Full-time,True,Poland,2026-08-17 01:41:03,True,False,Poland,,,
3108,75,Data Engineer,Data Engineer,"Wroclaw, Poland",via Glassdoor,Full-time,True,Poland,2026-08-24 01:01:53,False,True,Poland,,,
3109,18,Senior Data Analyst,Lead Data Analyst,"Ivano-Frankivsk, Ukraine",via Glassdoor,Contractor,True,Ukraine,2026-08-30 00:02:47,False,False,Ukraine,,,
3110,125,Business Analyst,Business Analyst,"Hamburg, Germany",via Djinni,Full-time,False,Germany,2026-08-24 00:14:31,False,True,Germany,,,
3111,97,Data Engineer,ETL Developer,"Frankfurt, Germany",via NoFluffJobs,Full-time,False,Germany,2026-08-27 23:58:29,True,False,Germany,,,
3112,84,Data Analyst,Junior Data Analyst,"Berlin, Germany",via Pracuj.pl,Internship,True,Germany,2026-08-20 12:17:59,False,False,Germany,,,
3113,25,Data Scientist,Data Scientist,"Lviv, Ukraine",via LinkedIn,Full-time,False,Ukraine,2026-09-23 11:46:02,False,False,Ukraine,,,
3114,14,Senior Data Analyst,Lead Data Analyst,"Odesa, Ukraine",via Indeed,Full-time,False,Ukraine,2026-08-24 08:43:18,False,True,Ukraine,,,
3115,101,Data Engineer,Data Engineer,Anywhere,via Robota.ua,Contractor,True,Germany,2026-09-01 22:35:18,False,False,Germany,hour,,33.4
3116,75,Data Analyst,Data Analyst (Finance),"Krakow, Poland",via Indeed,Full-time,False,Poland,2026-08-24 20:32:29,False,True,Poland,,,
3117,6,Senior Data Analyst,Senior Data Analyst,"Kyiv, Ukraine",via StepStone,Full-time,False,Ukraine,2026-09-02 16:19:34,False,True,Ukraine,,,
3118,32,Senior Data Analyst,Senior Data Analyst,"Odesa, Ukraine",via Robota.ua,Internship,False,Ukraine,2026-08-22 15:45:10,False,False,Ukraine,,,
3119,44,Business Analyst,BI Analyst,Anywhere,via Indeed,Internship,True,Ukraine,2026-09-07 18:18:43,False,True,Ukraine,,,
3120,103,Data Engineer,ETL Developer,"Munich, Germany",via Glassdoor,Full-time,False,Germany,2026-09-11 06:13:30,False,False,Germany,,,
3121,122,Data Analyst,Product Data Analyst,"Kharkiv, Ukraine",via StepStone,Full-time,False,Ukraine,2026-08-16 15:19:40,False,False,Ukraine,,,
3122,40,Data Engineer,Data Engineer,"Dnipro, Ukraine",via Djinni,Full-time,False,Ukraine,2026-08-25 02:51:22,False,True,Ukraine,,,
3123,112,Cloud Engineer,Cloud Data Engineer,"Munich, Germany",via Pracuj.pl,Internship,True,Germany,2026-08-19 11:37:19,False,False,Germany,,,
3124,5,Data Analyst,Junior Data Analyst,"Ivano-Frankivsk, Ukraine",via Djinni,Contractor,False,Ukraine,2026-09-25 01:15:49,False,True,Ukraine,hour,,8.85
3125,63,Business Analyst,Business Analyst,"Katowice, Poland",via NoFluffJobs,Part-time,True,Poland,2026-09-09 00:39:01,True,False,Poland,,,
3126,21,Data Analyst,Data Analyst,"Vinnytsia, Ukraine",via Djinni,Part-time,True,Ukraine,2026-09-23 15:07:30,False,False,Ukraine,,,
3127,101,Data Engineer,ETL Developer,"Stuttgart, Germany",via Indeed,Full-time,False,Germany,2026-09-10 05:33:22,True,False,Germany,,,
3128,73,Senior Data Engineer,Senior Data Engineer,"Krakow, Poland",via Djinni,Full-time,False,Poland,2026-08-24 21:59:31,False,True,Poland,,,
3129,0,Data Engineer,Data Engineer,"Kyiv, Ukraine",via Work.ua,Full-time,False,Ukraine,2026-09-14 18:38:07,False,False,Ukraine,,,
3130,27,Senior Data Analyst,Senior Data Analyst,"Dnipro, Ukraine",via Indeed,Part-time,False,Ukraine,2026-08-24 12:01:02,True,True,Ukraine,,,
3131,102,Business Analyst,Business Intelligence Analyst,"Cologne, Germany",via Djinni,Full-time,False,Germany,2026-09-17 17:53:08,True,False,Germany,,,
3132,131,Business Analyst,Business Analyst,"Dnipro, Ukraine",via Work.ua,Part-time,False,Ukraine,2026-08-20 01:00:25,True,True,Ukraine,,,
3133,129,Senior Data Analyst,Lead Data Analyst,"Lviv, Ukraine",via Indeed,Part-time,False,Ukraine,2026-08-18 15:50:15,False,True,Ukraine,year,29815.0,
3134,73,Data Scientist,Junior Data Scientist,Anywhere,via Xing,Full-time,True,Poland,2026-09-23 16:53:41,True,True,Poland,,,
3135,116,Business Analyst,Junior Business Analyst,"Frankfurt, Germany",via Work.ua,Contractor,False,Germany,2026-09-04 10:43:31,False,False,Germany,year,48562.0,
3136,27,Business Analyst,BI Analyst,Anywhere,via StepStone,Part-time,True,Ukraine,2026-09-14 03:12:54,True,False,Ukraine,,,
3137,84,Senior Data Analyst,Lead Data Analyst,"Stuttgart, Germany",via StepStone,Part-time,False,Germany,2026-08-30 12:29:54,False,True,Germany,,,
3138,22,Data Analyst,Data Quality Analyst,"Odesa, Ukraine",via LinkedIn,Full-time,True,Ukraine,2026-09-07 22:34:13,False,True,Ukraine,,,
3139,19,Machine Learning Engineer,Machine Learning Engineer,"Odesa, Ukraine",via Glassdoor,Contractor,False,Ukraine,2026-08-16 03:49:33,False,True,Ukraine,,,
3140,13,Data Analyst,Data Quality Analyst,"Kharkiv, Ukraine",via Xing,Full-time,False,Ukraine,2026-08-31 23:51:43,False,True,Ukraine,,,
3141,80,Business Analyst,Business Intelligence Analyst,"Hamburg, Germany",via Robota.ua,Full-time,False,Germany,2026-09-21 11:40:04,True,True,Germany,,,
3142,120,Data Analyst,Data Analyst (Marketing),"Vinnytsia, Ukraine",via Rabota.ua,Full-time,True,Ukraine,2026-08-17 22:29:14,True,True,Ukraine,year,24792.0,
3143,74,Data Analyst,Business Data Analyst,"Katowice, Poland",via StepStone,Full-time,False,Poland,2026-09-04 14:13:38,False,False,Poland,,,
3144,10,Senior Data Engineer,Senior Data Engineer,"Dnipro, Ukraine",via Work.ua,Full-time,False,Ukraine,2026-08-28 18:52:23,False,False,Ukraine,,,
3145,3,Business Analyst,BI Analyst,"Odesa, Ukraine",via LinkedIn,Full-time,False,Ukraine,2026-09-06 20:11:30,False,False,Ukraine,,,
3146,131,Business Analyst,Business Intelligence Analyst,"Dnipro, Ukraine",via LinkedIn,Full-time,True,Ukraine,2026-08-25 10:51:20,False,False,Ukraine,year,26405.0,
3147,65,Senior Data Scientist,Senior Data Scientist,"Poznan, Poland",via NoFluffJobs,Internship,True,Poland,2026-08-29 06:43:43,True,False,Poland,,,
3148,46,Business Analyst,Business Intelligence Analyst,"Krakow, Poland",via Djinni,Internship,True,Poland,2026-09-02 12:20:16,False,True,Poland,,,
3149,61,Senior Data Analyst,Lead Data Analyst,"Warsaw, Poland",via Djinni,Contractor,True,Poland,2026-09-14 19:59:32,False,False,Poland,year,48254.0,
3150,84,Data Engineer,Analytics Engineer,"Cologne, Germany",via Rabota.ua,Part-time,False,Germany,2026-08-17 19:59:11,True,False,Germany,,,
3151,15,Data Scientist,Data Scientist,Anywhere,via Work.ua,Part-time,True,Ukraine,2026-09-19 07:04:46,True,False,Ukraine,,,
3152,98,Senior Data Analyst,Lead Data Analyst,"Dusseldorf, Germany",via Glassdoor,Full-time,True,Germany,2026-08-30 08:01:52,False,True,Germany,,,
3153,47,Data Analyst,Junior Data Analyst,"Krakow, Poland",via Djinni,Internship,False,Poland,2026-09-08 11:17:20,False,False,Poland,year,14211.0,
3154,5,Data Analyst,Junior Data Analyst,"Vinnytsia, Ukraine",via Xing,Full-time,True,Ukraine,2026-08-27 20:42:45,True,False,Ukraine,year,14679.0,
3155,3,Data Analyst,Data Analyst (Marketing),"Vinnytsia, Ukraine",via Glassdoor,Full-time,False,Ukraine,2026-08-24 07:09:24,False,False,Ukraine,year,17866.0,
3156,10,Senior Data Engineer,Lead Data Engineer,"Lviv, Ukraine",via Xing,Internship,False,Ukraine,2026-09-21 19:25:52,True,True,Ukraine,,,
3157,132,Data Analyst,Data Quality Analyst,"Lviv, Ukraine",via Djinni,Part-time,False,Ukraine,2026-09-06 15:22:52,False,False,Ukraine,year,22816.0,
3158,94,Data Engineer,ETL Developer,"Berlin, Germany",via StepStone,Part-time,False,Germany,2026-09-08 13:25:04,False,False,Germany,,,
3159,7,Senior Data Analyst,Lead Data Analyst,Anywhere,via Glassdoor,Full-time,True,Ukraine,2026-08-26 03:56:26,True,False,Ukraine,,,
3160,114,Business Analyst,Business Analyst,"Vinnytsia, Ukraine",via Xing,Full-time,False,Ukraine,2026-09-23 17:37:29,False,True,Ukraine,,,
3161,41,Data Analyst,Junior Data Analyst,Anywhere,via Work.ua,Contractor,True,Ukraine,2026-08-15 00:06:19,True,False,Ukraine,hour,,7.42
3162,49,Data Engineer,ETL Developer,"Gdansk, Poland",via Work.ua,Full-time,False,Poland,2026-09-14 02:44:32,True,True,Poland,,,
3163,79,Data Engineer,Junior Data Engineer,"Berlin, Germany",via Work.ua,Full-time,False,Germany,2026-08-19 11:53:43,False,True,Germany,,,
3164,86,Business Analyst,Junior Business Analyst,"Berlin, Germany",via Rabota.ua,Full-time,False,Germany,2026-09-17 14:51:37,False,True,Germany,,,
3165,110,Software Engineer,Data Software Engineer,"Frankfurt, Germany",via Xing,Full-time,False,Germany,2026-09-19 02:10:32,False,True,Germany,,,
3166,77,Business Analyst,Business Intelligence Analyst,Anywhere,via Indeed,Contractor,True,Poland,2026-08-22 04:05:45,False,False,Poland,,,
3167,84,Software Engineer,Data Software Engineer,"Cologne, Germany",via Djinni,Full-time,False,Germany,2026-08-24 17:50:07,False,True,Germany,year,56161.0,
3168,28,Data Analyst,Data Analyst,"Dnipro, Ukraine",via NoFluffJobs,Full-time,False,Ukraine,2026-09-15 09:03:46,True,True,Ukraine,,,
3169,131,Data Analyst,Data Analyst (Finance),"Dnipro, Ukraine",via Xing,Part-time,False,Ukraine,2026-08-23 12:49:14,True,True,Ukraine,,,
3170,131,Senior Data Analyst,Lead Data Analyst,"Kharkiv, Ukraine",via Djinni,Full-time,False,Ukraine,2026-09-18 15:44:18,False,True,Ukraine,year,33582.0,
3171,30,Data Engineer,Data Engineer,"Lviv, Ukraine",via StepStone,Full-time,False,Ukraine,2026-09-03 07:25:09,False,True,Ukraine,,,
3172,58,Business Analyst,Business Analyst,"Wroclaw, Poland",via Glassdoor,Internship,False,Poland,2026-09-06 21:34:52,False,False,Poland,year,33229.0,
3173,102,Senior Data Scientist,Senior Data Scientist,Anywhere,via LinkedIn,Full-time,True,Germany,2026-08-16 09:45:57,False,False,Germany,,,
3174,83,Data Engineer,Analytics Engineer,"Hamburg, Germany",via Indeed,Full-time,False,Germany,2026-09-21 10:32:04,False,False,Germany,,,
3175,105,Senior Data Engineer,Lead Data Engineer,"Cologne, Germany",via Pracuj.pl,Full-time,False,Germany,2026-08-18 08:46:39,False,False,Germany,,,
3176,36,Data Analyst,Business Data Analyst,"Lviv, Ukraine",via StepStone,Full-time,False,Ukraine,2026-08-26 02:05:09,False,False,Ukraine,year,20948.0,
3177,35,Data Analyst,Business Data Analyst,"Vinnytsia, Ukraine",via Indeed,Part-time,False,Ukraine,2026-09-19 05:27:58,False,True,Ukraine,,,
3178,93,Data Analyst,Data Quality Analyst,"Frankfurt, Germany",via Indeed,Full-time,False,Germany,2026-09-16 05:06:04,False,True,Germany,,,
3179,7,Data Scientist,Data Scientist,"Ivano-Frankivsk, Ukraine",via Glassdoor,Full-time,False,Ukraine,2026-09-13 20:12:15,False,True,Ukraine,year,21040.0,
3180,82,Data Analyst,Product Data Analyst,"Hamburg, Germany",via NoFluffJobs,Full-time,False,Germany,2026-08-30 10:55:33,False,False,Germany,,,
3181,39,Data Analyst,Business Data Analyst,"Ivano-Frankivsk, Ukraine",via Xing,Contractor,True,Ukraine,2026-08-18 21:19:30,False,False,Ukraine,year,19484.0,
3182,116,Data Analyst,Data Quality Analyst,"Stuttgart, Germany",via Glassdoor,Contractor,False,Germany,2026-09-19 22:23:12,False,False,Germany,,,
3183,94,Business Analyst,BI Analyst,"Frankfurt, Germany",via Xing,Full-time,False,Germany,2026-09-15 14:47:04,True,False,Germany,,,
3184,101,Business Analyst,Business Intelligence Analyst,"Frankfurt, Germany",via NoFluffJobs,Full-time,False,Germany,2026-08-22 12:18:57,True,True,Germany,,,
3185,122,Data Analyst,Data Analyst,"Kharkiv, Ukraine",via NoFluffJobs,Part-time,True,Ukraine,2026-09-03 13:15:12,True,True,Ukraine,,,
3186,38,Data Engineer,ETL Developer,"Odesa, Ukraine",via Glassdoor,Full-time,False,Ukraine,2026-08-22 19:40:15,False,False,Ukraine,,,
3187,83,Senior Data Analyst,Lead Data Analyst,"Frankfurt, Germany",via LinkedIn,Part-time,True,Germany,2026-08-25 12:30:07,True,True,Germany,,,
3188,130,Senior Data Analyst,Lead Data Analyst,"Dnipro, Ukraine",via LinkedIn,Internship,False,Ukraine,2026-09-15 18:29:45,True,False,Ukraine,,,
3189,101,Machine Learning Engineer,Machine Learning Engineer,"Hamburg, Germany",via StepStone,Contractor,False,Germany,2026-09-20 10:19:26,False,True,Germany,hour,,36.71
3190,78,Data Analyst,Product Data Analyst,"Munich, Germany",via Robota.ua,Part-time,False,Germany,2026-08-30 09:52:58,True,False,Germany,year,62609.0,
3191,15,Business Analyst,Junior Business Analyst,"Odesa, Ukraine",via Indeed,Contractor,True,Ukraine,2026-08-20 12:13:39,False,False,Ukraine,,,
3192,116,Data Analyst,Data Analyst (Marketing),"Berlin, Germany",via Work.ua,Part-time,False,Germany,2026-09-16 03:40:33,True,True,Germany,,,
3193,5,Data Analyst,Product Data Analyst,Anywhere,via StepStone,Part-time,True,Ukraine,2026-08-31 18:49:48,True,False,Ukraine,year,17176.0,
3194,76,Data Analyst,Data Analyst (Finance),"Lodz, Poland",via Glassdoor,Part-time,False,Poland,2026-09-10 22:35:07,True,True,Poland,year,26145.0,
3195,95,Senior Data Engineer,Lead Data Engineer,"Hamburg, Germany",via Robota.ua,Full-time,False,Germany,2026-09-24 13:31:16,True,True,Germany,,,
3196,78,Data Analyst,Business Data Analyst,"Munich, Germany",via LinkedIn,Full-time,False,Germany,2026-09-06 14:11:14,False,True,Germany,,,
3197,12,Cloud Engineer,Cloud Data Engineer,Anywhere,via NoFluffJobs,Full-time,True,Ukraine,2026-09-19 02:18:18,False,False,Ukraine,year,20129.0,
3198,60,Machine Learning Engineer,Machine Learning Engineer,"Katowice, Poland",via Djinni,Full-time,False,Poland,2026-09-13 01:13:44,False,False,Poland,,,
3199,53,Senior Data Analyst,Senior Data Analyst,"Poznan, Poland",via Xing,Part-time,False,Poland,2026-09-05 15:11:01,True,True,Poland,,,
3200,14,Data Analyst,Junior Data Analyst,"Ivano-Frankivsk, Ukraine",via Rabota.ua,Full-time,True,Ukraine,2026-09-20 04:13:50,True,False,Ukraine,,,
3201,63,Data Scientist,Data Scientist,"Warsaw, Poland",via Djinni,Contractor,False,Poland,2026-09-01 01:47:17,True,False,Poland,,,
3202,94,Data Analyst,Data Analyst (Finance),"Munich, Germany",via Indeed,Full-time,True,Germany,2026-08-31 09:04:33,True,True,Germany,,,
3203,29,Senior Data Analyst,Senior Data Analyst,"Lviv, Ukraine",via Pracuj.pl,Full-time,False,Ukraine,2026-08-19 10:14:53,True,True,Ukraine,year,37943.0,
3204,117,Senior Data Engineer,Lead Data Engineer,"Wroclaw, Poland",via Glassdoor,Full-time,False,Poland,2026-09-22 23:14:36,True,True,Poland,,,
3205,51,Data Scientist,Data Scientist,"Katowice, Poland",via Rabota.ua,Full-time,False,Poland,2026-08-15 13:45:17,False,False,Poland,,,
3206,66,Data Analyst,Data Analyst,"Wroclaw, Poland",via Indeed,Full-time,False,Poland,2026-09-05 13:18:16,True,False,Poland,year,23158.0,
3207,110,Senior Data Engineer,Senior Data Engineer,"Dusseldorf, Germany",via Pracuj.pl,Full-time,False,Germany,2026-09-08 13:12:01,False,False,Germany,,,
3208,99,Data Analyst,Data Quality Analyst,"Stuttgart, Germany",via Glassdoor,Full-time,True,Germany,2026-09-15 21:36:09,False,False,Germany,year,55154.0,
3209,72,Business Analyst,Junior Business Analyst,"Wroclaw, Poland",via LinkedIn,Full-time,False,Poland,2026-09-15 18:43:17,True,False,Poland,year,13033.0,
3210,132,Senior Data Scientist,Senior Data Scientist,"Dnipro, Ukraine",via Rabota.ua,Full-time,False,Ukraine,2026-08-22 12:37:26,False,False,Ukraine,,,
3211,25,Data Scientist,Junior Data Scientist,"Kharkiv, Ukraine",via Rabota.ua,Full-time,True,Ukraine,2026-08-20 10:08:49,False,True,Ukraine,,,
3212,75,Data Analyst,Product Data Analyst,"Poznan, Poland",via LinkedIn,Internship,False,Poland,2026-08-18 04:51:00,False,True,Poland,,,
3213,111,Business Analyst,Junior Business Analyst,"Frankfurt, Germany",via Robota.ua,Full-time,False,Germany,2026-08-18 19:45:06,False,False,Germany,,,
3214,105,Data Analyst,Data Analyst (Finance),"Hamburg, Germany",via Xing,Part-time,True,Germany,2026-09-24 02:08:17,True,True,Germany,year,66281.0,
3215,27,Business Analyst,BI Analyst,"Odesa, Ukraine",via Work.ua,Internship,True,Ukraine,2026-09-21 09:35:18,False,True,Ukraine,,,
3216,49,Data Scientist,Junior Data Scientist,"Poznan, Poland",via Work.ua,Full-time,True,Poland,2026-09-11 18:18:40,False,False,Poland,,,
3217,32,Data Analyst,Data Analyst (Finance),"Ivano-Frankivsk, Ukraine",via NoFluffJobs,Part-time,False,Ukraine,2026-09-19 04:05:36,True,True,Ukraine,,,
3218,110,Data Scientist,Data Scientist,"Frankfurt, Germany",via Work.ua,Full-time,False,Germany,2026-09-04 10:37:38,False,True,Germany,,,
3219,71,Data Engineer,Analytics Engineer,Anywhere,via LinkedIn,Contractor,True,Poland,2026-08-20 01:24:45,False,False,Poland,,,
3220,125,Data Analyst,Data Quality Analyst,"Dusseldorf, Germany",via NoFluffJobs,Contractor,False,Germany,2026-08-17 04:24:30,False,False,Germany,,,
3221,35,Data Analyst,Product Data Analyst,"Dnipro, Ukraine",via Indeed,Internship,False,Ukraine,2026-08-18 19:57:37,False,True,Ukraine,,,
3222,61,Data Engineer,Data Engineer,"Krakow, Poland",via NoFluffJobs,Full-time,False,Poland,2026-09-05 18:45:42,False,False,Poland,year,27844.0,
3223,55,Data Engineer,Power BI Developer,"Warsaw, Poland",via Indeed,Full-time,True,Poland,2026-09-17 13:07:40,True,False,Poland,,,
3224,115,Data Analyst,Data Analyst (Finance),"Ivano-Frankivsk, Ukraine",via Djinni,Full-time,False,Ukraine,2026-09-10 12:36:46,False,False,Ukraine,year,19736.0,
3225,1,Data Scientist,Data Scientist,"Kharkiv, Ukraine",via Djinni,Full-time,False,Ukraine,2026-09-08 12:50:46,False,True,Ukraine,,,
3226,42,Senior Data Analyst,Senior Data Analyst,"Lviv, Ukraine",via Pracuj.pl,Full-time,False,Ukraine,2026-09-02 21:00:47,False,True,Ukraine,,,
3227,53,Business Analyst,Business Intelligence Analyst,"Warsaw, Poland",via LinkedIn,Full-time,False,Poland,2026-08-24 01:42:34,False,True,Poland,,,
3228,60,Senior Data Analyst,Lead Data Analyst,"Krakow, Poland",via Rabota.ua,Full-time,False,Poland,2026-08-31 06:07:32,False,False,Poland,,,
3229,10,Senior Data Scientist,Senior Data Scientist,"Kharkiv, Ukraine",via Pracuj.pl,Full-time,False,Ukraine,2026-09-17 09:40:01,False,False,Ukraine,,,
3230,2,Data Analyst,Junior Data Analyst,Anywhere,via Indeed,Full-time,True,Ukraine,2026-08-28 18:11:50,True,True,Ukraine,,,
3231,87,Data Engineer,BI Developer,"Dusseldorf, Germany",via Work.ua,Full-time,False,Germany,2026-09-17 21:01:20,False,True,Germany,,,
3232,101,Data Scientist,Data Scientist,Anywhere,via Glassdoor,Full-time,True,Germany,2026-08-30 06:22:38,False,True,Germany,year,74551.0,
3233,2,Data Scientist,Junior Data Scientist,"Kyiv, Ukraine",via StepStone,Full-time,False,Ukraine,2026-09-03 07:13:46,False,True,Ukraine,,,
3234,44,Data Scientist,Junior Data Scientist,"Kharkiv, Ukraine",via StepStone,Full-time,False,Ukraine,2026-09-04 03:09:30,False,True,Ukraine,year,12692.0,
3235,51,Senior Data Engineer,Lead Data Engineer,"Katowice, Poland",via Indeed,Internship,False,Poland,2026-09-05 03:21:17,False,False,Poland,year,42854.0,
3236,92,Data Analyst,Data Analyst,"Munich, Germany",via Djinni,Internship,False,Germany,2026-08-22 18:01:22,True,True,Germany,,,
3237,23,Data Engineer,BI Developer,"Lviv, Ukraine",via Indeed,Internship,True,Ukraine,2026-08-29 10:22:06,False,False,Ukraine,,,
3238,79,Data Engineer,Junior Data Engineer,"Frankfurt, Germany",via LinkedIn,Full-time,True,Germany,2026-08-20 12:01:01,False,True,Germany,,,
3239,90,Data Engineer,Data Engineer,"Hamburg, Germany",via Indeed,Contractor,False,Germany,2026-08-20 02:25:10,False,True,Germany,year,70885.0,
3240,131,Data Analyst,Data Quality Analyst,"Vinnytsia, Ukraine",via Indeed,Full-time,False,Ukraine,2026-08-16 15:04:13,False,False,Ukraine,,,
3241,71,Data Engineer,ETL Developer,"Krakow, Poland",via Work.ua,Contractor,True,Poland,2026-09-03 13:44:11,False,False,Poland,year,29300.0,
3242,74,Data Analyst,Business Data Analyst,"Warsaw, Poland",via Indeed,Full-time,True,Poland,2026-09-04 11:31:47,True,False,Poland,,,
3243,33,Data Scientist,Junior Data Scientist,"Ivano-Frankivsk, Ukraine",via Xing,Contractor,False,Ukraine,2026-09-06 06:48:50,False,False,Ukraine,,,
3244,108,Data Engineer,ETL Developer,"Munich, Germany",via Indeed,Full-time,False,Germany,2026-08-16 17:00:16,True,True,Germany,,,
3245,37,Data Analyst,Data Analyst,Anywhere,via Rabota.ua,Full-time,True,Ukraine,2026-09-01 02:23:09,False,False,Ukraine,year,17020.0,
3246,83,Business Analyst,BI Analyst,"Stuttgart, Germany",via Glassdoor,Full-time,False,Germany,2026-08-21 05:46:26,True,False,Germany,,,
3247,132,Data Analyst,Data Analyst,"Ivano-Frankivsk, Ukraine",via Pracuj.pl,Part-time,True,Ukraine,2026-09-18 14:32:08,False,False,Ukraine,,,
3248,85,Data Analyst,Data Analyst,"Stuttgart, Germany",via StepStone,Full-time,True,Germany,2026-09-17 01:14:00,True,True,Germany,,,
3249,105,Machine Learning Engineer,Machine Learning Engineer,"Stuttgart, Germany",via Glassdoor,Full-time,False,Germany,2026-08-19 06:32:12,False,False,Germany,year,62031.0,
3250,26,Senior Data Engineer,Lead Data Engineer,Anywhere,via Work.ua,Contractor,True,Ukraine,2026-08-16 21:11:06,False,False,Ukraine,,,
3251,6,Data Analyst,Data Analyst,"Kharkiv, Ukraine",via Xing,Full-time,False,Ukraine,2026-09-23 02:00:59,True,True,Ukraine,year,27521.0,
3252,78,Business Analyst,Business Intelligence Analyst,"Hamburg, Germany",via Work.ua,Part-time,False,Germany,2026-08-17 13:43:00,False,False,Germany,,,
3253,107,Data Engineer,Power BI Developer,"Berlin, Germany",via Pracuj.pl,Contractor,True,Germany,2026-09-21 09:40:53,False,False,Germany,,,
3254,53,Data Engineer,Data Engineer,"Krakow, Poland",via Work.ua,Part-time,False,Poland,2026-09-08 20:32:49,True,True,Poland,,,
3255,101,Machine Learning Engineer,Machine Learning Engineer,"Munich, Germany",via Rabota.ua,Internship,False,Germany,2026-09-24 08:18:55,True,False,Germany,,,
3256,115,Cloud Engineer,Cloud Data Engineer,"Vinnytsia, Ukraine",via Indeed,Full-time,False,Ukraine,2026-08-16 01:09:12,False,False,Ukraine,,,
3257,50,Data Analyst,Business Data Analyst,Anywhere,via Xing,Part-time,True,Poland,2026-08-24 04:39:06,True,False,Poland,,,
3258,36,Business Analyst,Junior Business Analyst,"Lviv, Ukraine",via Glassdoor,Contractor,False,Ukraine,2026-09-21 13:51:03,False,True,Ukraine,,,
3259,61,Business Analyst,Business Analyst,"Katowice, Poland",via NoFluffJobs,Full-time,True,Poland,2026-09-23 00:41:31,False,True,Poland,,,
3260,60,Senior Data Analyst,Senior Data Analyst,Anywhere,via Pracuj.pl,Internship,True,Poland,2026-09-10 09:24:09,True,False,Poland,year,47850.0,
3261,14,Data Analyst,Data Analyst (Marketing),"Dnipro, Ukraine",via LinkedIn,Contractor,False,Ukraine,2026-08-19 18:37:08,False,True,Ukraine,hour,,10.86
3262,102,Senior Data Engineer,Senior Data Engineer,Anywhere,via Indeed,Contractor,True,Germany,2026-08-15 05:28:39,True,True,Germany,,,
3263,83,Data Analyst,Junior Data Analyst,"Cologne, Germany",via Work.ua,Part-time,False,Germany,2026-08-27 03:40:30,True,True,Germany,year,43068.0,
3264,8,Data Analyst,Data Quality Analyst,Anywhere,via Xing,Full-time,True,Ukraine,2026-09-18 01:24:56,True,False,Ukraine,,,
3265,129,Data Scientist,Junior Data Scientist,"Kyiv, Ukraine",via Work.ua,Full-time,False,Ukraine,2026-08-26 02:55:46,True,True,Ukraine,,,
3266,85,Senior Data Scientist,Senior Data Scientist,"Hamburg, Germany",via Djinni,Full-time,False,Germany,2026-09-04 18:44:22,False,False,Germany,year,102353.0,
3267,21,Data Engineer,Data Engineer,"Lviv, Ukraine",via Glassdoor,Full-time,False,Ukraine,2026-08-30 06:25:37,True,True,Ukraine,,,
3268,42,Senior Data Analyst,Senior Data Analyst,"Dnipro, Ukraine",via Glassdoor,Full-time,False,Ukraine,2026-09-07 10:26:12,False,False,Ukraine,year,36845.0,
3269,48,Senior Data Engineer,Senior Data Engineer,"Wroclaw, Poland",via Xing,Part-time,False,Poland,2026-08-25 12:51:09,False,False,Poland,,,
3270,43,Senior Data Scientist,Senior Data Scientist,"Dnipro, Ukraine",via NoFluffJobs,Full-time,False,Ukraine,2026-08-27 00:49:15,False,False,Ukraine,,,
3271,104,Data Analyst,Product Data Analyst,"Stuttgart, Germany",via Robota.ua,Full-time,False,Germany,2026-08-20 05:55:05,False,True,Germany,year,64688.0,
3272,110,Senior Data Analyst,Senior Data Analyst,"Cologne, Germany",via LinkedIn,Part-time,False,Germany,2026-08-21 09:43:22,True,False,Germany,,,
3273,75,Data Engineer,Analytics Engineer,"Poznan, Poland",via NoFluffJobs,Full-time,False,Poland,2026-08-23 09:38:59,False,False,Poland,,,
3274,20,Data Analyst,Data Analyst,"Vinnytsia, Ukraine",via Xing,Full-time,True,Ukraine,2026-08-18 13:15:48,False,True,Ukraine,,,
3275,58,Business Analyst,Business Intelligence Analyst,"Krakow, Poland",via Rabota.ua,Contractor,False,Poland,2026-08-30 04:40:19,False,True,Poland,hour,,16.99
3276,68,Data Analyst,Product Data Analyst,"Katowice, Poland",via LinkedIn,Full-time,True,Poland,2026-09-11 21:26:00,True,False,Poland,,,
3277,94,Senior Data Analyst,Senior Data Analyst,"Frankfurt, Germany",via Glassdoor,Internship,False,Germany,2026-09-09 02:51:44,False,False,Germany,,,
3278,96,Data Analyst,Data Analyst (Finance),"Hamburg, Germany",via NoFluffJobs,Internship,False,Germany,2026-08-16 01:47:42,False,False,Germany,year,52484.0,
3279,38,Business Analyst,Business Intelligence Analyst,"Ivano-Frankivsk, Ukraine",via NoFluffJobs,Contractor,True,Ukraine,2026-08-29 15:53:32,False,True,Ukraine,,,
3280,57,Senior Data Engineer,Lead Data Engineer,"Poznan, Poland",via Pracuj.pl,Internship,False,Poland,2026-08-15 16:23:10,False,True,Poland,,,
3281,97,Data Analyst,Junior Data Analyst,"Cologne, Germany",via Xing,Contractor,True,Germany,2026-09-16 23:52:25,False,True,Germany,year,45156.0,
3282,37,Business Analyst,BI Analyst,"Ivano-Frankivsk, Ukraine",via Xing,Contractor,True,Ukraine,2026-09-13 05:51:34,False,True,Ukraine,,,
3283,50,Data Analyst,Business Data Analyst,"Gdansk, Poland",via Xing,Part-time,False,Poland,2026-09-06 07:10:06,False,False,Poland,year,35955.0,
3284,70,Data Analyst,Junior Data Analyst,"Gdansk, Poland",via StepStone,Full-time,False,Poland,2026-09-11 15:06:38,True,True,Poland,,,
3285,0,Data Analyst,Data Quality Analyst,Anywhere,via Rabota.ua,Full-time,True,Ukraine,2026-08-23 09:54:52,False,False,Ukraine,,,
3286,14,Data Analyst,Data Analyst (Marketing),"Dnipro, Ukraine",via Xing,Full-time,False,Ukraine,2026-08-17 01:19:19,False,False,Ukraine,,,
3287,33,Data Analyst,Product Data Analyst,"Ivano-Frankivsk, Ukraine",via StepStone,Contractor,False,Ukraine,2026-09-22 06:18:52,True,False,Ukraine,,,
3288,38,Senior Data Engineer,Senior Data Engineer,"Dnipro, Ukraine",via StepStone,Full-time,True,Ukraine,2026-09-08 20:03:27,False,False,Ukraine,,,
3289,55,Data Analyst,Data Analyst,"Warsaw, Poland",via LinkedIn,Full-time,False,Poland,2026-08-19 16:41:09,False,True,Poland,,,
3290,111,Data Scientist,Data Scientist,"Berlin, Germany",via Robota.ua,Full-time,False,Germany,2026-08-24 13:47:40,False,True,Germany,,,
3291,16,Data Analyst,Junior Data Analyst,"Lviv, Ukraine",via Xing,Internship,False,Ukraine,2026-09-04 04:01:30,False,False,Ukraine,,,
3292,119,Data Engineer,Analytics Engineer,"Kyiv, Ukraine",via NoFluffJobs,Contractor,True,Ukraine,2026-09-14 09:19:05,False,False,Ukraine,,,
3293,33,Business Analyst,Business Analyst,"Dnipro, Ukraine",via NoFluffJobs,Full-time,False,Ukraine,2026-08-16 02:40:18,True,False,Ukraine,year,24095.0,
3294,48,Data Engineer,Junior Data Engineer,"Krakow, Poland",via StepStone,Part-time,False,Poland,2026-08-28 19:21:21,False,True,Poland,year,16844.0,
3295,90,Data Analyst,Data Quality Analyst,"Dusseldorf, Germany",via Xing,Part-time,False,Germany,2026-09-04 20:42:17,False,True,Germany,,,
3296,84,Senior Data Engineer,Lead Data Engineer,"Hamburg, Germany",via StepStone,Full-time,False,Germany,2026-09-22 22:44:30,False,True,Germany,,,
3297,110,Data Engineer,Power BI Developer,"Dusseldorf, Germany",via Work.ua,Full-time,False,Germany,2026-09-02 08:37:39,False,True,Germany,,,
3298,16,Senior Data Analyst,Senior Data Analyst,"Kharkiv, Ukraine",via Xing,Part-time,False,Ukraine,2026-09-12 12:33:56,True,False,Ukraine,,,
3299,128,Senior Data Engineer,Senior Data Engineer,"Poznan, Poland",via Glassdoor,Full-time,False,Poland,2026-08-29 12:50:15,False,True,Poland,,,
3300,44,Senior Data Scientist,Senior Data Scientist,"Vinnytsia, Ukraine",via Glassdoor,Full-time,True,Ukraine,2026-09-04 03:07:21,True,False,Ukraine,year,36962.0,
3301,131,Business Analyst,Junior Business Analyst,"Ivano-Frankivsk, Ukraine",via Pracuj.pl,Part-time,False,Ukraine,2026-09-03 17:31:56,False,False,Ukraine,,,
3302,79,Data Engineer,Junior Data Engineer,"Munich, Germany",via Indeed,Internship,False,Germany,2026-08-21 14:55:47,True,False,Germany,year,45779.0,
3303,105,Data Engineer,Data Engineer,Anywhere,via Work.ua,Full-time,True,Germany,2026-08-23 04:01:26,False,True,Germany,,,
3304,75,Senior Data Engineer,Lead Data Engineer,"Gdansk, Poland",via Pracuj.pl,Full-time,False,Poland,2026-08-18 10:01:10,True,False,Poland,,,
3305,41,Senior Data Analyst,Lead Data Analyst,"Vinnytsia, Ukraine",via Pracuj.pl,Full-time,True,Ukraine,2026-09-17 17:41:08,False,True,Ukraine,,,
3306,55,Data Analyst,Junior Data Analyst,Anywhere,via Pracuj.pl,Internship,True,Poland,2026-09-25 09:21:06,False,False,Poland,year,16784.0,
3307,77,Data Analyst,Product Data Analyst,"Wroclaw, Poland",via Glassdoor,Full-time,False,Poland,2026-09-15 15:06:14,False,True,Poland,,,
3308,22,Senior Data Analyst,Senior Data Analyst,"Odesa, Ukraine",via Djinni,Internship,False,Ukraine,2026-08-25 12:58:08,False,False,Ukraine,,,
3309,80,Business Analyst,Business Analyst,"Cologne, Germany",via Robota.ua,Full-time,False,Germany,2026-09-01 16:09:40,True,True,Germany,,,
3310,82,Data Engineer,Analytics Engineer,"Stuttgart, Germany",via Robota.ua,Full-time,False,Germany,2026-09-03 20:09:09,False,False,Germany,,,
3311,41,Data Analyst,Data Analyst (Finance),Anywhere,via Indeed,Full-time,True,Ukraine,2026-08-20 01:43:56,False,False,Ukraine,,,
3312,24,Data Analyst,Product Data Analyst,"Lviv, Ukraine",via Xing,Part-time,False,Ukraine,2026-09-06 14:39:57,True,True,Ukraine,year,22246.0,
3313,65,Data Scientist,Junior Data Scientist,"Lodz, Poland",via LinkedIn,Part-time,False,Poland,2026-09-18 00:16:34,False,False,Poland,year,17360.0,
3314,92,Data Analyst,Data Analyst (Finance),"Cologne, Germany",via NoFluffJobs,Contractor,False,Germany,2026-09-22 20:56:12,False,False,Germany,,,
3315,115,Data Analyst,Business Data Analyst,"Lviv, Ukraine",via Pracuj.pl,Full-time,True,Ukraine,2026-08-25 18:59:28,False,True,Ukraine,,,
3316,95,Data Analyst,Data Analyst (Finance),"Hamburg, Germany",via LinkedIn,Internship,True,Germany,2026-09-10 22:56:57,True,False,Germany,,,
3317,13,Senior Data Analyst,Lead Data Analyst,"Kyiv, Ukraine",via Djinni,Contractor,False,Ukraine,2026-08-26 10:36:21,True,True,Ukraine,,,
3318,127,Business Analyst,Business Intelligence Analyst,"Stuttgart, Germany",via Indeed,Full-time,False,Germany,2026-09-09 23:34:38,False,False,Germany,,,
3319,40,Senior Data Analyst,Lead Data Analyst,"Ivano-Frankivsk, Ukraine",via Glassdoor,Contractor,False,Ukraine,2026-08-19 23:40:50,True,False,Ukraine,,,
3320,103,Business Analyst,Business Analyst,"Munich, Germany",via Indeed,Internship,False,Germany,2026-08-15 15:18:34,False,False,Germany,year,63827.0,
3321,126,Data Analyst,Business Data Analyst,"Vinnytsia, Ukraine",via Work.ua,Full-time,True,Ukraine,2026-08-27 03:09:16,False,False,Ukraine,,,
3322,50,Business Analyst,Business Intelligence Analyst,"Lodz, Poland",via NoFluffJobs,Internship,False,Poland,2026-09-18 04:51:30,False,False,Poland,year,26130.0,
3323,32,Data Analyst,Data Analyst,"Ivano-Frankivsk, Ukraine",via StepStone,Internship,False,Ukraine,2026-09-15 12:08:17,True,False,Ukraine,,,
3324,78,Business Analyst,Junior Business Analyst,"Frankfurt, Germany",via Glassdoor,Full-time,False,Germany,2026-08-24 22:25:43,False,True,Germany,year,44853.0,
3325,15,Data Engineer,Data Engineer,"Odesa, Ukraine",via StepStone,Full-time,False,Ukraine,2026-08-30 19:46:26,False,True,Ukraine,,,
3326,15,Data Analyst,Data Analyst,"Vinnytsia, Ukraine",via Indeed,Part-time,False,Ukraine,2026-09-21 21:31:54,True,True,Ukraine,,,
3327,74,Senior Data Engineer,Senior Data Engineer,"Krakow, Poland",via Glassdoor,Full-time,False,Poland,2026-09-24 04:00:34,False,False,Poland,,,
3328,112,Data Analyst,Business Data Analyst,"Munich, Germany",via Djinni,Full-time,False,Germany,2026-08-30 13:11:35,False,False,Germany,,,
3329,115,Data Engineer,Power BI Developer,"Kyiv, Ukraine",via Indeed,Contractor,True,Ukraine,2026-09-23 16:02:50,True,False,Ukraine,,,
3330,3,Business Analyst,Business Intelligence Analyst,"Lviv, Ukraine",via StepStone,Full-time,False,Ukraine,2026-09-21 21:04:42,False,False,Ukraine,,,
3331,66,Data Analyst,Data Analyst (Finance),"Wroclaw, Poland",via Rabota.ua,Full-time,False,Poland,2026-09-12 08:32:33,True,True,Poland,,,
3332,92,Data Scientist,Data Scientist,"Munich, Germany",via Glassdoor,Full-time,False,Germany,2026-09-01 23:59:08,False,False,Germany,year,63868.0,
3333,50,Senior Data Analyst,Senior Data Analyst,"Warsaw, Poland",via StepStone,Contractor,False,Poland,2026-09-14 07:26:17,True,False,Poland,,,
3334,72,Data Analyst,Data Analyst (Marketing),"Lodz, Poland",via Djinni,Full-time,False,Poland,2026-08-19 14:16:31,False,False,Poland,,,
3335,47,Data Engineer,ETL Developer,"Warsaw, Poland",via NoFluffJobs,Full-time,False,Poland,2026-09-01 12:32:49,False,False,Poland,,,
3336,80,Data Scientist,Junior Data Scientist,"Dusseldorf, Germany",via Work.ua,Internship,False,Germany,2026-09-23 20:26:57,True,False,Germany,,,
3337,53,Data Scientist,Junior Data Scientist,"Krakow, Poland",via Indeed,Full-time,True,Poland,2026-08-17 13:07:38,True,False,Poland,,,
3338,119,Data Analyst,Data Analyst,"Kyiv, Ukraine",via NoFluffJobs,Contractor,False,Ukraine,2026-09-15 21:10:16,True,False,Ukraine,,,
3339,92,Data Analyst,Data Quality Analyst,"Stuttgart, Germany",via Indeed,Full-time,False,Germany,2026-09-19 13:52:28,False,True,Germany,,,
3340,129,Data Engineer,Analytics Engineer,"Kyiv, Ukraine",via Robota.ua,Full-time,True,Ukraine,2026-08-21 16:35:59,True,True,Ukraine,,,
3341,87,Data Analyst,Data Analyst (Finance),"Hamburg, Germany",via Xing,Internship,False,Germany,2026-09-23 15:59:11,False,True,Germany,year,56503.0,
3342,98,Data Analyst,Data Analyst (Marketing),"Frankfurt, Germany",via Djinni,Contractor,True,Germany,2026-09-03 23:33:25,True,True,Germany,,,
3343,36,Business Analyst,Business Analyst,"Dnipro, Ukraine",via LinkedIn,Internship,False,Ukraine,2026-09-19 05:01:53,False,True,Ukraine,,,
3344,25,Data Engineer,Analytics Engineer,"Dnipro, Ukraine",via Glassdoor,Full-time,False,Ukraine,2026-08-18 02:47:11,False,True,Ukraine,,,
3345,31,Business Analyst,Junior Business Analyst,Anywhere,via Xing,Full-time,True,Ukraine,2026-09-08 20:20:49,False,True,Ukraine,,,
3346,42,Senior Data Analyst,Lead Data Analyst,"Kharkiv, Ukraine",via Rabota.ua,Internship,False,Ukraine,2026-09-19 02:38:42,False,False,Ukraine,year,39975.0,
3347,46,Data Analyst,Product Data Analyst,Anywhere,via Work.ua,Part-time,True,Poland,2026-09-25 16:39:00,False,False,Poland,,,
3348,82,Data Engineer,Power BI Developer,"Dusseldorf, Germany",via StepStone,Part-time,False,Germany,2026-09-10 18:23:06,True,False,Germany,,,
3349,52,Data Analyst,Data Analyst (Finance),"Warsaw, Poland",via Robota.ua,Part-time,True,Poland,2026-08-25 03:49:58,True,False,Poland,,,
3350,11,Senior Data Analyst,Senior Data Analyst,"Lviv, Ukraine",via Indeed,Full-time,False,Ukraine,2026-09-02 04:38:22,False,False,Ukraine,,,
3351,38,Senior Data Analyst,Senior Data Analyst,"Kharkiv, Ukraine",via Work.ua,Contractor,False,Ukraine,2026-08-19 22:23:59,False,False,Ukraine,,,
3352,83,Data Analyst,Junior Data Analyst,"Cologne, Germany",via Robota.ua,Full-time,False,Germany,2026-08-16 19:01:00,True,True,Germany,,,
3353,89,Data Engineer,ETL Developer,"Hamburg, Germany",via Pracuj.pl,Full-time,True,Germany,2026-09-23 06:59:22,True,False,Germany,year,58133.0,
3354,129,Data Analyst,Data Analyst,"Dnipro, Ukraine",via Work.ua,Part-time,False,Ukraine,2026-09-20 00:20:14,False,False,Ukraine,,,
3355,58,Business Analyst,Business Analyst,"Krakow, Poland",via StepStone,Full-time,False,Poland,2026-09-08 03:51:45,True,True,Poland,,,
3356,114,Data Analyst,Product Data Analyst,"Kyiv, Ukraine",via NoFluffJobs,Full-time,False,Ukraine,2026-09-24 12:15:43,True,False,Ukraine,,,
3357,90,Data Analyst,Data Analyst (Marketing),"Dusseldorf, Germany",via Rabota.ua,Contractor,False,Germany,2026-09-15 19:32:53,False,False,Germany,,,
3358,85,Senior Data Engineer,Senior Data Engineer,"Cologne, Germany",via Indeed,Internship,False,Germany,2026-08-25 11:10:22,False,True,Germany,,,
3359,50,Data Analyst,Data Analyst (Marketing),"Katowice, Poland",via Pracuj.pl,Full-time,True,Poland,2026-08-19 19:52:11,False,False,Poland,year,36467.0,
3360,95,Senior Data Scientist,Senior Data Scientist,"Dusseldorf, Germany",via Djinni,Part-time,True,Germany,2026-08-31 12:57:44,True,True,Germany,,,
3361,74,Data Scientist,Data Scientist,"Warsaw, Poland",via Djinni,Full-time,False,Poland,2026-09-02 15:05:03,False,False,Poland,,,
3362,54,Data Analyst,Data Analyst,"Gdansk, Poland",via Indeed,Contractor,False,Poland,2026-08-15 13:13:09,False,False,Poland,,,
3363,32,Senior Data Analyst,Lead Data Analyst,"Vinnytsia, Ukraine",via Xing,Part-time,False,Ukraine,2026-08-21 10:11:48,False,True,Ukraine,,,
3364,93,Data Analyst,Data Quality Analyst,"Hamburg, Germany",via Indeed,Full-time,False,Germany,2026-08-29 00:01:53,True,True,Germany,,,
3365,129,Data Engineer,BI Developer,"Odesa, Ukraine",via Pracuj.pl,Part-time,True,Ukraine,2026-09-09 06:44:32,False,True,Ukraine,,,
3366,114,Data Analyst,Data Quality Analyst,"Ivano-Frankivsk, Ukraine",via Work.ua,Full-time,False,Ukraine,2026-08-15 00:48:46,False,False,Ukraine,year,23488.0,
3367,63,Data Analyst,Data Analyst,"Warsaw, Poland",via Glassdoor,Full-time,False,Poland,2026-08-20 05:43:16,False,False,Poland,,,
3368,43,Data Analyst,Junior Data Analyst,"Kharkiv, Ukraine",via Xing,Internship,True,Ukraine,2026-09-04 10:56:19,True,True,Ukraine,year,11638.0,
3369,5,Data Engineer,Junior Data Engineer,"Kyiv, Ukraine",via Rabota.ua,Part-time,False,Ukraine,2026-08-17 07:32:43,False,False,Ukraine,,,
3370,114,Data Analyst,Junior Data Analyst,"Kyiv, Ukraine",via Work.ua,Part-time,False,Ukraine,2026-09-06 09:50:06,True,False,Ukraine,,,
3371,1,Machine Learning Engineer,Machine Learning Engineer,"Kharkiv, Ukraine",via Robota.ua,Internship,False,Ukraine,2026-09-09 23:34:26,True,True,Ukraine,year,21723.0,
3372,53,Data Analyst,Data Analyst (Marketing),"Poznan, Poland",via StepStone,Internship,False,Poland,2026-08-26 01:38:54,False,False,Poland,,,
3373,46,Data Analyst,Data Analyst (Finance),"Warsaw, Poland",via Indeed,Full-time,False,Poland,2026-09-22 09:19:09,True,True,Poland,year,25215.0,
3374,116,Data Analyst,Product Data Analyst,"Cologne, Germany",via Rabota.ua,Part-time,False,Germany,2026-08-16 02:12:27,False,False,Germany,,,
3375,30,Data Analyst,Data Analyst (Marketing),"Ivano-Frankivsk, Ukraine",via Robota.ua,Part-time,False,Ukraine,2026-09-11 05:22:55,False,False,Ukraine,,,
3376,37,Data Engineer,ETL Developer,"Odesa, Ukraine",via Pracuj.pl,Full-time,True,Ukraine,2026-08-20 20:56:39,False,False,Ukraine,,,
3377,35,Data Analyst,Data Analyst,"Kyiv, Ukraine",via LinkedIn,Part-time,False,Ukraine,2026-08-27 21:13:05,False,False,Ukraine,,,
3378,93,Senior Data Analyst,Lead Data Analyst,"Hamburg, Germany",via Rabota.ua,Part-time,False,Germany,2026-09-20 01:02:37,True,False,Germany,,,
3379,3,Data Analyst,Data Quality Analyst,"Ivano-Frankivsk, Ukraine",via Rabota.ua,Full-time,True,Ukraine,2026-09-13 23:31:20,True,False,Ukraine,year,23647.0,
3380,38,Senior Data Engineer,Senior Data Engineer,"Lviv, Ukraine",via Rabota.ua,Full-time,False,Ukraine,2026-09-19 22:34:23,False,False,Ukraine,,,
3381,58,Data Analyst,Data Quality Analyst,"Poznan, Poland",via Glassdoor,Part-time,False,Poland,2026-09-13 21:36:12,False,False,Poland,,,
3382,46,Data Engineer,ETL Developer,"Warsaw, Poland",via LinkedIn,Full-time,False,Poland,2026-09-02 10:14:01,True,False,Poland,,,
3383,132,Data Analyst,Data Analyst (Marketing),"Dnipro, Ukraine",via Xing,Part-time,True,Ukraine,2026-08-20 13:32:31,False,False,Ukraine,,,
3384,108,Data Scientist,Junior Data Scientist,"Munich, Germany",via Robota.ua,Full-time,False,Germany,2026-09-21 16:48:12,False,True,Germany,,,
3385,86,Data Analyst,Data Analyst (Finance),"Frankfurt, Germany",via Rabota.ua,Full-time,False,Germany,2026-09-14 04:30:43,False,False,Germany,,,
3386,36,Senior Data Analyst,Senior Data Analyst,"Odesa, Ukraine",via Rabota.ua,Contractor,False,Ukraine,2026-09-12 08:03:32,False,True,Ukraine,,,
3387,10,Data Analyst,Data Analyst,Anywhere,via Indeed,Full-time,True,Ukraine,2026-09-14 19:56:44,False,True,Ukraine,,,
3388,128,Data Engineer,Junior Data Engineer,"Poznan, Poland",via Glassdoor,Full-time,False,Poland,2026-08-21 11:54:19,False,True,Poland,year,20306.0,
3389,125,Business Analyst,Business Analyst,"Stuttgart, Germany",via Glassdoor,Full-time,False,Germany,2026-08-18 11:24:20,True,False,Germany,year,55179.0,
3390,58,Business Analyst,Junior Business Analyst,"Gdansk, Poland",via StepStone,Internship,False,Poland,2026-09-17 00:27:36,False,False,Poland,,,
3391,102,Senior Data Analyst,Senior Data Analyst,"Hamburg, Germany",via Xing,Full-time,False,Germany,2026-09-16 15:06:45,True,True,Germany,,,
3392,129,Machine Learning Engineer,Machine Learning Engineer,"Kharkiv, Ukraine",via Xing,Contractor,False,Ukraine,2026-08-22 01:23:29,True,False,Ukraine,,,
3393,76,Data Analyst,Data Analyst (Marketing),"Krakow, Poland",via StepStone,Internship,False,Poland,2026-09-02 01:06:50,False,True,Poland,,,
3394,32,Data Scientist,Junior Data Scientist,"Kyiv, Ukraine",via Work.ua,Full-time,False,Ukraine,2026-09-23 13:56:08,False,True,Ukraine,year,11936.0,
3395,97,Data Engineer,Power BI Developer,"Dusseldorf, Germany",via Indeed,Part-time,False,Germany,2026-08-25 12:51:59,False,False,Germany,,,
3396,106,Data Analyst,Junior Data Analyst,"Cologne, Germany",via Djinni,Full-time,False,Germany,2026-09-10 16:41:53,False,False,Germany,year,39041.0,
3397,47,Senior Data Scientist,Senior Data Scientist,"Katowice, Poland",via Work.ua,Full-time,False,Poland,2026-08-21 05:00:53,False,True,Poland,,,
3398,29,Data Engineer,Analytics Engineer,"Kharkiv, Ukraine",via Xing,Full-time,False,Ukraine,2026-09-18 22:19:49,True,True,Ukraine,,,
3399,124,Senior Data Analyst,Senior Data Analyst,"Hamburg, Germany",via Work.ua,Part-time,False,Germany,2026-08-20 13:45:06,False,False,Germany,,,
3400,109,Data Analyst,Data Analyst (Marketing),Anywhere,via Rabota.ua,Full-time,True,Germany,2026-09-17 17:02:25,False,True,Germany,,,
3401,40,Business Analyst,Junior Business Analyst,"Kharkiv, Ukraine",via Robota.ua,Contractor,False,Ukraine,2026-08-20 12:59:18,True,False,Ukraine,,,
3402,13,Data Analyst,Junior Data Analyst,"Kyiv, Ukraine",via Djinni,Full-time,False,Ukraine,2026-08-24 03:48:08,False,False,Ukraine,,,
3403,14,Senior Data Engineer,Lead Data Engineer,"Kyiv, Ukraine",via Robota.ua,Full-time,False,Ukraine,2026-08-17 18:06:13,False,False,Ukraine,,,
3404,77,Senior Data Engineer,Lead Data Engineer,"Wroclaw, Poland",via Djinni,Full-time,False,Poland,2026-09-03 09:46:58,False,False,Poland,,,
3405,114,Data Scientist,Junior Data Scientist,Anywhere,via NoFluffJobs,Full-time,True,Ukraine,2026-09-07 05:14:20,False,False,Ukraine,,,
3406,36,Data Engineer,Power BI Developer,"Odesa, Ukraine",via Indeed,Full-time,False,Ukraine,2026-09-22 14:10:23,False,True,Ukraine,year,19294.0,
3407,30,Data Engineer,Power BI Developer,Anywhere,via Robota.ua,Part-time,True,Ukraine,2026-09-08 21:29:49,False,True,Ukraine,,,
3408,66,Senior Data Engineer,Senior Data Engineer,"Warsaw, Poland",via Work.ua,Internship,False,Poland,2026-08-16 03:50:42,True,False,Poland,,,
3409,40,Senior Data Scientist,Senior Data Scientist,"Kharkiv, Ukraine",via Djinni,Part-time,True,Ukraine,2026-08-15 08:12:44,False,False,Ukraine,,,
3410,125,Data Analyst,Product Data Analyst,"Munich, Germany",via LinkedIn,Contractor,False,Germany,2026-09-12 00:39:39,False,False,Germany,year,57274.0,
3411,113,Data Engineer,ETL Developer,"Cologne, Germany",via Pracuj.pl,Contractor,False,Germany,2026-08-29 17:36:35,False,True,Germany,,,
3412,66,Data Analyst,Data Analyst,"Katowice, Poland",via Pracuj.pl,Full-time,False,Poland,2026-09-11 07:06:32,False,True,Poland,,,
3413,51,Machine Learning Engineer,Machine Learning Engineer,"Lodz, Poland",via Glassdoor,Internship,False,Poland,2026-09-02 16:59:59,False,False,Poland,,,
3414,22,Data Engineer,Junior Data Engineer,"Lviv, Ukraine",via Xing,Part-time,False,Ukraine,2026-09-02 09:37:20,False,True,Ukraine,year,10783.0,
3415,84,Data Analyst,Data Analyst,"Berlin, Germany",via LinkedIn,Contractor,False,Germany,2026-09-09 18:24:30,False,True,Germany,,,
3416,5,Business Analyst,Business Intelligence Analyst,Anywhere,via StepStone,Full-time,True,Ukraine,2026-08-18 11:47:08,False,True,Ukraine,,,
3417,112,Data Engineer,Analytics Engineer,Anywhere,via Indeed,Internship,True,Germany,2026-09-15 17:28:39,False,True,Germany,,,
3418,85,Data Analyst,Business Data Analyst,"Frankfurt, Germany",via Xing,Part-time,False,Germany,2026-09-10 21:37:50,False,False,Germany,,,
3419,108,Senior Data Analyst,Senior Data Analyst,"Cologne, Germany",via Work.ua,Contractor,True,Germany,2026-09-21 22:41:27,True,True,Germany,,,
3420,35,Senior Data Engineer,Lead Data Engineer,"Kyiv, Ukraine",via Work.ua,Full-time,True,Ukraine,2026-09-14 16:19:39,False,False,Ukraine,,,
3421,71,Data Engineer,ETL Developer,"Warsaw, Poland",via Glassdoor,Full-time,False,Poland,2026-08-29 06:48:35,True,False,Poland,,,
3422,115,Data Analyst,Product Data Analyst,"Ivano-Frankivsk, Ukraine",via Glassdoor,Full-time,False,Ukraine,2026-08-24 08:13:18,False,True,Ukraine,,,
3423,72,Data Analyst,Data Quality Analyst,"Gdansk, Poland",via Rabota.ua,Part-time,True,Poland,2026-09-14 20:15:25,True,False,Poland,year,33858.0,
3424,101,Data Engineer,Analytics Engineer,"Hamburg, Germany",via Work.ua,Full-time,False,Germany,2026-09-18 10:39:46,False,False,Germany,year,58020.0,
3425,2,Senior Data Analyst,Lead Data Analyst,"Odesa, Ukraine",via Xing,Part-time,False,Ukraine,2026-09-08 01:21:09,False,False,Ukraine,,,
3426,127,Data Scientist,Junior Data Scientist,"Munich, Germany",via Indeed,Part-time,False,Germany,2026-09-02 01:39:19,False,False,Germany,,,
3427,132,Senior Data Analyst,Senior Data Analyst,"Ivano-Frankivsk, Ukraine",via StepStone,Contractor,True,Ukraine,2026-08-18 00:05:13,False,True,Ukraine,hour,,17.47
3428,79,Senior Data Analyst,Lead Data Analyst,"Frankfurt, Germany",via Robota.ua,Full-time,False,Germany,2026-09-16 19:33:20,True,True,Germany,,,
3429,78,Senior Data Analyst,Senior Data Analyst,"Stuttgart, Germany",via Djinni,Full-time,False,Germany,2026-08-30 02:02:45,True,True,Germany,,,
3430,118,Data Engineer,Analytics Engineer,"Ivano-Frankivsk, Ukraine",via Glassdoor,Full-time,False,Ukraine,2026-08-29 11:36:20,True,False,Ukraine,,,
3431,99,Data Analyst,Data Quality Analyst,Anywhere,via StepStone,Full-time,True,Germany,2026-08-30 07:13:03,False,True,Germany,,,
3432,19,Data Engineer,Data Engineer,Anywhere,via Glassdoor,Internship,True,Ukraine,2026-08-16 01:05:52,True,True,Ukraine,,,
3433,65,Senior Data Analyst,Senior Data Analyst,"Katowice, Poland",via NoFluffJobs,Internship,True,Poland,2026-09-09 08:01:47,False,True,Poland,,,
3434,61,Data Analyst,Product Data Analyst,"Wroclaw, Poland",via NoFluffJobs,Full-time,False,Poland,2026-09-11 22:15:57,False,True,Poland,,,
3435,106,Business Analyst,Business Intelligence Analyst,"Frankfurt, Germany",via Xing,Full-time,False,Germany,2026-08-20 16:17:18,True,True,Germany,,,
3436,56,Data Engineer,BI Developer,Anywhere,via Robota.ua,Contractor,True,Poland,2026-08-27 02:51:15,False,False,Poland,,,
3437,8,Senior Data Engineer,Lead Data Engineer,"Kharkiv, Ukraine",via Work.ua,Full-time,False,Ukraine,2026-08-20 21:27:21,False,True,Ukraine,,,
3438,35,Data Engineer,Power BI Developer,"Vinnytsia, Ukraine",via Xing,Contractor,False,Ukraine,2026-08-30 04:18:26,True,False,Ukraine,,,
3439,53,Senior Data Analyst,Senior Data Analyst,"Katowice, Poland",via Glassdoor,Full-time,False,Poland,2026-09-24 04:17:58,False,False,Poland,,,
3440,104,Machine Learning Engineer,Machine Learning Engineer,"Hamburg, Germany",via Robota.ua,Full-time,True,Germany,2026-09-19 06:28:53,True,True,Germany,year,56259.0,
3441,17,Data Scientist,Junior Data Scientist,"Kharkiv, Ukraine",via Glassdoor,Full-time,False,Ukraine,2026-09-14 05:17:49,True,True,Ukraine,,,
3442,105,Business Analyst,BI Analyst,"Stuttgart, Germany",via NoFluffJobs,Full-time,False,Germany,2026-09-22 17:31:27,False,False,Germany,,,
3443,94,Data Analyst,Data Quality Analyst,"Munich, Germany",via Work.ua,Full-time,False,Germany,2026-09-16 05:42:54,True,False,Germany,,,
3444,12,Data Analyst,Product Data Analyst,"Kyiv, Ukraine",via Rabota.ua,Full-time,False,Ukraine,2026-09-01 23:20:05,False,True,Ukraine,year,20898.0,
3445,96,Software Engineer,Data Software Engineer,"Munich, Germany",via Pracuj.pl,Internship,False,Germany,2026-09-03 05:27:20,False,False,Germany,,,
3446,36,Data Analyst,Product Data Analyst,"Vinnytsia, Ukraine",via StepStone,Internship,True,Ukraine,2026-09-07 21:35:38,False,True,Ukraine,year,20560.0,
3447,27,Senior Data Analyst,Senior Data Analyst,"Vinnytsia, Ukraine",via StepStone,Full-time,False,Ukraine,2026-08-18 09:46:32,False,True,Ukraine,,,
3448,104,Data Analyst,Data Quality Analyst,Anywhere,via Pracuj.pl,Part-time,True,Germany,2026-09-12 16:18:29,True,True,Germany,,,
3449,106,Data Scientist,Data Scientist,"Berlin, Germany",via LinkedIn,Full-time,False,Germany,2026-09-09 01:18:08,False,False,Germany,,,
3450,8,Business Analyst,Business Analyst,"Vinnytsia, Ukraine",via NoFluffJobs,Contractor,True,Ukraine,2026-09-07 19:48:57,False,True,Ukraine,year,17957.0,
3451,91,Senior Data Analyst,Lead Data Analyst,"Frankfurt, Germany",via Djinni,Internship,False,Germany,2026-09-18 18:12:23,False,True,Germany,,,
3452,33,Data Analyst,Data Quality Analyst,"Dnipro, Ukraine",via Djinni,Full-time,False,Ukraine,2026-09-14 22:14:48,False,True,Ukraine,,,
3453,87,Senior Data Engineer,Senior Data Engineer,"Stuttgart, Germany",via LinkedIn,Full-time,False,Germany,2026-09-03 22:47:01,False,False,Germany,year,76576.0,
3454,50,Senior Data Scientist,Senior Data Scientist,"Poznan, Poland",via Indeed,Full-time,False,Poland,2026-08-23 20:10:20,True,True,Poland,,,
3455,60,Senior Data Analyst,Senior Data Analyst,Anywhere,via Xing,Contractor,True,Poland,2026-09-09 00:16:02,True,True,Poland,,,
3456,49,Senior Data Analyst,Senior Data Analyst,"Gdansk, Poland",via NoFluffJobs,Contractor,False,Poland,2026-09-08 09:36:19,False,False,Poland,,,
3457,125,Senior Data Analyst,Lead Data Analyst,"Hamburg, Germany",via Indeed,Full-time,True,Germany,2026-08-20 16:34:08,False,True,Germany,,,
3458,99,Business Analyst,Business Intelligence Analyst,"Munich, Germany",via Robota.ua,Contractor,False,Germany,2026-08-29 10:28:50,True,False,Germany,,,
3459,2,Senior Data Engineer,Senior Data Engineer,"Dnipro, Ukraine",via Rabota.ua,Internship,True,Ukraine,2026-09-03 14:11:41,True,False,Ukraine,,,
3460,91,Data Analyst,Data Analyst,"Stuttgart, Germany",via Rabota.ua,Full-time,False,Germany,2026-08-16 23:47:30,False,True,Germany,,,
3461,100,Data Engineer,Junior Data Engineer,"Stuttgart, Germany",via LinkedIn,Full-time,False,Germany,2026-08-21 04:01:07,True,False,Germany,,,
3462,74,Data Analyst,Data Analyst (Finance),"Krakow, Poland",via NoFluffJobs,Part-time,False,Poland,2026-08-28 19:01:51,True,True,Poland,,,
3463,83,Senior Data Engineer,Senior Data Engineer,"Cologne, Germany",via LinkedIn,Contractor,True,Germany,2026-09-13 21:08:22,False,True,Germany,,,
3464,21,Cloud Engineer,Cloud Data Engineer,"Lviv, Ukraine",via Glassdoor,Full-time,False,Ukraine,2026-09-13 08:11:38,True,False,Ukraine,,,
3465,99,Senior Data Scientist,Senior Data Scientist,Anywhere,via StepStone,Full-time,True,Germany,2026-09-18 17:21:58,True,True,Germany,,,
3466,70,Data Engineer,Power BI Developer,Anywhere,via Pracuj.pl,Full-time,True,Poland,2026-08-23 19:51:35,False,False,Poland,,,
3467,89,Data Engineer,BI Developer,Anywhere,via Robota.ua,Part-time,True,Germany,2026-09-13 16:09:49,False,True,Germany,,,
3468,75,Data Analyst,Junior Data Analyst,"Wroclaw, Poland",via Xing,Full-time,False,Poland,2026-08-27 00:09:04,True,False,Poland,year,14920.0,
3469,84,Data Analyst,Data Analyst (Marketing),Anywhere,via Robota.ua,Full-time,True,Germany,2026-09-16 03:03:46,False,True,Germany,,,
3470,131,Data Analyst,Junior Data Analyst,"Kharkiv, Ukraine",via Work.ua,Contractor,False,Ukraine,2026-08-16 18:25:01,True,False,Ukraine,,,
3471,71,Data Engineer,ETL Developer,"Lodz, Poland",via Xing,Full-time,False,Poland,2026-09-24 18:07:03,True,True,Poland,,,
3472,55,Data Analyst,Data Analyst (Finance),"Wroclaw, Poland",via Glassdoor,Full-time,True,Poland,2026-08-18 09:54:36,False,False,Poland,,,
3473,13,Business Analyst,Business Intelligence Analyst,"Lviv, Ukraine",via Djinni,Full-time,True,Ukraine,2026-09-14 10:15:20,True,False,Ukraine,,,
3474,112,Data Engineer,Junior Data Engineer,"Dusseldorf, Germany",via Pracuj.pl,Full-time,False,Germany,2026-09-03 18:05:17,False,True,Germany,,,
3475,40,Data Engineer,Data Engineer,"Ivano-Frankivsk, Ukraine",via Robota.ua,Contractor,True,Ukraine,2026-09-22 04:19:11,False,False,Ukraine,,,
3476,116,Machine Learning Engineer,Machine Learning Engineer,"Stuttgart, Germany",via LinkedIn,Full-time,False,Germany,2026-09-06 14:47:02,False,True,Germany,,,
3477,16,Data Engineer,Junior Data Engineer,"Kharkiv, Ukraine",via LinkedIn,Full-time,False,Ukraine,2026-09-22 10:17:05,True,False,Ukraine,,,
3478,12,Data Scientist,Data Scientist,"Kharkiv, Ukraine",via Pracuj.pl,Full-time,False,Ukraine,2026-09-03 00:45:21,False,True,Ukraine,,,
3479,66,Senior Data Scientist,Senior Data Scientist,"Lodz, Poland",via Pracuj.pl,Contractor,True,Poland,2026-08-31 17:28:40,False,False,Poland,year,50896.0,
3480,126,Data Scientist,Data Scientist,"Kyiv, Ukraine",via Indeed,Full-time,True,Ukraine,2026-08-22 15:17:51,False,False,Ukraine,,,
3481,48,Business Analyst,Business Intelligence Analyst,Anywhere,via NoFluffJobs,Full-time,True,Poland,2026-09-25 03:30:51,False,False,Poland,,,
3482,102,Data Analyst,Product Data Analyst,"Stuttgart, Germany",via Djinni,Full-time,False,Germany,2026-09-13 19:27:07,False,False,Germany,,,
3483,14,Data Scientist,Data Scientist,"Kharkiv, Ukraine",via Rabota.ua,Full-time,True,Ukraine,2026-09-19 13:59:34,False,False,Ukraine,,,
3484,26,Business Analyst,Business Intelligence Analyst,"Odesa, Ukraine",via Work.ua,Full-time,False,Ukraine,2026-09-16 01:49:56,False,False,Ukraine,,,
3485,26,Data Scientist,Junior Data Scientist,"Vinnytsia, Ukraine",via Work.ua,Internship,True,Ukraine,2026-09-08 04:59:15,False,True,Ukraine,,,
3486,87,Data Scientist,Data Scientist,"Stuttgart, Germany",via Robota.ua,Full-time,False,Germany,2026-09-18 19:21:24,False,True,Germany,,,
3487,12,Data Analyst,Data Quality Analyst,"Vinnytsia, Ukraine",via Robota.ua,Internship,False,Ukraine,2026-09-10 23:06:53,False,True,Ukraine,,,
3488,126,Data Engineer,Analytics Engineer,"Kyiv, Ukraine",via Xing,Full-time,False,Ukraine,2026-09-04 09:32:38,True,False,Ukraine,,,
3489,54,Data Analyst,Business Data Analyst,"Gdansk, Poland",via Work.ua,Full-time,False,Poland,2026-09-14 15:03:13,False,False,Poland,,,
3490,97,Senior Data Analyst,Senior Data Analyst,"Dusseldorf, Germany",via Glassdoor,Part-time,False,Germany,2026-09-15 22:50:51,False,False,Germany,year,84120.0,
3491,98,Data Engineer,Power BI Developer,"Stuttgart, Germany",via Robota.ua,Internship,False,Germany,2026-09-08 06:58:59,False,False,Germany,,,
3492,132,Data Analyst,Data Analyst,"Lviv, Ukraine",via Xing,Internship,True,Ukraine,2026-09-18 14:52:41,True,False,Ukraine,year,26690.0,
3493,10,Senior Data Engineer,Senior Data Engineer,"Odesa, Ukraine",via LinkedIn,Full-time,False,Ukraine,2026-09-21 08:31:47,True,True,Ukraine,,,
3494,77,Business Analyst,Business Analyst,"Lodz, Poland",via Glassdoor,Full-time,False,Poland,2026-08-20 18:59:55,False,True,Poland,,,
3495,117,Senior Data Engineer,Lead Data Engineer,"Warsaw, Poland",via Robota.ua,Part-time,False,Poland,2026-09-12 23:48:08,False,False,Poland,,,
3496,25,Machine Learning Engineer,Machine Learning Engineer,Anywhere,via NoFluffJobs,Internship,True,Ukraine,2026-09-18 15:37:16,False,False,Ukraine,year,16126.0,
3497,24,Data Analyst,Product Data Analyst,"Kharkiv, Ukraine",via Work.ua,Contractor,True,Ukraine,2026-08-15 13:49:44,False,True,Ukraine,,,
3498,5,Data Analyst,Data Quality Analyst,Anywhere,via Rabota.ua,Full-time,True,Ukraine,2026-09-16 16:22:52,True,False,Ukraine,year,22131.0,
3499,90,Senior Data Analyst,Senior Data Analyst,"Berlin, Germany",via Pracuj.pl,Full-time,False,Germany,2026-09-18 22:46:18,False,False,Germany,,,
3500,48,Data Engineer,Analytics Engineer,"Warsaw, Poland",via Rabota.ua,Contractor,False,Poland,2026-08-21 18:36:25,True,False,Poland,,,
3501,111,Business Analyst,Junior Business Analyst,Anywhere,via Robota.ua,Internship,True,Germany,2026-09-01 09:01:53,False,True,Germany,,,
3502,71,Machine Learning Engineer,Machine Learning Engineer,Anywhere,via Robota.ua,Full-time,True,Poland,2026-09-08 23:04:13,True,False,Poland,,,
3503,0,Data Analyst,Business Data Analyst,"Kyiv, Ukraine",via Pracuj.pl,Contractor,False,Ukraine,2026-09-12 00:23:29,False,True,Ukraine,,,
3504,6,Data Scientist,Junior Data Scientist,"Lviv, Ukraine",via StepStone,Full-time,False,Ukraine,2026-08-24 16:32:09,False,False,Ukraine,,,
3505,8,Data Scientist,Junior Data Scientist,"Vinnytsia, Ukraine",via LinkedIn,Part-time,False,Ukraine,2026-09-25 15:10:43,True,False,Ukraine,,,
3506,104,Data Analyst,Data Quality Analyst,"Cologne, Germany",via Pracuj.pl,Full-time,False,Germany,2026-09-24 13:54:53,False,False,Germany,,,
3507,88,Senior Data Analyst,Lead Data Analyst,"Dusseldorf, Germany",via NoFluffJobs,Full-time,False,Germany,2026-09-23 04:49:05,False,False,Germany,year,79055.0,
3508,62,Business Analyst,BI Analyst,Anywhere,via Work.ua,Full-time,True,Poland,2026-09-20 17:59:15,False,False,Poland,year,30424.0,
3509,89,Data Engineer,Data Engineer,"Hamburg, Germany",via Robota.ua,Full-time,True,Germany,2026-09-12 02:28:28,False,False,Germany,year,59043.0,
3510,3,Business Analyst,Business Intelligence Analyst,"Dnipro, Ukraine",via Rabota.ua,Internship,False,Ukraine,2026-09-10 21:29:27,False,True,Ukraine,,,
3511,90,Senior Data Engineer,Senior Data Engineer,"Berlin, Germany",via LinkedIn,Contractor,True,Germany,2026-09-12 03:23:53,False,True,Germany,,,
3512,3,Data Analyst,Product Data Analyst,"Kharkiv, Ukraine",via Pracuj.pl,Full-time,False,Ukraine,2026-08-15 11:31:13,True,True,Ukraine,,,
3513,111,Data Analyst,Data Quality Analyst,"Munich, Germany",via Pracuj.pl,Full-time,False,Germany,2026-09-25 17:33:16,False,False,Germany,,,
3514,57,Business Analyst,BI Analyst,"Wroclaw, Poland",via StepStone,Contractor,False,Poland,2026-09-06 01:59:18,False,False,Poland,,,
3515,87,Data Engineer,Analytics Engineer,"Dusseldorf, Germany",via StepStone,Full-time,False,Germany,2026-09-16 18:12:38,False,True,Germany,year,52670.0,
3516,34,Senior Data Analyst,Lead Data Analyst,"Vinnytsia, Ukraine",via StepStone,Internship,True,Ukraine,2026-09-07 05:07:18,False,True,Ukraine,,,
3517,71,Senior Data Engineer,Senior Data Engineer,"Gdansk, Poland",via Robota.ua,Contractor,True,Poland,2026-08-25 16:39:46,False,False,Poland,,,
3518,127,Business Analyst,BI Analyst,"Cologne, Germany",via Indeed,Internship,True,Germany,2026-09-24 23:42:21,False,True,Germany,,,
3519,103,Data Analyst,Data Analyst,"Dusseldorf, Germany",via StepStone,Contractor,False,Germany,2026-08-16 18:04:57,True,False,Germany,,,
3520,67,Data Engineer,Analytics Engineer,"Krakow, Poland",via Djinni,Full-time,False,Poland,2026-08-28 04:27:37,True,False,Poland,,,
3521,63,Data Engineer,Junior Data Engineer,"Poznan, Poland",via Djinni,Contractor,False,Poland,2026-09-25 09:17:41,False,False,Poland,,,
3522,50,Business Analyst,Business Intelligence Analyst,"Krakow, Poland",via LinkedIn,Full-time,False,Poland,2026-08-21 09:29:23,False,False,Poland,,,
3523,26,Business Analyst,Junior Business Analyst,"Dnipro, Ukraine",via Xing,Part-time,False,Ukraine,2026-09-06 12:56:18,False,True,Ukraine,year,14719.0,
3524,48,Senior Data Scientist,Senior Data Scientist,"Gdansk, Poland",via LinkedIn,Contractor,False,Poland,2026-09-18 07:06:45,False,True,Poland,year,38761.0,
3525,79,Data Analyst,Junior Data Analyst,"Stuttgart, Germany",via StepStone,Internship,False,Germany,2026-09-08 05:07:55,False,False,Germany,year,45079.0,
3526,76,Senior Data Engineer,Senior Data Engineer,Anywhere,via Xing,Part-time,True,Poland,2026-09-03 01:23:41,False,True,Poland,year,54742.0,
3527,88,Senior Data Analyst,Senior Data Analyst,"Berlin, Germany",via Work.ua,Full-time,False,Germany,2026-09-06 19:47:37,False,False,Germany,,,
3528,59,Data Analyst,Junior Data Analyst,"Wroclaw, Poland",via Djinni,Full-time,False,Poland,2026-09-01 04:01:42,False,False,Poland,year,21802.0,
3529,34,Data Analyst,Junior Data Analyst,"Kharkiv, Ukraine",via Xing,Full-time,True,Ukraine,2026-08-27 01:42:59,False,True,Ukraine,,,
3530,119,Data Scientist,Data Scientist,"Lviv, Ukraine",via Work.ua,Contractor,False,Ukraine,2026-09-11 22:46:45,True,True,Ukraine,year,18174.0,
3531,65,Data Analyst,Data Analyst (Finance),"Krakow, Poland",via Djinni,Full-time,False,Poland,2026-09-25 07:01:02,True,False,Poland,,,
3532,90,Senior Data Engineer,Senior Data Engineer,"Cologne, Germany",via Pracuj.pl,Full-time,False,Germany,2026-09-05 23:24:07,True,True,Germany,,,
3533,118,Data Engineer,Power BI Developer,"Kyiv, Ukraine",via LinkedIn,Full-time,False,Ukraine,2026-08-24 15:08:55,True,True,Ukraine,,,
3534,79,Business Analyst,BI Analyst,Anywhere,via StepStone,Full-time,True,Germany,2026-08-25 02:40:47,False,False,Germany,,,
3535,92,Data Scientist,Junior Data Scientist,"Stuttgart, Germany",via Xing,Full-time,False,Germany,2026-09-04 02:30:43,False,False,Germany,,,
3536,60,Data Analyst,Data Quality Analyst,Anywhere,via Robota.ua,Full-time,True,Poland,2026-08-31 04:32:09,True,True,Poland,,,
3537,22,Data Scientist,Junior Data Scientist,"Kharkiv, Ukraine",via Robota.ua,Full-time,False,Ukraine,2026-09-18 20:17:17,False,True,Ukraine,,,
3538,64,Data Scientist,Junior Data Scientist,"Poznan, Poland",via LinkedIn,Part-time,False,Poland,2026-09-20 16:44:10,False,True,Poland,,,
3539,102,Cloud Engineer,Cloud Data Engineer,"Frankfurt, Germany",via Pracuj.pl,Full-time,False,Germany,2026-09-08 01:37:32,True,False,Germany,year,54036.0,
3540,38,Data Scientist,Data Scientist,"Kharkiv, Ukraine",via Xing,Internship,False,Ukraine,2026-09-07 11:14:24,False,True,Ukraine,,,
3541,130,Senior Data Analyst,Lead Data Analyst,"Kyiv, Ukraine",via Glassdoor,Internship,False,Ukraine,2026-08-15 04:14:47,True,False,Ukraine,,,
3542,109,Data Analyst,Data Analyst (Finance),"Dusseldorf, Germany",via Robota.ua,Full-time,False,Germany,2026-08-22 18:33:46,False,False,Germany,,,
3543,128,Senior Data Engineer,Lead Data Engineer,"Warsaw, Poland",via Robota.ua,Full-time,False,Poland,2026-08-28 13:50:46,True,True,Poland,,,
3544,65,Machine Learning Engineer,Machine Learning Engineer,"Warsaw, Poland",via Glassdoor,Internship,False,Poland,2026-09-09 05:23:54,False,True,Poland,,,
3545,1,Data Analyst,Data Analyst,"Odesa, Ukraine",via Indeed,Contractor,False,Ukraine,2026-09-13 10:34:02,False,True,Ukraine,,,
3546,3,Data Analyst,Business Data Analyst,"Odesa, Ukraine",via Glassdoor,Full-time,False,Ukraine,2026-09-25 16:21:32,False,True,Ukraine,,,
3547,64,Machine Learning Engineer,Machine Learning Engineer,"Poznan, Poland",via Pracuj.pl,Full-time,False,Poland,2026-09-21 06:36:39,False,False,Poland,year,33430.0,
3548,123,Data Engineer,Junior Data Engineer,"Cologne, Germany",via Djinni,Part-time,True,Germany,2026-08-26 12:43:37,False,False,Germany,,,
3549,132,Data Engineer,ETL Developer,"Ivano-Frankivsk, Ukraine",via Work.ua,Full-time,False,Ukraine,2026-08-25 18:28:14,False,False,Ukraine,,,
3550,72,Senior Data Analyst,Lead Data Analyst,"Warsaw, Poland",via NoFluffJobs,Full-time,False,Poland,2026-09-04 12:13:36,True,True,Poland,year,38028.0,
3551,62,Data Analyst,Business Data Analyst,"Wroclaw, Poland",via Xing,Part-time,True,Poland,2026-09-05 22:06:35,False,True,Poland,,,
3552,118,Senior Data Engineer,Lead Data Engineer,"Vinnytsia, Ukraine",via Xing,Internship,False,Ukraine,2026-08-15 06:57:12,False,True,Ukraine,,,
3553,15,Data Analyst,Data Quality Analyst,"Odesa, Ukraine",via Rabota.ua,Contractor,True,Ukraine,2026-08-22 02:09:07,False,False,Ukraine,year,21686.0,
3554,43,Data Analyst,Data Analyst,Anywhere,via StepStone,Full-time,True,Ukraine,2026-09-14 13:38:34,True,False,Ukraine,,,
3555,110,Software Engineer,Data Software Engineer,"Munich, Germany",via Glassdoor,Contractor,False,Germany,2026-09-16 09:08:23,True,False,Germany,hour,,35.32
3556,123,Data Engineer,Data Engineer,"Dusseldorf, Germany",via Xing,Part-time,False,Germany,2026-09-22 23:23:22,True,False,Germany,year,70211.0,
3557,41,Business Analyst,Business Intelligence Analyst,"Ivano-Frankivsk, Ukraine",via Pracuj.pl,Full-time,True,Ukraine,2026-09-04 08:23:54,True,True,Ukraine,,,
3558,80,Data Engineer,ETL Developer,"Dusseldorf, Germany",via Xing,Full-time,False,Germany,2026-09-09 14:11:13,False,False,Germany,,,
3559,50,Data Scientist,Junior Data Scientist,"Gdansk, Poland",via Rabota.ua,Internship,False,Poland,2026-09-01 18:06:27,False,True,Poland,,,
3560,52,Data Scientist,Junior Data Scientist,"Wroclaw, Poland",via Pracuj.pl,Contractor,False,Poland,2026-09-15 17:35:03,False,True,Poland,,,
3561,104,Data Engineer,Junior Data Engineer,"Berlin, Germany",via Djinni,Full-time,True,Germany,2026-09-04 01:04:52,False,True,Germany,,,
3562,110,Data Analyst,Data Analyst (Marketing),"Dusseldorf, Germany",via Rabota.ua,Full-time,False,Germany,2026-09-04 20:34:03,False,False,Germany,,,
3563,101,Senior Data Analyst,Lead Data Analyst,"Frankfurt, Germany",via LinkedIn,Internship,True,Germany,2026-09-18 03:59:55,False,True,Germany,,,
3564,34,Machine Learning Engineer,Machine Learning Engineer,"Kyiv, Ukraine",via NoFluffJobs,Part-time,False,Ukraine,2026-09-02 16:58:33,False,False,Ukraine,,,
3565,115,Business Analyst,Business Intelligence Analyst,"Kyiv, Ukraine",via Indeed,Full-time,False,Ukraine,2026-09-12 06:55:06,True,False,Ukraine,year,20498.0,
3566,128,Business Analyst,BI Analyst,"Warsaw, Poland",via Xing,Contractor,False,Poland,2026-08-16 15:40:37,True,True,Poland,year,24125.0,
3567,16,Business Analyst,BI Analyst,"Dnipro, Ukraine",via Work.ua,Full-time,False,Ukraine,2026-08-21 05:18:40,True,False,Ukraine,,,
3568,14,Data Analyst,Business Data Analyst,"Kharkiv, Ukraine",via Indeed,Full-time,False,Ukraine,2026-08-26 22:49:07,False,True,Ukraine,,,
3569,12,Senior Data Scientist,Senior Data Scientist,"Kharkiv, Ukraine",via NoFluffJobs,Contractor,False,Ukraine,2026-09-21 04:55:24,False,False,Ukraine,,,
3570,100,Data Analyst,Product Data Analyst,"Stuttgart, Germany",via LinkedIn,Full-time,False,Germany,2026-09-23 15:18:26,False,True,Germany,,,
3571,78,Data Analyst,Product Data Analyst,"Stuttgart, Germany",via Robota.ua,Full-time,False,Germany,2026-08-15 03:14:33,False,False,Germany,,,
3572,87,Senior Data Scientist,Senior Data Scientist,"Frankfurt, Germany",via Glassdoor,Full-time,False,Germany,2026-09-24 06:09:14,False,True,Germany,,,
3573,21,Senior Data Engineer,Senior Data Engineer,"Kyiv, Ukraine",via LinkedIn,Contractor,False,Ukraine,2026-09-14 19:18:29,False,False,Ukraine,,,
3574,94,Data Scientist,Data Scientist,"Berlin, Germany",via NoFluffJobs,Internship,False,Germany,2026-09-09 08:07:55,False,False,Germany,year,68149.0,
3575,36,Data Analyst,Data Quality Analyst,"Vinnytsia, Ukraine",via Rabota.ua,Full-time,False,Ukraine,2026-08-21 19:42:40,False,False,Ukraine,,,
3576,47,Data Analyst,Junior Data Analyst,"Katowice, Poland",via Robota.ua,Internship,True,Poland,2026-08-22 04:01:35,False,False,Poland,,,
3577,99,Business Analyst,BI Analyst,"Hamburg, Germany",via Pracuj.pl,Full-time,False,Germany,2026-09-04 03:54:14,False,False,Germany,,,
3578,4,Business Analyst,Business Analyst,Anywhere,via Indeed,Full-time,True,Ukraine,2026-08-25 21:53:16,True,False,Ukraine,year,25772.0,
3579,33,Data Analyst,Data Analyst (Finance),"Lviv, Ukraine",via Indeed,Contractor,False,Ukraine,2026-08-17 17:12:09,False,False,Ukraine,,,
3580,33,Data Analyst,Data Analyst,"Odesa, Ukraine",via StepStone,Full-time,False,Ukraine,2026-09-08 01:24:01,True,True,Ukraine,,,
3581,24,Senior Data Analyst,Lead Data Analyst,"Kharkiv, Ukraine",via Work.ua,Full-time,False,Ukraine,2026-09-14 01:28:08,False,True,Ukraine,year,33634.0,
3582,87,Business Analyst,Junior Business Analyst,"Dusseldorf, Germany",via Work.ua,Full-time,True,Germany,2026-08-25 06:56:13,False,False,Germany,,,
3583,87,Business Analyst,Business Intelligence Analyst,"Frankfurt, Germany",via Robota.ua,Full-time,False,Germany,2026-08-21 06:05:43,False,False,Germany,,,
3584,124,Data Scientist,Junior Data Scientist,"Dusseldorf, Germany",via Indeed,Part-time,False,Germany,2026-09-03 20:27:31,True,False,Germany,,,
3585,106,Data Analyst,Business Data Analyst,Anywhere,via Glassdoor,Full-time,True,Germany,2026-09-24 06:53:04,True,False,Germany,,,
3586,68,Business Analyst,Business Analyst,"Katowice, Poland",via NoFluffJobs,Internship,True,Poland,2026-09-14 07:44:00,False,True,Poland,,,
3587,23,Data Engineer,Data Engineer,"Lviv, Ukraine",via Robota.ua,Contractor,False,Ukraine,2026-09-04 11:41:46,False,True,Ukraine,,,
3588,21,Data Engineer,ETL Developer,Anywhere,via Djinni,Full-time,True,Ukraine,2026-09-21 13:48:26,False,False,Ukraine,,,
3589,75,Data Analyst,Data Analyst (Finance),"Katowice, Poland",via LinkedIn,Contractor,False,Poland,2026-09-20 01:26:43,False,False,Poland,,,
3590,59,Business Analyst,Business Intelligence Analyst,"Lodz, Poland",via StepStone,Full-time,False,Poland,2026-09-04 03:47:24,True,False,Poland,,,
3591,121,Cloud Engineer,Cloud Data Engineer,"Frankfurt, Germany",via Work.ua,Full-time,True,Germany,2026-08-15 18:51:17,False,True,Germany,,,
3592,126,Data Analyst,Data Quality Analyst,"Kyiv, Ukraine",via StepStone,Part-time,False,Ukraine,2026-09-23 04:04:10,False,True,Ukraine,,,
3593,97,Data Engineer,Analytics Engineer,"Dusseldorf, Germany",via Pracuj.pl,Full-time,False,Germany,2026-08-17 18:59:59,True,False,Germany,year,62345.0,
3594,107,Data Engineer,Power BI Developer,"Stuttgart, Germany",via Pracuj.pl,Part-time,False,Germany,2026-08-19 12:50:22,False,False,Germany,,,
3595,101,Data Analyst,Data Analyst,"Hamburg, Germany",via Robota.ua,Full-time,False,Germany,2026-09-01 22:37:47,False,False,Germany,year,71127.0,
3596,116,Data Engineer,Data Engineer,Anywhere,via Pracuj.pl,Part-time,True,Germany,2026-09-13 09:54:45,False,True,Germany,,,
3597,89,Data Engineer,BI Developer,"Berlin, Germany",via Indeed,Contractor,False,Germany,2026-09-12 09:26:52,True,False,Germany,hour,,32.86
3598,107,Senior Data Scientist,Senior Data Scientist,Anywhere,via Xing,Part-time,True,Germany,2026-08-18 12:27:26,False,True,Germany,,,
3599,70,Data Analyst,Business Data Analyst,"Lodz, Poland",via Glassdoor,Full-time,False,Poland,2026-09-22 05:26:32,False,False,Poland,year,33499.0,
3600,55,Senior Data Scientist,Senior Data Scientist,"Warsaw, Poland",via StepStone,Contractor,False,Poland,2026-09-14 10:52:59,False,False,Poland,,,
3601,96,Senior Data Engineer,Lead Data Engineer,"Frankfurt, Germany",via Indeed,Contractor,False,Germany,2026-09-05 04:31:14,True,False,Germany,,,
3602,58,Machine Learning Engineer,Machine Learning Engineer,"Lodz, Poland",via Djinni,Full-time,False,Poland,2026-09-10 21:40:12,False,False,Poland,,,
3603,74,Data Analyst,Junior Data Analyst,"Krakow, Poland",via Robota.ua,Contractor,False,Poland,2026-09-05 02:08:20,True,True,Poland,,,
3604,32,Senior Data Analyst,Senior Data Analyst,"Ivano-Frankivsk, Ukraine",via Glassdoor,Contractor,False,Ukraine,2026-09-20 09:16:53,False,False,Ukraine,,,
3605,36,Data Analyst,Product Data Analyst,"Lviv, Ukraine",via Glassdoor,Internship,False,Ukraine,2026-09-13 02:50:01,False,True,Ukraine,,,
3606,2,Data Engineer,Analytics Engineer,"Lviv, Ukraine",via StepStone,Part-time,False,Ukraine,2026-09-06 21:11:30,False,True,Ukraine,,,
3607,63,Senior Data Scientist,Senior Data Scientist,Anywhere,via Djinni,Contractor,True,Poland,2026-08-19 07:30:59,False,True,Poland,,,
3608,108,Data Analyst,Product Data Analyst,"Munich, Germany",via Rabota.ua,Internship,True,Germany,2026-08-28 21:32:44,False,True,Germany,,,
3609,59,Data Analyst,Data Analyst (Marketing),"Poznan, Poland",via Robota.ua,Full-time,False,Poland,2026-09-20 18:25:28,True,False,Poland,year,37605.0,
3610,32,Data Analyst,Data Analyst (Finance),"Ivano-Frankivsk, Ukraine",via Djinni,Part-time,False,Ukraine,2026-09-23 21:18:28,True,True,Ukraine,,,
3611,19,Data Analyst,Data Analyst (Marketing),"Vinnytsia, Ukraine",via Djinni,Full-time,False,Ukraine,2026-08-20 05:31:40,False,True,Ukraine,,,
3612,87,Data Engineer,Data Engineer,"Stuttgart, Germany",via Rabota.ua,Contractor,False,Germany,2026-08-28 19:57:44,True,True,Germany,year,68027.0,
3613,56,Data Engineer,Data Engineer,"Krakow, Poland",via NoFluffJobs,Part-time,False,Poland,2026-09-16 14:09:51,True,False,Poland,year,25758.0,
3614,63,Machine Learning Engineer,Machine Learning Engineer,"Lodz, Poland",via Glassdoor,Part-time,False,Poland,2026-09-23 19:31:50,True,True,Poland,,,
3615,123,Data Analyst,Product Data Analyst,Anywhere,via Work.ua,Full-time,True,Germany,2026-09-05 23:26:04,False,False,Germany,,,
3616,43,Senior Data Engineer,Senior Data Engineer,Anywhere,via Djinni,Contractor,True,Ukraine,2026-08-27 09:20:55,False,False,Ukraine,,,
3617,75,Data Scientist,Data Scientist,Anywhere,via LinkedIn,Full-time,True,Poland,2026-08-23 08:31:07,False,False,Poland,,,
3618,91,Data Scientist,Junior Data Scientist,"Frankfurt, Germany",via Rabota.ua,Contractor,False,Germany,2026-09-22 13:59:24,False,False,Germany,,,
3619,63,Data Analyst,Junior Data Analyst,Anywhere,via StepStone,Contractor,True,Poland,2026-09-19 18:16:56,False,True,Poland,,,
3620,19,Data Analyst,Data Analyst (Finance),"Vinnytsia, Ukraine",via Rabota.ua,Internship,False,Ukraine,2026-08-21 13:25:06,True,False,Ukraine,,,
3621,41,Data Engineer,Analytics Engineer,"Kharkiv, Ukraine",via Pracuj.pl,Internship,False,Ukraine,2026-09-06 19:03:37,True,True,Ukraine,,,
3622,6,Data Analyst,Data Analyst,"Kharkiv, Ukraine",via LinkedIn,Full-time,False,Ukraine,2026-08-28 16:07:16,True,False,Ukraine,,,
3623,84,Software Engineer,Data Software Engineer,"Berlin, Germany",via Work.ua,Internship,False,Germany,2026-08-31 16:38:15,False,True,Germany,,,
3624,123,Data Analyst,Data Quality Analyst,"Stuttgart, Germany",via Glassdoor,Full-time,False,Germany,2026-09-11 08:07:16,False,False,Germany,,,
3625,17,Data Engineer,Power BI Developer,"Lviv, Ukraine",via Xing,Contractor,True,Ukraine,2026-09-25 07:59:24,False,True,Ukraine,hour,,8.98
3626,107,Data Analyst,Junior Data Analyst,"Stuttgart, Germany",via StepStone,Internship,False,Germany,2026-08-30 07:33:33,True,False,Germany,,,
3627,46,Business Analyst,BI Analyst,"Warsaw, Poland",via LinkedIn,Full-time,True,Poland,2026-09-01 21:25:59,False,True,Poland,year,26860.0,
3628,69,Data Engineer,BI Developer,"Krakow, Poland",via LinkedIn,Part-time,False,Poland,2026-08-23 19:33:56,False,True,Poland,,,
3629,11,Data Engineer,Analytics Engineer,"Ivano-Frankivsk, Ukraine",via Pracuj.pl,Part-time,False,Ukraine,2026-09-04 09:57:31,False,True,Ukraine,year,26042.0,
3630,111,Data Analyst,Product Data Analyst,"Stuttgart, Germany",via Work.ua,Internship,False,Germany,2026-09-08 12:06:09,False,True,Germany,,,
3631,64,Data Analyst,Data Analyst (Finance),"Gdansk, Poland",via NoFluffJobs,Internship,False,Poland,2026-09-16 14:16:29,True,True,Poland,,,
3632,129,Data Analyst,Data Quality Analyst,"Vinnytsia, Ukraine",via Rabota.ua,Full-time,False,Ukraine,2026-08-20 11:34:41,False,False,Ukraine,year,19062.0,
3633,49,Data Analyst,Data Analyst,"Krakow, Poland",via Pracuj.pl,Contractor,False,Poland,2026-08-17 02:55:54,True,False,Poland,,,
3634,72,Business Analyst,BI Analyst,"Wroclaw, Poland",via StepStone,Full-time,False,Poland,2026-09-06 13:29:07,True,False,Poland,,,
3635,30,Data Scientist,Junior Data Scientist,"Odesa, Ukraine",via Indeed,Contractor,True,Ukraine,2026-08-29 18:23:33,False,False,Ukraine,,,
3636,78,Data Analyst,Data Analyst (Marketing),Anywhere,via Glassdoor,Full-time,True,Germany,2026-09-11 23:18:48,False,False,Germany,,,
3637,56,Data Engineer,Data Engineer,"Lodz, Poland",via Rabota.ua,Contractor,False,Poland,2026-09-08 01:38:54,False,False,Poland,,,
3638,42,Software Engineer,Data Software Engineer,"Kyiv, Ukraine",via Pracuj.pl,Part-time,False,Ukraine,2026-09-07 13:42:26,True,True,Ukraine,,,
3639,24,Data Analyst,Business Data Analyst,"Ivano-Frankivsk, Ukraine",via Glassdoor,Full-time,False,Ukraine,2026-09-25 04:13:29,False,False,Ukraine,,,
3640,1,Senior Data Analyst,Lead Data Analyst,"Dnipro, Ukraine",via Pracuj.pl,Part-time,False,Ukraine,2026-09-22 19:22:50,False,True,Ukraine,,,
3641,10,Data Analyst,Data Analyst (Marketing),"Lviv, Ukraine",via Glassdoor,Part-time,False,Ukraine,2026-09-21 13:15:16,False,False,Ukraine,,,
3642,16,Data Analyst,Data Analyst (Marketing),"Odesa, Ukraine",via Rabota.ua,Internship,False,Ukraine,2026-09-21 19:05:28,False,True,Ukraine,year,23350.0,
3643,110,Data Analyst,Data Analyst (Marketing),Anywhere,via Glassdoor,Full-time,True,Germany,2026-09-06 11:42:51,True,False,Germany,year,62695.0,
3644,13,Senior Data Analyst,Lead Data Analyst,"Kyiv, Ukraine",via Work.ua,Full-time,False,Ukraine,2026-09-22 20:30:22,False,True,Ukraine,,,
3645,61,Business Analyst,Business Analyst,"Poznan, Poland",via Rabota.ua,Full-time,False,Poland,2026-08-21 16:41:24,True,False,Poland,,,
3646,87,Data Analyst,Junior Data Analyst,"Cologne, Germany",via NoFluffJobs,Internship,False,Germany,2026-09-02 13:36:47,False,True,Germany,,,
3647,93,Data Analyst,Junior Data Analyst,"Dusseldorf, Germany",via Pracuj.pl,Full-time,False,Germany,2026-09-08 11:59:49,False,False,Germany,year,39879.0,
3648,115,Senior Data Analyst,Senior Data Analyst,Anywhere,via Indeed,Internship,True,Ukraine,2026-09-16 04:33:30,True,False,Ukraine,,,
3649,92,Senior Data Analyst,Senior Data Analyst,"Cologne, Germany",via Rabota.ua,Internship,False,Germany,2026-09-21 08:31:27,False,False,Germany,,,
3650,4,Data Analyst,Data Analyst (Marketing),"Odesa, Ukraine",via NoFluffJobs,Internship,False,Ukraine,2026-09-24 06:25:58,True,True,Ukraine,,,
3651,98,Data Engineer,Data Engineer,"Frankfurt, Germany",via Xing,Full-time,False,Germany,2026-09-02 14:01:15,True,False,Germany,,,
3652,50,Data Analyst,Data Analyst,Anywhere,via Pracuj.pl,Full-time,True,Poland,2026-09-23 08:22:39,False,False,Poland,,,
3653,30,Data Analyst,Data Analyst,"Kharkiv, Ukraine",via Glassdoor,Full-time,False,Ukraine,2026-09-18 04:08:44,False,True,Ukraine,,,
3654,42,Data Engineer,Power BI Developer,"Kharkiv, Ukraine",via Djinni,Full-time,False,Ukraine,2026-08-20 02:25:31,True,False,Ukraine,,,
3655,15,Senior Data Scientist,Senior Data Scientist,"Odesa, Ukraine",via Djinni,Full-time,False,Ukraine,2026-09-23 17:49:40,False,False,Ukraine,,,
3656,54,Data Analyst,Business Data Analyst,"Wroclaw, Poland",via Pracuj.pl,Full-time,False,Poland,2026-09-17 07:55:28,False,True,Poland,year,33647.0,
3657,115,Data Analyst,Junior Data Analyst,"Vinnytsia, Ukraine",via Pracuj.pl,Part-time,False,Ukraine,2026-09-11 18:45:16,True,False,Ukraine,year,14960.0,
3658,29,Data Engineer,Power BI Developer,"Vinnytsia, Ukraine",via LinkedIn,Full-time,False,Ukraine,2026-09-15 21:35:38,True,False,Ukraine,year,17356.0,
3659,105,Senior Data Engineer,Senior Data Engineer,Anywhere,via NoFluffJobs,Part-time,True,Germany,2026-08-26 13:57:20,False,True,Germany,,,
3660,130,Data Engineer,BI Developer,"Lviv, Ukraine",via Work.ua,Full-time,False,Ukraine,2026-09-18 01:35:54,True,False,Ukraine,,,
3661,88,Data Analyst,Data Analyst (Finance),"Berlin, Germany",via Work.ua,Internship,False,Germany,2026-09-17 21:25:21,True,False,Germany,,,
3662,125,Data Engineer,Junior Data Engineer,"Hamburg, Germany",via Rabota.ua,Full-time,False,Germany,2026-09-03 19:01:00,False,False,Germany,year,48553.0,
3663,31,Senior Data Analyst,Senior Data Analyst,"Vinnytsia, Ukraine",via Xing,Full-time,False,Ukraine,2026-08-25 22:09:08,True,False,Ukraine,,,
3664,55,Senior Data Engineer,Lead Data Engineer,"Katowice, Poland",via Djinni,Full-time,False,Poland,2026-08-15 20:37:42,True,False,Poland,year,59764.0,
3665,50,Data Analyst,Data Analyst,"Poznan, Poland",via Work.ua,Full-time,False,Poland,2026-09-05 00:56:25,False,True,Poland,,,
3666,130,Data Analyst,Product Data Analyst,"Lviv, Ukraine",via Work.ua,Full-time,True,Ukraine,2026-09-12 20:43:10,False,True,Ukraine,,,
3667,100,Data Analyst,Data Analyst,"Munich, Germany",via Robota.ua,Full-time,True,Germany,2026-09-07 15:49:51,False,False,Germany,year,68066.0,
3668,97,Business Analyst,Business Analyst,"Munich, Germany",via Indeed,Full-time,True,Germany,2026-09-25 12:02:33,True,False,Germany,,,
3669,46,Data Engineer,Analytics Engineer,"Katowice, Poland",via NoFluffJobs,Full-time,False,Poland,2026-09-23 07:40:47,False,False,Poland,,,
3670,52,Data Analyst,Data Analyst,"Lodz, Poland",via Robota.ua,Full-time,False,Poland,2026-09-11 09:39:17,False,True,Poland,,,
3671,63,Business Analyst,Junior Business Analyst,"Lodz, Poland",via Djinni,Full-time,False,Poland,2026-09-25 22:57:55,False,True,Poland,,,
3672,46,Data Analyst,Data Quality Analyst,"Gdansk, Poland",via Indeed,Full-time,False,Poland,2026-09-18 18:01:31,False,True,Poland,,,
3673,131,Software Engineer,Data Software Engineer,"Odesa, Ukraine",via LinkedIn,Full-time,True,Ukraine,2026-09-17 10:13:48,False,True,Ukraine,,,
3674,76,Data Analyst,Data Analyst (Marketing),"Wroclaw, Poland",via StepStone,Full-time,True,Poland,2026-09-23 02:08:23,False,False,Poland,,,
3675,23,Senior Data Analyst,Lead Data Analyst,"Kharkiv, Ukraine",via Glassdoor,Full-time,False,Ukraine,2026-09-05 23:53:23,False,True,Ukraine,,,
3676,9,Data Engineer,ETL Developer,Anywhere,via Pracuj.pl,Full-time,True,Ukraine,2026-09-02 08:36:39,True,True,Ukraine,year,22151.0,
3677,59,Senior Data Analyst,Lead Data Analyst,Anywhere,via Work.ua,Part-time,True,Poland,2026-09-07 13:53:47,True,False,Poland,,,
3678,23,Senior Data Analyst,Senior Data Analyst,"Kharkiv, Ukraine",via Djinni,Full-time,False,Ukraine,2026-09-22 12:12:52,False,False,Ukraine,year,40132.0,
3679,85,Data Analyst,Junior Data Analyst,"Munich, Germany",via Work.ua,Part-time,False,Germany,2026-09-22 13:00:06,False,True,Germany,year,39754.0,
3680,59,Data Engineer,ETL Developer,"Lodz, Poland",via Pracuj.pl,Internship,False,Poland,2026-09-03 20:13:25,False,True,Poland,,,
3681,112,Data Analyst,Data Analyst (Marketing),"Stuttgart, Germany",via Djinni,Full-time,False,Germany,2026-08-20 16:30:13,False,False,Germany,,,
3682,14,Senior Data Analyst,Senior Data Analyst,"Kyiv, Ukraine",via Djinni,Internship,True,Ukraine,2026-08-22 02:56:16,True,True,Ukraine,,,
3683,33,Senior Data Engineer,Senior Data Engineer,Anywhere,via StepStone,Part-time,True,Ukraine,2026-08-15 05:15:25,False,True,Ukraine,,,
3684,65,Data Analyst,Data Analyst,Anywhere,via Pracuj.pl,Full-time,True,Poland,2026-08-24 16:09:15,True,False,Poland,year,25531.0,
3685,73,Data Analyst,Junior Data Analyst,"Katowice, Poland",via StepStone,Full-time,False,Poland,2026-08-25 21:44:00,False,True,Poland,,,
3686,125,Data Scientist,Junior Data Scientist,"Frankfurt, Germany",via StepStone,Internship,False,Germany,2026-08-15 17:45:56,True,False,Germany,,,
3687,62,Cloud Engineer,Cloud Data Engineer,"Katowice, Poland",via Glassdoor,Contractor,True,Poland,2026-08-20 19:47:45,False,False,Poland,,,
3688,129,Data Analyst,Data Quality Analyst,"Dnipro, Ukraine",via Work.ua,Part-time,False,Ukraine,2026-09-09 16:12:05,False,False,Ukraine,,,
3689,2,Data Analyst,Junior Data Analyst,"Vinnytsia, Ukraine",via Indeed,Full-time,False,Ukraine,2026-09-21 01:34:03,False,False,Ukraine,year,11398.0,
3690,34,Business Analyst,Business Analyst,"Kharkiv, Ukraine",via NoFluffJobs,Full-time,False,Ukraine,2026-08-29 22:53:55,False,True,Ukraine,,,
3691,121,Business Analyst,BI Analyst,"Munich, Germany",via Djinni,Full-time,False,Germany,2026-09-17 10:34:45,False,True,Germany,,,
3692,127,Data Analyst,Product Data Analyst,"Dusseldorf, Germany",via LinkedIn,Part-time,False,Germany,2026-09-15 07:32:38,True,False,Germany,,,
3693,78,Data Scientist,Data Scientist,"Stuttgart, Germany",via LinkedIn,Contractor,False,Germany,2026-08-27 10:31:08,False,True,Germany,,,
3694,87,Business Analyst,Business Intelligence Analyst,"Hamburg, Germany",via Djinni,Contractor,False,Germany,2026-08-26 05:35:14,False,False,Germany,,,
3695,56,Business Analyst,BI Analyst,"Wroclaw, Poland",via Indeed,Full-time,False,Poland,2026-09-22 13:58:37,False,False,Poland,year,28391.0,
3696,28,Business Analyst,BI Analyst,"Ivano-Frankivsk, Ukraine",via Glassdoor,Internship,True,Ukraine,2026-08-31 18:53:16,False,False,Ukraine,year,24647.0,
3697,62,Data Analyst,Data Quality Analyst,"Katowice, Poland",via LinkedIn,Full-time,False,Poland,2026-09-06 04:12:58,True,True,Poland,,,
3698,33,Senior Data Analyst,Lead Data Analyst,"Vinnytsia, Ukraine",via LinkedIn,Contractor,False,Ukraine,2026-08-17 15:12:07,False,False,Ukraine,,,
3699,5,Business Analyst,Business Intelligence Analyst,"Odesa, Ukraine",via Djinni,Part-time,False,Ukraine,2026-08-29 10:12:33,True,False,Ukraine,,,
3700,87,Data Scientist,Junior Data Scientist,"Dusseldorf, Germany",via Pracuj.pl,Contractor,True,Germany,2026-08-17 05:04:43,False,False,Germany,hour,,27.95
3701,60,Data Scientist,Data Scientist,"Lodz, Poland",via StepStone,Internship,False,Poland,2026-08-25 20:23:04,False,True,Poland,year,27916.0,
3702,104,Business Analyst,BI Analyst,"Stuttgart, Germany",via Robota.ua,Full-time,False,Germany,2026-09-06 19:49:05,True,True,Germany,,,
3703,108,Data Analyst,Business Data Analyst,"Hamburg, Germany",via Robota.ua,Internship,False,Germany,2026-08-18 20:55:31,False,False,Germany,year,60378.0,
3704,91,Software Engineer,Data Software Engineer,"Hamburg, Germany",via Work.ua,Part-time,True,Germany,2026-09-11 01:47:27,True,True,Germany,year,54695.0,
3705,109,Data Analyst,Junior Data Analyst,"Dusseldorf, Germany",via Djinni,Contractor,False,Germany,2026-08-15 23:27:54,False,True,Germany,,,
3706,83,Senior Data Analyst,Senior Data Analyst,"Hamburg, Germany",via Indeed,Contractor,False,Germany,2026-08-19 03:31:18,False,False,Germany,year,87116.0,
3707,75,Data Engineer,Analytics Engineer,"Warsaw, Poland",via LinkedIn,Contractor,False,Poland,2026-09-23 07:43:30,False,True,Poland,year,23159.0,
3708,40,Data Analyst,Data Quality Analyst,"Kharkiv, Ukraine",via Indeed,Contractor,False,Ukraine,2026-08-24 06:42:35,False,False,Ukraine,,,
3709,50,Data Engineer,Analytics Engineer,"Gdansk, Poland",via Robota.ua,Part-time,False,Poland,2026-09-01 12:23:57,False,True,Poland,,,
3710,99,Machine Learning Engineer,Machine Learning Engineer,Anywhere,via Pracuj.pl,Part-time,True,Germany,2026-09-21 01:58:37,False,True,Germany,year,67702.0,
3711,27,Data Engineer,Data Engineer,"Dnipro, Ukraine",via Glassdoor,Internship,False,Ukraine,2026-08-18 06:48:05,True,True,Ukraine,,,
3712,127,Data Scientist,Data Scientist,"Frankfurt, Germany",via Djinni,Contractor,False,Germany,2026-08-18 21:22:59,True,False,Germany,,,
3713,16,Senior Data Analyst,Lead Data Analyst,"Ivano-Frankivsk, Ukraine",via LinkedIn,Full-time,False,Ukraine,2026-09-10 16:59:44,False,True,Ukraine,year,32543.0,
3714,73,Data Analyst,Data Analyst,"Lodz, Poland",via Glassdoor,Full-time,False,Poland,2026-09-23 23:20:57,True,False,Poland,,,
3715,35,Data Scientist,Data Scientist,"Vinnytsia, Ukraine",via Djinni,Contractor,False,Ukraine,2026-09-18 21:29:31,True,True,Ukraine,,,
3716,12,Data Analyst,Data Analyst,"Vinnytsia, Ukraine",via Work.ua,Full-time,False,Ukraine,2026-08-26 05:44:11,False,True,Ukraine,,,
3717,36,Data Analyst,Data Analyst (Marketing),"Lviv, Ukraine",via Indeed,Part-time,False,Ukraine,2026-08-22 04:16:33,False,False,Ukraine,year,18939.0,
3718,64,Data Analyst,Business Data Analyst,"Warsaw, Poland",via Pracuj.pl,Part-time,False,Poland,2026-08-20 03:15:50,False,False,Poland,,,
3719,81,Senior Data Scientist,Senior Data Scientist,Anywhere,via Pracuj.pl,Full-time,True,Germany,2026-08-23 21:55:26,False,False,Germany,,,
3720,98,Machine Learning Engineer,Machine Learning Engineer,"Munich, Germany",via Robota.ua,Contractor,False,Germany,2026-09-09 07:11:59,False,False,Germany,,,
3721,124,Data Engineer,Power BI Developer,"Dusseldorf, Germany",via Work.ua,Part-time,False,Germany,2026-09-11 13:54:19,True,False,Germany,,,
3722,103,Business Analyst,Junior Business Analyst,"Dusseldorf, Germany",via Robota.ua,Full-time,False,Germany,2026-08-15 04:58:31,True,True,Germany,,,
3723,18,Senior Data Scientist,Senior Data Scientist,Anywhere,via LinkedIn,Full-time,True,Ukraine,2026-08-19 08:30:58,False,False,Ukraine,,,
3724,39,Business Analyst,Business Intelligence Analyst,Anywhere,via NoFluffJobs,Full-time,True,Ukraine,2026-08-27 02:28:03,False,False,Ukraine,,,
3725,54,Business Analyst,Junior Business Analyst,"Lodz, Poland",via LinkedIn,Part-time,False,Poland,2026-08-25 10:49:53,False,True,Poland,,,
3726,18,Data Analyst,Business Data Analyst,"Kharkiv, Ukraine",via Robota.ua,Full-time,True,Ukraine,2026-08-18 21:50:54,False,False,Ukraine,,,
3727,11,Senior Data Analyst,Senior Data Analyst,"Kyiv, Ukraine",via Djinni,Full-time,False,Ukraine,2026-09-14 11:33:44,False,True,Ukraine,,,
3728,6,Senior Data Analyst,Lead Data Analyst,"Kharkiv, Ukraine",via Pracuj.pl,Part-time,False,Ukraine,2026-09-23 20:13:37,False,False,Ukraine,,,
3729,14,Data Analyst,Business Data Analyst,"Dnipro, Ukraine",via Rabota.ua,Full-time,False,Ukraine,2026-09-09 21:11:20,False,False,Ukraine,,,
3730,115,Data Analyst,Data Analyst,"Lviv, Ukraine",via Work.ua,Full-time,True,Ukraine,2026-08-28 11:35:15,False,False,Ukraine,,,
3731,28,Business Analyst,Business Analyst,"Ivano-Frankivsk, Ukraine",via Djinni,Contractor,False,Ukraine,2026-09-08 11:39:14,False,True,Ukraine,,,
3732,0,Data Analyst,Data Analyst,"Kharkiv, Ukraine",via Rabota.ua,Full-time,False,Ukraine,2026-08-22 17:39:10,True,False,Ukraine,year,27993.0,
3733,67,Cloud Engineer,Cloud Data Engineer,"Poznan, Poland",via Xing,Full-time,False,Poland,2026-09-23 16:28:46,True,False,Poland,,,
3734,78,Business Analyst,BI Analyst,"Stuttgart, Germany",via Glassdoor,Internship,True,Germany,2026-08-21 04:37:43,False,False,Germany,,,
3735,0,Data Analyst,Data Analyst (Finance),"Kyiv, Ukraine",via LinkedIn,Contractor,True,Ukraine,2026-08-26 19:38:46,False,False,Ukraine,hour,,9.56
3736,119,Data Analyst,Product Data Analyst,"Lviv, Ukraine",via Indeed,Full-time,False,Ukraine,2026-09-23 23:48:04,True,False,Ukraine,year,16467.0,
3737,13,Data Analyst,Data Analyst,"Kyiv, Ukraine",via Indeed,Full-time,True,Ukraine,2026-09-08 10:17:14,False,True,Ukraine,,,
3738,12,Cloud Engineer,Cloud Data Engineer,"Vinnytsia, Ukraine",via Indeed,Full-time,False,Ukraine,2026-09-11 06:57:23,False,False,Ukraine,,,
3739,5,Senior Data Analyst,Senior Data Analyst,"Ivano-Frankivsk, Ukraine",via Pracuj.pl,Full-time,False,Ukraine,2026-09-24 18:10:40,False,True,Ukraine,,,
3740,40,Data Analyst,Junior Data Analyst,"Dnipro, Ukraine",via StepStone,Contractor,False,Ukraine,2026-09-10 02:00:55,True,False,Ukraine,,,
3741,121,Data Scientist,Junior Data Scientist,"Munich, Germany",via Djinni,Internship,False,Germany,2026-09-23 14:09:58,False,True,Germany,,,
3742,59,Data Engineer,Junior Data Engineer,"Lodz, Poland",via Glassdoor,Part-time,False,Poland,2026-09-10 01:46:05,True,False,Poland,year,15199.0,
3743,116,Data Engineer,Analytics Engineer,Anywhere,via Robota.ua,Full-time,True,Germany,2026-09-13 21:32:03,False,True,Germany,,,
3744,42,Data Analyst,Business Data Analyst,"Odesa, Ukraine",via Pracuj.pl,Part-time,False,Ukraine,2026-09-16 13:02:03,False,False,Ukraine,,,
3745,74,Business Analyst,Business Intelligence Analyst,"Gdansk, Poland",via NoFluffJobs,Internship,False,Poland,2026-08-16 23:48:38,False,False,Poland,,,
3746,64,Data Scientist,Junior Data Scientist,"Warsaw, Poland",via Xing,Contractor,False,Poland,2026-08-29 00:47:42,False,True,Poland,,,
3747,58,Software Engineer,Data Software Engineer,"Gdansk, Poland",via Work.ua,Part-time,False,Poland,2026-08-22 12:23:05,True,True,Poland,,,
3748,43,Data Engineer,BI Developer,"Dnipro, Ukraine",via Glassdoor,Full-time,True,Ukraine,2026-09-05 14:06:34,False,False,Ukraine,year,22226.0,
3749,29,Data Analyst,Data Quality Analyst,Anywhere,via StepStone,Internship,True,Ukraine,2026-09-22 15:02:33,False,False,Ukraine,,,
3750,71,Data Scientist,Data Scientist,"Wroclaw, Poland",via Rabota.ua,Full-time,False,Poland,2026-08-22 03:56:21,True,False,Poland,,,
3751,24,Business Analyst,Business Intelligence Analyst,"Lviv, Ukraine",via Glassdoor,Full-time,False,Ukraine,2026-09-14 07:22:22,False,False,Ukraine,,,
3752,124,Data Analyst,Data Analyst,"Munich, Germany",via NoFluffJobs,Contractor,False,Germany,2026-09-07 07:03:41,False,False,Germany,year,71243.0,
3753,28,Business Analyst,Junior Business Analyst,"Kharkiv, Ukraine",via Rabota.ua,Contractor,False,Ukraine,2026-09-24 19:56:47,False,True,Ukraine,,,
3754,114,Data Engineer,Data Engineer,"Dnipro, Ukraine",via Glassdoor,Full-time,False,Ukraine,2026-09-04 00:06:43,False,False,Ukraine,,,
3755,85,Data Scientist,Junior Data Scientist,"Cologne, Germany",via Glassdoor,Part-time,False,Germany,2026-09-04 17:36:19,False,False,Germany,,,
3756,35,Data Scientist,Junior Data Scientist,"Dnipro, Ukraine",via Robota.ua,Full-time,False,Ukraine,2026-09-16 23:53:19,False,False,Ukraine,,,
3757,39,Business Analyst,BI Analyst,"Odesa, Ukraine",via NoFluffJobs,Internship,True,Ukraine,2026-09-24 12:11:24,True,False,Ukraine,year,17037.0,
3758,20,Data Analyst,Product Data Analyst,"Ivano-Frankivsk, Ukraine",via Robota.ua,Full-time,False,Ukraine,2026-09-01 03:33:37,False,True,Ukraine,,,
3759,15,Data Analyst,Data Analyst (Marketing),"Odesa, Ukraine",via Rabota.ua,Full-time,False,Ukraine,2026-08-23 11:09:43,False,True,Ukraine,,,
3760,61,Senior Data Analyst,Lead Data Analyst,Anywhere,via Robota.ua,Part-time,True,Poland,2026-08-29 00:25:00,False,False,Poland,,,
3761,106,Senior Data Engineer,Senior Data Engineer,"Frankfurt, Germany",via NoFluffJobs,Part-time,False,Germany,2026-09-15 17:58:33,False,True,Germany,,,
3762,96,Data Analyst,Data Analyst (Marketing),"Munich, Germany",via Indeed,Part-time,False,Germany,2026-09-25 21:17:21,False,False,Germany,,,
3763,94,Cloud Engineer,Cloud Data Engineer,"Cologne, Germany",via Pracuj.pl,Contractor,False,Germany,2026-09-09 04:37:27,True,False,Germany,,,
3764,60,Data Engineer,ETL Developer,"Krakow, Poland",via Indeed,Full-time,False,Poland,2026-09-09 15:12:32,False,False,Poland,,,
3765,94,Data Analyst,Data Quality Analyst,"Hamburg, Germany",via Work.ua,Full-time,False,Germany,2026-08-24 09:54:26,False,False,Germany,,,
3766,116,Business Analyst,Business Intelligence Analyst,"Stuttgart, Germany",via Xing,Contractor,True,Germany,2026-09-22 17:57:06,True,True,Germany,,,
3767,49,Senior Data Analyst,Lead Data Analyst,"Poznan, Poland",via StepStone,Internship,False,Poland,2026-08-15 11:04:57,True,False,Poland,,,
3768,44,Machine Learning Engineer,Machine Learning Engineer,"Kyiv, Ukraine",via Indeed,Internship,False,Ukraine,2026-08-30 16:11:44,False,True,Ukraine,,,
3769,55,Data Scientist,Data Scientist,"Gdansk, Poland",via Indeed,Full-time,False,Poland,2026-09-20 08:17:56,False,False,Poland,,,
3770,44,Data Analyst,Data Analyst (Marketing),"Kharkiv, Ukraine",via StepStone,Part-time,False,Ukraine,2026-09-19 02:36:57,False,False,Ukraine,year,21396.0,
3771,95,Business Analyst,BI Analyst,"Berlin, Germany",via Indeed,Full-time,True,Germany,2026-09-01 15:55:06,False,True,Germany,year,53865.0,
3772,18,Data Analyst,Data Analyst (Finance),"Odesa, Ukraine",via Glassdoor,Part-time,False,Ukraine,2026-09-01 03:49:54,False,False,Ukraine,,,
3773,18,Data Analyst,Data Quality Analyst,"Vinnytsia, Ukraine",via Glassdoor,Full-time,False,Ukraine,2026-09-07 10:58:11,False,True,Ukraine,,,
3774,34,Senior Data Analyst,Senior Data Analyst,Anywhere,via Pracuj.pl,Internship,True,Ukraine,2026-08-28 16:35:45,True,False,Ukraine,year,40024.0,
3775,31,Data Engineer,Junior Data Engineer,"Kharkiv, Ukraine",via Djinni,Contractor,False,Ukraine,2026-09-17 08:54:05,True,False,Ukraine,,,
3776,44,Data Engineer,Junior Data Engineer,"Ivano-Frankivsk, Ukraine",via Djinni,Internship,False,Ukraine,2026-09-22 15:24:16,True,False,Ukraine,,,
3777,29,Data Analyst,Data Analyst (Finance),"Lviv, Ukraine",via StepStone,Part-time,False,Ukraine,2026-09-09 21:22:22,True,False,Ukraine,year,21385.0,
3778,24,Business Analyst,BI Analyst,"Kharkiv, Ukraine",via Rabota.ua,Full-time,True,Ukraine,2026-09-17 03:52:40,False,False,Ukraine,year,16080.0,
3779,56,Senior Data Analyst,Lead Data Analyst,"Warsaw, Poland",via StepStone,Full-time,False,Poland,2026-08-21 12:32:32,False,True,Poland,year,42675.0,
3780,58,Senior Data Engineer,Senior Data Engineer,"Katowice, Poland",via Rabota.ua,Internship,False,Poland,2026-09-11 19:02:28,False,True,Poland,,,
3781,125,Senior Data Analyst,Lead Data Analyst,"Hamburg, Germany",via Robota.ua,Full-time,True,Germany,2026-09-19 20:11:23,False,False,Germany,,,
3782,17,Senior Data Engineer,Lead Data Engineer,"Ivano-Frankivsk, Ukraine",via Pracuj.pl,Full-time,False,Ukraine,2026-08-15 01:04:08,False,False,Ukraine,,,
3783,35,Data Scientist,Data Scientist,"Vinnytsia, Ukraine",via Glassdoor,Contractor,False,Ukraine,2026-09-23 18:45:34,True,True,Ukraine,,,
3784,49,Data Analyst,Junior Data Analyst,"Poznan, Poland",via Xing,Full-time,False,Poland,2026-08-15 00:00:06,False,False,Poland,,,
3785,71,Senior Data Analyst,Lead Data Analyst,"Katowice, Poland",via Work.ua,Contractor,False,Poland,2026-09-10 05:26:45,True,True,Poland,,,
3786,78,Business Analyst,Business Analyst,"Hamburg, Germany",via Glassdoor,Full-time,False,Germany,2026-09-09 04:47:07,False,False,Germany,year,73618.0,
3787,40,Data Scientist,Junior Data Scientist,Anywhere,via Robota.ua,Contractor,True,Ukraine,2026-08-18 09:57:18,False,False,Ukraine,,,
3788,22,Data Analyst,Product Data Analyst,"Odesa, Ukraine",via Robota.ua,Full-time,False,Ukraine,2026-09-03 17:52:18,False,False,Ukraine,year,19129.0,
3789,37,Data Scientist,Data Scientist,"Vinnytsia, Ukraine",via StepStone,Full-time,False,Ukraine,2026-08-30 00:19:57,True,False,Ukraine,,,
3790,63,Data Engineer,BI Developer,"Katowice, Poland",via Work.ua,Contractor,False,Poland,2026-09-18 05:53:40,False,True,Poland,,,
3791,26,Data Analyst,Data Quality Analyst,"Lviv, Ukraine",via Pracuj.pl,Full-time,True,Ukraine,2026-08-26 01:20:46,False,False,Ukraine,year,18685.0,
3792,96,Data Analyst,Product Data Analyst,"Stuttgart, Germany",via LinkedIn,Full-time,False,Germany,2026-09-09 17:47:48,True,False,Germany,,,
3793,37,Data Analyst,Junior Data Analyst,"Kharkiv, Ukraine",via Work.ua,Part-time,False,Ukraine,2026-08-25 09:31:47,True,False,Ukraine,,,
3794,96,Data Analyst,Data Analyst (Finance),"Dusseldorf, Germany",via Work.ua,Contractor,True,Germany,2026-09-02 03:57:44,True,True,Germany,,,
3795,57,Senior Data Analyst,Senior Data Analyst,"Wroclaw, Poland",via Djinni,Full-time,True,Poland,2026-09-01 09:08:15,False,False,Poland,,,
3796,74,Senior Data Analyst,Senior Data Analyst,"Warsaw, Poland",via Robota.ua,Full-time,False,Poland,2026-09-12 10:06:23,False,True,Poland,,,
3797,120,Data Analyst,Data Analyst,"Kyiv, Ukraine",via Xing,Part-time,False,Ukraine,2026-09-09 08:51:05,True,False,Ukraine,,,
3798,98,Data Scientist,Junior Data Scientist,"Cologne, Germany",via Djinni,Full-time,True,Germany,2026-09-12 21:08:13,False,False,Germany,,,
3799,116,Data Scientist,Data Scientist,"Cologne, Germany",via Robota.ua,Full-time,False,Germany,2026-09-20 01:14:45,True,False,Germany,,,
3800,61,Senior Data Analyst,Senior Data Analyst,"Wroclaw, Poland",via Djinni,Full-time,True,Poland,2026-09-14 21:14:49,False,True,Poland,,,
3801,76,Senior Data Analyst,Lead Data Analyst,"Warsaw, Poland",via Indeed,Full-time,False,Poland,2026-09-10 10:50:46,True,False,Poland,,,
3802,32,Data Engineer,Data Engineer,"Ivano-Frankivsk, Ukraine",via Indeed,Contractor,False,Ukraine,2026-09-05 23:41:03,False,True,Ukraine,,,
3803,106,Business Analyst,Business Analyst,"Hamburg, Germany",via Xing,Contractor,False,Germany,2026-08-25 15:20:53,True,True,Germany,,,
3804,64,Business Analyst,BI Analyst,"Lodz, Poland",via Djinni,Contractor,True,Poland,2026-09-14 17:20:22,True,True,Poland,,,
3805,112,Data Analyst,Business Data Analyst,"Stuttgart, Germany",via StepStone,Internship,False,Germany,2026-08-17 12:17:53,False,False,Germany,,,
3806,7,Data Engineer,Analytics Engineer,"Kharkiv, Ukraine",via NoFluffJobs,Full-time,True,Ukraine,2026-09-21 13:46:01,False,True,Ukraine,,,
3807,7,Software Engineer,Data Software Engineer,"Dnipro, Ukraine",via Robota.ua,Part-time,False,Ukraine,2026-09-21 03:47:03,True,False,Ukraine,year,25207.0,
3808,74,Senior Data Engineer,Senior Data Engineer,"Gdansk, Poland",via Work.ua,Full-time,False,Poland,2026-09-08 01:35:52,False,False,Poland,,,
3809,53,Data Scientist,Junior Data Scientist,"Katowice, Poland",via LinkedIn,Full-time,False,Poland,2026-09-25 08:35:42,False,True,Poland,,,
3810,119,Data Analyst,Data Analyst (Marketing),"Odesa, Ukraine",via Work.ua,Full-time,False,Ukraine,2026-09-16 12:32:39,True,False,Ukraine,,,
3811,8,Data Analyst,Data Analyst,"Odesa, Ukraine",via Xing,Full-time,True,Ukraine,2026-09-10 19:18:44,False,False,Ukraine,,,
3812,129,Senior Data Analyst,Lead Data Analyst,"Odesa, Ukraine",via Xing,Full-time,False,Ukraine,2026-08-15 04:57:45,False,True,Ukraine,,,
3813,49,Data Analyst,Product Data Analyst,"Poznan, Poland",via Glassdoor,Full-time,True,Poland,2026-09-12 02:29:34,True,False,Poland,,,
3814,124,Business Analyst,BI Analyst,"Munich, Germany",via Work.ua,Internship,True,Germany,2026-09-11 00:53:47,False,False,Germany,,,
3815,110,Data Analyst,Product Data Analyst,Anywhere,via LinkedIn,Full-time,True,Germany,2026-09-09 04:57:34,True,False,Germany,,,
3816,45,Senior Data Engineer,Lead Data Engineer,"Poznan, Poland",via Indeed,Part-time,True,Poland,2026-08-20 21:46:15,True,False,Poland,,,
3817,44,Data Analyst,Data Analyst (Finance),Anywhere,via Pracuj.pl,Full-time,True,Ukraine,2026-08-30 11:05:33,False,False,Ukraine,,,
3818,43,Data Engineer,Data Engineer,"Odesa, Ukraine",via NoFluffJobs,Part-time,False,Ukraine,2026-09-19 19:02:41,True,True,Ukraine,,,
3819,114,Data Analyst,Data Quality Analyst,"Kyiv, Ukraine",via Pracuj.pl,Full-time,True,Ukraine,2026-09-17 19:03:10,False,False,Ukraine,,,
3820,50,Data Analyst,Data Quality Analyst,"Wroclaw, Poland",via StepStone,Internship,False,Poland,2026-09-08 17:56:27,False,False,Poland,,,
3821,63,Business Analyst,Business Intelligence Analyst,"Wroclaw, Poland",via Robota.ua,Contractor,False,Poland,2026-09-01 00:20:53,True,False,Poland,,,
3822,56,Data Scientist,Data Scientist,Anywhere,via Glassdoor,Contractor,True,Poland,2026-09-10 09:58:44,True,True,Poland,year,33271.0,
3823,46,Senior Data Analyst,Lead Data Analyst,"Lodz, Poland",via Pracuj.pl,Part-time,False,Poland,2026-09-18 14:52:48,False,True,Poland,,,
3824,68,Business Analyst,BI Analyst,Anywhere,via Djinni,Contractor,True,Poland,2026-09-05 19:50:58,True,False,Poland,hour,,16.27
3825,119,Senior Data Analyst,Lead Data Analyst,"Odesa, Ukraine",via Work.ua,Part-time,False,Ukraine,2026-08-19 03:21:35,False,True,Ukraine,,,
3826,21,Senior Data Engineer,Senior Data Engineer,"Vinnytsia, Ukraine",via Djinni,Full-time,True,Ukraine,2026-08-29 18:33:55,True,True,Ukraine,,,
3827,67,Senior Data Engineer,Senior Data Engineer,"Poznan, Poland",via Rabota.ua,Full-time,True,Poland,2026-09-03 11:11:52,False,False,Poland,,,
3828,50,Cloud Engineer,Cloud Data Engineer,"Katowice, Poland",via Djinni,Part-time,False,Poland,2026-09-09 10:51:59,False,True,Poland,,,
3829,97,Data Scientist,Junior Data Scientist,Anywhere,via Djinni,Full-time,True,Germany,2026-08-19 00:26:39,False,False,Germany,year,44512.0,
3830,63,Data Analyst,Junior Data Analyst,"Katowice, Poland",via Robota.ua,Internship,False,Poland,2026-09-22 12:21:28,False,False,Poland,year,21857.0,
3831,82,Senior Data Analyst,Lead Data Analyst,"Dusseldorf, Germany",via StepStone,Full-time,False,Germany,2026-09-08 12:52:47,False,True,Germany,,,
3832,110,Data Scientist,Junior Data Scientist,"Stuttgart, Germany",via Glassdoor,Full-time,True,Germany,2026-08-26 07:15:22,False,False,Germany,,,
3833,100,Data Analyst,Data Analyst (Marketing),"Dusseldorf, Germany",via Work.ua,Internship,False,Germany,2026-09-23 10:27:43,False,False,Germany,,,
3834,25,Data Analyst,Product Data Analyst,"Odesa, Ukraine",via Pracuj.pl,Full-time,False,Ukraine,2026-09-10 12:04:55,False,True,Ukraine,,,
3835,54,Data Scientist,Data Scientist,"Warsaw, Poland",via Djinni,Part-time,True,Poland,2026-08-21 18:21:54,True,True,Poland,,,
3836,57,Data Engineer,BI Developer,"Warsaw, Poland",via Glassdoor,Full-time,False,Poland,2026-09-05 13:15:17,False,False,Poland,year,24677.0,
3837,64,Data Analyst,Data Analyst (Marketing),"Poznan, Poland",via Djinni,Contractor,False,Poland,2026-09-19 21:11:44,False,False,Poland,,,
3838,3,Data Engineer,BI Developer,"Odesa, Ukraine",via StepStone,Full-time,False,Ukraine,2026-08-29 19:56:12,True,True,Ukraine,year,20907.0,
3839,111,Data Analyst,Junior Data Analyst,"Hamburg, Germany",via Work.ua,Contractor,False,Germany,2026-09-14 01:28:27,True,False,Germany,,,
3840,96,Machine Learning Engineer,Machine Learning Engineer,"Berlin, Germany",via Pracuj.pl,Contractor,False,Germany,2026-09-12 22:06:01,True,True,Germany,,,
3841,127,Senior Data Engineer,Lead Data Engineer,"Dusseldorf, Germany",via Rabota.ua,Contractor,False,Germany,2026-09-25 15:58:56,False,True,Germany,year,78878.0,
3842,35,Data Analyst,Data Analyst (Marketing),"Kharkiv, Ukraine",via Robota.ua,Full-time,True,Ukraine,2026-09-04 08:19:24,False,False,Ukraine,year,20831.0,
3843,22,Data Analyst,Business Data Analyst,"Lviv, Ukraine",via Xing,Part-time,False,Ukraine,2026-08-31 08:37:27,False,False,Ukraine,,,
3844,58,Business Analyst,Business Intelligence Analyst,"Katowice, Poland",via Pracuj.pl,Internship,False,Poland,2026-09-19 07:50:46,True,False,Poland,,,
3845,68,Data Engineer,Analytics Engineer,"Poznan, Poland",via LinkedIn,Part-time,False,Poland,2026-09-06 22:57:36,True,False,Poland,year,34055.0,
3846,12,Data Engineer,Analytics Engineer,"Lviv, Ukraine",via Indeed,Contractor,False,Ukraine,2026-08-29 03:19:35,True,True,Ukraine,,,
3847,130,Senior Data Analyst,Lead Data Analyst,"Kharkiv, Ukraine",via Xing,Contractor,False,Ukraine,2026-08-30 17:20:46,False,True,Ukraine,,,
3848,0,Business Analyst,Junior Business Analyst,"Lviv, Ukraine",via Glassdoor,Contractor,False,Ukraine,2026-09-01 07:42:47,False,False,Ukraine,,,
3849,124,Data Engineer,Junior Data Engineer,"Stuttgart, Germany",via StepStone,Contractor,False,Germany,2026-08-21 07:08:41,False,False,Germany,,,
3850,90,Data Engineer,Data Engineer,"Stuttgart, Germany",via Pracuj.pl,Part-time,True,Germany,2026-08-28 18:04:30,False,False,Germany,,,
3851,94,Data Analyst,Product Data Analyst,"Dusseldorf, Germany",via Rabota.ua,Part-time,False,Germany,2026-08-24 18:11:48,False,True,Germany,,,
3852,95,Senior Data Engineer,Lead Data Engineer,Anywhere,via NoFluffJobs,Part-time,True,Germany,2026-09-03 20:36:38,True,True,Germany,,,
3853,73,Data Analyst,Junior Data Analyst,"Poznan, Poland",via StepStone,Full-time,False,Poland,2026-09-09 13:46:57,False,True,Poland,year,17005.0,
3854,1,Data Analyst,Data Quality Analyst,"Kharkiv, Ukraine",via Glassdoor,Full-time,True,Ukraine,2026-09-06 15:21:10,True,False,Ukraine,,,
3855,88,Business Analyst,BI Analyst,"Stuttgart, Germany",via Pracuj.pl,Full-time,True,Germany,2026-08-18 23:55:35,False,False,Germany,year,73362.0,
3856,104,Data Analyst,Junior Data Analyst,Anywhere,via Glassdoor,Full-time,True,Germany,2026-08-21 09:13:32,False,True,Germany,year,42240.0,
3857,39,Business Analyst,Junior Business Analyst,"Kyiv, Ukraine",via LinkedIn,Full-time,False,Ukraine,2026-09-15 15:57:46,False,False,Ukraine,,,
3858,58,Data Analyst,Junior Data Analyst,"Poznan, Poland",via Xing,Contractor,False,Poland,2026-09-21 20:14:14,False,True,Poland,,,
3859,89,Data Engineer,BI Developer,Anywhere,via Work.ua,Full-time,True,Germany,2026-09-25 22:12:34,False,False,Germany,,,
3860,24,Senior Data Scientist,Senior Data Scientist,Anywhere,via NoFluffJobs,Full-time,True,Ukraine,2026-08-30 19:51:42,False,False,Ukraine,,,
3861,52,Data Analyst,Data Analyst (Finance),"Lodz, Poland",via Rabota.ua,Full-time,False,Poland,2026-08-23 14:29:21,False,False,Poland,,,
3862,9,Data Analyst,Data Analyst (Marketing),"Kharkiv, Ukraine",via Xing,Full-time,False,Ukraine,2026-09-04 09:19:56,True,False,Ukraine,year,24695.0,
3863,85,Business Analyst,Business Intelligence Analyst,"Hamburg, Germany",via Xing,Internship,False,Germany,2026-08-25 19:23:28,False,False,Germany,,,
3864,32,Data Scientist,Data Scientist,"Kyiv, Ukraine",via LinkedIn,Full-time,False,Ukraine,2026-09-19 03:01:49,False,True,Ukraine,year,21202.0,
3865,99,Data Scientist,Junior Data Scientist,Anywhere,via Pracuj.pl,Contractor,True,Germany,2026-08-25 05:25:50,False,True,Germany,,,
3866,57,Business Analyst,Business Intelligence Analyst,"Poznan, Poland",via Djinni,Full-time,True,Poland,2026-09-21 16:39:38,False,False,Poland,year,23291.0,
3867,78,Data Analyst,Business Data Analyst,"Berlin, Germany",via Work.ua,Internship,False,Germany,2026-08-30 03:23:08,True,True,Germany,,,
3868,96,Data Engineer,Junior Data Engineer,"Munich, Germany",via LinkedIn,Full-time,False,Germany,2026-08-21 02:08:32,True,True,Germany,year,48131.0,
3869,69,Business Analyst,Junior Business Analyst,"Lodz, Poland",via StepStone,Full-time,False,Poland,2026-09-04 08:09:15,False,False,Poland,,,
3870,74,Data Analyst,Business Data Analyst,"Krakow, Poland",via Glassdoor,Contractor,False,Poland,2026-08-15 14:19:47,True,False,Poland,,,
3871,53,Business Analyst,Business Analyst,"Poznan, Poland",via LinkedIn,Full-time,False,Poland,2026-09-10 20:45:19,False,False,Poland,,,
3872,8,Data Analyst,Product Data Analyst,"Kharkiv, Ukraine",via Pracuj.pl,Full-time,False,Ukraine,2026-08-18 20:59:36,True,True,Ukraine,,,
3873,121,Business Analyst,Junior Business Analyst,"Frankfurt, Germany",via Djinni,Full-time,False,Germany,2026-09-09 07:12:11,False,False,Germany,,,
3874,35,Senior Data Analyst,Lead Data Analyst,"Kharkiv, Ukraine",via Glassdoor,Full-time,False,Ukraine,2026-09-01 19:09:49,False,False,Ukraine,,,
3875,130,Data Analyst,Data Quality Analyst,"Ivano-Frankivsk, Ukraine",via Rabota.ua,Full-time,False,Ukraine,2026-08-30 23:28:00,True,False,Ukraine,,,
3876,35,Machine Learning Engineer,Machine Learning Engineer,"Ivano-Frankivsk, Ukraine",via Robota.ua,Full-time,True,Ukraine,2026-09-07 20:43:32,False,False,Ukraine,,,
3877,32,Data Analyst,Product Data Analyst,"Odesa, Ukraine",via Djinni,Internship,False,Ukraine,2026-09-09 23:35:35,False,True,Ukraine,year,18940.0,
3878,86,Data Scientist,Junior Data Scientist,"Berlin, Germany",via LinkedIn,Full-time,False,Germany,2026-08-18 15:50:06,False,False,Germany,,,
3879,103,Data Engineer,Data Engineer,"Hamburg, Germany",via Djinni,Full-time,False,Germany,2026-09-07 03:50:36,False,False,Germany,,,
3880,3,Data Analyst,Junior Data Analyst,"Dnipro, Ukraine",via StepStone,Full-time,False,Ukraine,2026-09-24 04:16:45,True,True,Ukraine,,,
3881,5,Data Analyst,Data Analyst (Marketing),"Ivano-Frankivsk, Ukraine",via Pracuj.pl,Internship,False,Ukraine,2026-08-28 03:56:06,True,False,Ukraine,year,20920.0,
3882,28,Data Engineer,ETL Developer,"Kharkiv, Ukraine",via StepStone,Full-time,False,Ukraine,2026-08-23 05:02:19,False,True,Ukraine,year,16069.0,
3883,75,Data Analyst,Product Data Analyst,"Katowice, Poland",via Work.ua,Internship,False,Poland,2026-09-24 09:27:43,True,False,Poland,,,
3884,39,Business Analyst,Junior Business Analyst,Anywhere,via Indeed,Contractor,True,Ukraine,2026-08-15 13:10:23,False,False,Ukraine,,,
3885,128,Senior Data Scientist,Senior Data Scientist,"Lodz, Poland",via Pracuj.pl,Part-time,True,Poland,2026-09-22 18:16:00,False,False,Poland,year,57631.0,
3886,97,Senior Data Analyst,Senior Data Analyst,"Hamburg, Germany",via Rabota.ua,Full-time,False,Germany,2026-08-15 19:12:33,False,False,Germany,,,
3887,113,Senior Data Scientist,Senior Data Scientist,"Frankfurt, Germany",via Djinni,Full-time,True,Germany,2026-08-23 03:06:42,False,True,Germany,,,
3888,42,Data Scientist,Data Scientist,"Kharkiv, Ukraine",via Indeed,Contractor,False,Ukraine,2026-09-12 18:49:45,False,True,Ukraine,hour,,11.23
3889,68,Data Analyst,Data Analyst (Marketing),"Lodz, Poland",via Pracuj.pl,Internship,False,Poland,2026-09-22 05:19:46,False,False,Poland,year,34831.0,
3890,40,Senior Data Analyst,Senior Data Analyst,"Kyiv, Ukraine",via Indeed,Full-time,False,Ukraine,2026-08-15 05:48:02,True,False,Ukraine,,,
3891,77,Data Analyst,Junior Data Analyst,"Warsaw, Poland",via StepStone,Full-time,False,Poland,2026-09-21 15:14:30,True,True,Poland,,,
3892,112,Data Analyst,Junior Data Analyst,"Dusseldorf, Germany",via NoFluffJobs,Full-time,False,Germany,2026-09-22 17:01:07,False,False,Germany,,,
3893,125,Data Engineer,ETL Developer,"Munich, Germany",via LinkedIn,Full-time,True,Germany,2026-09-06 22:52:07,True,True,Germany,,,
3894,103,Data Scientist,Junior Data Scientist,"Cologne, Germany",via LinkedIn,Full-time,False,Germany,2026-09-12 16:39:06,True,False,Germany,,,
3895,60,Data Scientist,Junior Data Scientist,"Poznan, Poland",via Robota.ua,Full-time,True,Poland,2026-09-02 21:27:02,False,False,Poland,,,
3896,73,Data Analyst,Business Data Analyst,Anywhere,via Indeed,Contractor,True,Poland,2026-08-31 08:41:21,True,True,Poland,,,
3897,21,Data Engineer,Junior Data Engineer,"Odesa, Ukraine",via Rabota.ua,Full-time,False,Ukraine,2026-08-17 10:40:05,False,False,Ukraine,,,
3898,103,Data Engineer,Junior Data Engineer,"Cologne, Germany",via Work.ua,Contractor,False,Germany,2026-08-26 15:40:21,False,False,Germany,year,48426.0,
3899,129,Senior Data Engineer,Lead Data Engineer,"Odesa, Ukraine",via Djinni,Contractor,True,Ukraine,2026-08-16 02:45:53,True,False,Ukraine,,,
3900,9,Data Engineer,Analytics Engineer,"Vinnytsia, Ukraine",via Rabota.ua,Full-time,False,Ukraine,2026-09-17 02:51:02,False,False,Ukraine,year,23379.0,
3901,24,Data Analyst,Data Quality Analyst,"Vinnytsia, Ukraine",via LinkedIn,Full-time,False,Ukraine,2026-09-01 17:24:41,True,True,Ukraine,,,
3902,53,Senior Data Scientist,Senior Data Scientist,"Warsaw, Poland",via Work.ua,Full-time,False,Poland,2026-08-26 11:26:44,False,True,Poland,,,
3903,102,Senior Data Scientist,Senior Data Scientist,"Munich, Germany",via Robota.ua,Full-time,False,Germany,2026-08-22 05:34:41,False,True,Germany,,,
3904,80,Data Analyst,Junior Data Analyst,"Cologne, Germany",via Pracuj.pl,Internship,True,Germany,2026-09-12 11:36:20,False,True,Germany,,,
3905,4,Business Analyst,BI Analyst,"Kyiv, Ukraine",via Indeed,Full-time,True,Ukraine,2026-09-01 10:34:22,True,False,Ukraine,,,
3906,52,Data Engineer,BI Developer,"Lodz, Poland",via Robota.ua,Contractor,True,Poland,2026-09-25 10:38:05,False,True,Poland,,,
3907,10,Data Engineer,Junior Data Engineer,"Dnipro, Ukraine",via Indeed,Full-time,True,Ukraine,2026-08-22 19:32:22,False,False,Ukraine,,,
3908,55,Business Analyst,BI Analyst,"Lodz, Poland",via Djinni,Internship,False,Poland,2026-08-27 03:46:30,False,False,Poland,,,
3909,50,Senior Data Scientist,Senior Data Scientist,Anywhere,via Robota.ua,Part-time,True,Poland,2026-09-24 09:02:07,True,True,Poland,,,
3910,3,Data Analyst,Data Analyst (Finance),"Vinnytsia, Ukraine",via NoFluffJobs,Part-time,False,Ukraine,2026-09-24 01:40:58,False,False,Ukraine,,,
3911,81,Data Analyst,Data Analyst,"Hamburg, Germany",via LinkedIn,Internship,True,Germany,2026-08-29 01:35:32,False,True,Germany,,,
3912,104,Business Analyst,Business Intelligence Analyst,"Dusseldorf, Germany",via Xing,Contractor,True,Germany,2026-09-24 22:12:45,False,True,Germany,,,
3913,38,Data Scientist,Junior Data Scientist,"Odesa, Ukraine",via Glassdoor,Full-time,False,Ukraine,2026-08-21 08:25:01,False,False,Ukraine,,,
3914,20,Data Analyst,Data Analyst (Finance),"Vinnytsia, Ukraine",via NoFluffJobs,Full-time,True,Ukraine,2026-08-31 19:44:08,True,False,Ukraine,,,
3915,119,Business Analyst,BI Analyst,"Vinnytsia, Ukraine",via StepStone,Internship,False,Ukraine,2026-09-09 17:53:03,False,True,Ukraine,,,
3916,27,Data Engineer,Junior Data Engineer,"Ivano-Frankivsk, Ukraine",via Djinni,Part-time,True,Ukraine,2026-09-02 16:04:28,False,False,Ukraine,,,
3917,109,Data Analyst,Data Analyst,"Munich, Germany",via Djinni,Full-time,False,Germany,2026-08-15 21:36:28,True,False,Germany,year,69123.0,
3918,77,Data Analyst,Junior Data Analyst,"Warsaw, Poland",via StepStone,Contractor,False,Poland,2026-08-26 17:37:35,True,False,Poland,,,
3919,87,Senior Data Analyst,Senior Data Analyst,"Munich, Germany",via Robota.ua,Full-time,False,Germany,2026-08-21 18:50:06,True,True,Germany,,,
3920,74,Senior Data Analyst,Senior Data Analyst,"Krakow, Poland",via Work.ua,Full-time,False,Poland,2026-08-17 07:03:47,False,True,Poland,,,
3921,116,Business Analyst,Business Analyst,Anywhere,via NoFluffJobs,Full-time,True,Germany,2026-09-01 23:49:02,True,False,Germany,,,
3922,130,Business Analyst,Junior Business Analyst,"Lviv, Ukraine",via Work.ua,Full-time,False,Ukraine,2026-08-21 19:06:41,False,False,Ukraine,,,
3923,92,Software Engineer,Data Software Engineer,"Munich, Germany",via Robota.ua,Contractor,True,Germany,2026-08-23 07:40:14,True,False,Germany,,,
3924,121,Data Analyst,Data Analyst (Finance),"Munich, Germany",via Glassdoor,Full-time,False,Germany,2026-09-03 02:46:05,False,False,Germany,year,57546.0,
3925,20,Business Analyst,Junior Business Analyst,"Vinnytsia, Ukraine",via Pracuj.pl,Full-time,False,Ukraine,2026-09-01 20:05:30,False,True,Ukraine,year,9110.0,
3926,86,Data Analyst,Data Analyst (Finance),"Cologne, Germany",via Indeed,Full-time,False,Germany,2026-08-23 09:40:53,False,True,Germany,,,
3927,68,Data Engineer,Data Engineer,"Warsaw, Poland",via Robota.ua,Full-time,True,Poland,2026-08-21 11:18:18,False,False,Poland,,,
3928,45,Senior Data Scientist,Senior Data Scientist,Anywhere,via LinkedIn,Full-time,True,Poland,2026-09-09 11:16:07,False,False,Poland,,,
3929,0,Data Analyst,Data Analyst,"Dnipro, Ukraine",via Djinni,Full-time,False,Ukraine,2026-08-17 19:18:42,False,False,Ukraine,,,
3930,50,Data Scientist,Junior Data Scientist,"Warsaw, Poland",via Indeed,Full-time,False,Poland,2026-09-18 09:49:46,True,True,Poland,year,13830.0,
3931,127,Senior Data Analyst,Lead Data Analyst,"Cologne, Germany",via StepStone,Part-time,False,Germany,2026-09-22 16:51:12,False,False,Germany,,,
3932,10,Data Engineer,Data Engineer,"Ivano-Frankivsk, Ukraine",via StepStone,Internship,False,Ukraine,2026-09-23 14:40:01,True,False,Ukraine,,,
3933,87,Data Analyst,Data Analyst (Marketing),"Hamburg, Germany",via Glassdoor,Contractor,True,Germany,2026-09-10 02:22:29,True,False,Germany,hour,,30.27
3934,68,Data Scientist,Junior Data Scientist,"Katowice, Poland",via Xing,Internship,False,Poland,2026-09-24 13:28:41,True,False,Poland,,,
3935,56,Senior Data Engineer,Senior Data Engineer,"Warsaw, Poland",via Xing,Full-time,False,Poland,2026-09-01 13:15:53,False,True,Poland,year,44004.0,
3936,69,Senior Data Analyst,Senior Data Analyst,"Warsaw, Poland",via Djinni,Full-time,False,Poland,2026-09-19 00:01:09,True,True,Poland,,,
3937,37,Data Engineer,Junior Data Engineer,"Odesa, Ukraine",via Indeed,Full-time,False,Ukraine,2026-09-23 23:18:28,True,False,Ukraine,,,
3938,90,Data Analyst,Data Analyst (Finance),"Frankfurt, Germany",via LinkedIn,Part-time,False,Germany,2026-08-29 06:40:46,False,False,Germany,,,
3939,124,Data Analyst,Data Analyst (Finance),Anywhere,via Robota.ua,Full-time,True,Germany,2026-09-10 18:54:58,False,False,Germany,,,
3940,53,Business Analyst,Business Analyst,"Gdansk, Poland",via LinkedIn,Full-time,False,Poland,2026-09-09 01:30:42,True,False,Poland,year,36782.0,
3941,22,Business Analyst,Junior Business Analyst,"Odesa, Ukraine",via LinkedIn,Full-time,False,Ukraine,2026-08-18 09:31:38,True,False,Ukraine,,,
3942,57,Data Analyst,Data Analyst (Marketing),"Poznan, Poland",via NoFluffJobs,Part-time,False,Poland,2026-08-25 11:41:41,False,True,Poland,year,34661.0,
3943,58,Senior Data Scientist,Senior Data Scientist,Anywhere,via Djinni,Full-time,True,Poland,2026-09-23 11:59:01,True,False,Poland,,,
3944,4,Machine Learning Engineer,Machine Learning Engineer,"Kharkiv, Ukraine",via Indeed,Part-time,False,Ukraine,2026-09-05 14:34:34,True,True,Ukraine,,,
3945,107,Senior Data Scientist,Senior Data Scientist,"Dusseldorf, Germany",via NoFluffJobs,Part-time,False,Germany,2026-09-09 10:19:14,False,False,Germany,,,
3946,79,Senior Data Scientist,Senior Data Scientist,"Hamburg, Germany",via Robota.ua,Part-time,False,Germany,2026-09-25 19:54:15,True,False,Germany,,,
3947,61,Business Analyst,BI Analyst,"Katowice, Poland",via Glassdoor,Full-time,False,Poland,2026-09-23 19:53:45,False,True,Poland,,,
3948,29,Senior Data Analyst,Senior Data Analyst,"Dnipro, Ukraine",via Pracuj.pl,Contractor,True,Ukraine,2026-08-26 11:55:56,False,False,Ukraine,,,
3949,30,Data Engineer,Analytics Engineer,Anywhere,via Pracuj.pl,Part-time,True,Ukraine,2026-08-16 08:06:05,True,False,Ukraine,,,
3950,25,Data Analyst,Business Data Analyst,"Ivano-Frankivsk, Ukraine",via Rabota.ua,Full-time,False,Ukraine,2026-08-27 23:00:31,False,True,Ukraine,,,
3951,19,Data Engineer,ETL Developer,"Vinnytsia, Ukraine",via StepStone,Full-time,False,Ukraine,2026-08-22 06:35:36,False,False,Ukraine,,,
3952,93,Data Engineer,Junior Data Engineer,"Berlin, Germany",via StepStone,Internship,False,Germany,2026-08-27 10:08:48,False,True,Germany,,,
3953,15,Machine Learning Engineer,Machine Learning Engineer,"Lviv, Ukraine",via Xing,Full-time,False,Ukraine,2026-09-13 12:45:23,True,False,Ukraine,year,26281.0,
3954,12,Data Analyst,Data Analyst,"Odesa, Ukraine",via StepStone,Internship,False,Ukraine,2026-09-24 18:10:56,False,False,Ukraine,year,23745.0,
3955,27,Senior Data Analyst,Lead Data Analyst,"Ivano-Frankivsk, Ukraine",via Xing,Internship,False,Ukraine,2026-09-21 17:06:54,True,False,Ukraine,,,
3956,55,Data Analyst,Junior Data Analyst,"Poznan, Poland",via Work.ua,Full-time,False,Poland,2026-08-29 09:55:59,False,True,Poland,,,
3957,91,Data Analyst,Business Data Analyst,"Berlin, Germany",via Djinni,Full-time,False,Germany,2026-09-19 08:21:51,False,True,Germany,,,
3958,6,Data Scientist,Data Scientist,"Odesa, Ukraine",via Rabota.ua,Internship,False,Ukraine,2026-08-31 09:36:47,False,False,Ukraine,,,
3959,22,Data Engineer,BI Developer,"Kyiv, Ukraine",via Xing,Full-time,False,Ukraine,2026-08-28 06:10:47,False,False,Ukraine,,,
3960,27,Senior Data Analyst,Senior Data Analyst,"Ivano-Frankivsk, Ukraine",via Rabota.ua,Full-time,False,Ukraine,2026-08-30 18:01:57,False,True,Ukraine,,,
3961,81,Data Analyst,Junior Data Analyst,"Stuttgart, Germany",via Glassdoor,Full-time,False,Germany,2026-09-09 10:57:29,False,True,Germany,,,
3962,10,Data Analyst,Data Analyst,"Vinnytsia, Ukraine",via LinkedIn,Internship,False,Ukraine,2026-09-23 16:21:05,False,False,Ukraine,year,17662.0,
3963,110,Business Analyst,Junior Business Analyst,"Berlin, Germany",via StepStone,Full-time,False,Germany,2026-08-26 11:28:16,False,True,Germany,,,
3964,5,Business Analyst,Junior Business Analyst,"Odesa, Ukraine",via Glassdoor,Full-time,False,Ukraine,2026-08-26 13:59:58,False,False,Ukraine,,,
3965,47,Data Analyst,Data Analyst,Anywhere,via LinkedIn,Contractor,True,Poland,2026-09-24 16:09:18,False,False,Poland,year,26517.0,
3966,97,Machine Learning Engineer,Machine Learning Engineer,"Dusseldorf, Germany",via Xing,Contractor,False,Germany,2026-09-04 08:23:39,True,False,Germany,,,
3967,56,Business Analyst,Business Analyst,"Warsaw, Poland",via Glassdoor,Full-time,False,Poland,2026-09-12 01:08:38,True,False,Poland,,,
3968,51,Data Engineer,Data Engineer,"Krakow, Poland",via StepStone,Part-time,False,Poland,2026-08-27 14:31:53,False,False,Poland,,,
3969,22,Senior Data Analyst,Senior Data Analyst,"Dnipro, Ukraine",via LinkedIn,Full-time,False,Ukraine,2026-09-18 15:20:13,False,False,Ukraine,,,
3970,84,Business Analyst,Business Analyst,"Stuttgart, Germany",via Work.ua,Contractor,False,Germany,2026-09-08 00:51:09,False,True,Germany,,,
3971,18,Data Analyst,Product Data Analyst,"Dnipro, Ukraine",via NoFluffJobs,Internship,False,Ukraine,2026-08-22 03:00:23,False,True,Ukraine,,,
3972,20,Senior Data Engineer,Lead Data Engineer,"Odesa, Ukraine",via Djinni,Contractor,True,Ukraine,2026-08-25 06:37:08,False,False,Ukraine,,,
3973,69,Cloud Engineer,Cloud Data Engineer,"Poznan, Poland",via Glassdoor,Internship,False,Poland,2026-09-10 09:19:41,True,False,Poland,,,
3974,1,Senior Data Analyst,Lead Data Analyst,"Dnipro, Ukraine",via Robota.ua,Internship,False,Ukraine,2026-09-24 08:38:35,False,False,Ukraine,,,
3975,25,Data Scientist,Data Scientist,"Kharkiv, Ukraine",via Xing,Part-time,False,Ukraine,2026-08-16 07:01:13,False,False,Ukraine,,,
3976,92,Data Analyst,Product Data Analyst,"Dusseldorf, Germany",via Glassdoor,Contractor,False,Germany,2026-08-29 14:53:25,True,False,Germany,,,
3977,24,Senior Data Engineer,Lead Data Engineer,"Kharkiv, Ukraine",via StepStone,Full-time,False,Ukraine,2026-08-22 12:45:18,False,True,Ukraine,,,
3978,28,Data Analyst,Data Quality Analyst,"Dnipro, Ukraine",via Xing,Full-time,False,Ukraine,2026-08-27 12:07:07,False,False,Ukraine,,,
3979,69,Data Analyst,Data Analyst (Marketing),"Wroclaw, Poland",via Work.ua,Full-time,False,Poland,2026-09-06 18:30:15,True,False,Poland,,,
3980,50,Data Analyst,Data Analyst (Finance),"Krakow, Poland",via Indeed,Internship,True,Poland,2026-08-19 21:21:21,False,False,Poland,,,
3981,81,Senior Data Scientist,Senior Data Scientist,"Dusseldorf, Germany",via NoFluffJobs,Full-time,False,Germany,2026-09-04 03:36:09,False,True,Germany,,,
3982,42,Data Analyst,Data Quality Analyst,"Ivano-Frankivsk, Ukraine",via StepStone,Full-time,False,Ukraine,2026-08-26 16:07:11,True,True,Ukraine,year,16599.0,
3983,105,Data Scientist,Data Scientist,"Berlin, Germany",via Xing,Full-time,False,Germany,2026-09-13 18:23:12,True,False,Germany,year,61049.0,
3984,10,Data Analyst,Business Data Analyst,"Kyiv, Ukraine",via StepStone,Part-time,True,Ukraine,2026-08-31 13:47:48,False,True,Ukraine,year,26952.0,
3985,13,Senior Data Engineer,Lead Data Engineer,"Ivano-Frankivsk, Ukraine",via Work.ua,Full-time,False,Ukraine,2026-08-25 07:33:23,False,True,Ukraine,year,39003.0,
3986,116,Data Engineer,Junior Data Engineer,"Stuttgart, Germany",via LinkedIn,Full-time,False,Germany,2026-09-22 05:10:30,False,True,Germany,,,
3987,113,Data Scientist,Data Scientist,"Hamburg, Germany",via Rabota.ua,Contractor,False,Germany,2026-09-05 07:04:09,False,False,Germany,,,
3988,82,Data Engineer,Power BI Developer,"Cologne, Germany",via Djinni,Contractor,True,Germany,2026-09-17 15:33:46,True,True,Germany,,,
3989,5,Data Scientist,Data Scientist,"Kyiv, Ukraine",via Rabota.ua,Full-time,False,Ukraine,2026-08-15 00:58:30,False,False,Ukraine,year,22707.0,
3990,44,Senior Data Engineer,Lead Data Engineer,"Kharkiv, Ukraine",via Pracuj.pl,Internship,False,Ukraine,2026-08-29 05:05:52,True,True,Ukraine,year,40338.0,
3991,120,Data Engineer,BI Developer,Anywhere,via Xing,Contractor,True,Ukraine,2026-08-16 17:28:57,True,False,Ukraine,,,
3992,13,Senior Data Analyst,Lead Data Analyst,"Lviv, Ukraine",via Robota.ua,Full-time,False,Ukraine,2026-08-30 03:22:54,False,True,Ukraine,,,
3993,71,Data Analyst,Data Quality Analyst,"Gdansk, Poland",via Indeed,Full-time,False,Poland,2026-09-02 21:48:01,True,True,Poland,,,
3994,90,Data Analyst,Business Data Analyst,"Munich, Germany",via Robota.ua,Full-time,False,Germany,2026-09-20 12:06:48,True,True,Germany,,,
3995,34,Data Analyst,Junior Data Analyst,"Dnipro, Ukraine",via LinkedIn,Internship,False,Ukraine,2026-09-04 09:46:49,False,True,Ukraine,year,9640.0,
3996,112,Business Analyst,Business Analyst,"Stuttgart, Germany",via Djinni,Full-time,False,Germany,2026-09-03 15:51:15,False,True,Germany,year,57456.0,
3997,114,Data Scientist,Data Scientist,"Odesa, Ukraine",via Robota.ua,Full-time,False,Ukraine,2026-09-07 20:21:27,False,False,Ukraine,year,16587.0,
3998,122,Data Analyst,Data Quality Analyst,"Ivano-Frankivsk, Ukraine",via Djinni,Part-time,False,Ukraine,2026-09-16 19:04:32,False,False,Ukraine,,,
3999,60,Data Engineer,ETL Developer,"Warsaw, Poland",via Djinni,Internship,False,Poland,2026-09-02 18:45:50,True,True,Poland,,,
4000,32,Senior Data Analyst,Senior Data Analyst,"Kyiv, Ukraine",via StepStone,Part-time,False,Ukraine,2026-09-11 06:13:42,True,False,Ukraine,,,
4001,84,Data Analyst,Product Data Analyst,"Munich, Germany",via Work.ua,Contractor,True,Germany,2026-08-20 02:52:49,False,True,Germany,year,71439.0,
4002,31,Business Analyst,Business Intelligence Analyst,"Kyiv, Ukraine",via Indeed,Full-time,False,Ukraine,2026-09-17 08:02:25,True,False,Ukraine,,,
4003,61,Business Analyst,BI Analyst,"Katowice, Poland",via Robota.ua,Full-time,True,Poland,2026-09-12 15:47:11,False,False,Poland,,,
4004,77,Business Analyst,Business Intelligence Analyst,"Lodz, Poland",via StepStone,Part-time,False,Poland,2026-08-29 09:34:57,False,False,Poland,,,
4005,22,Data Engineer,ETL Developer,"Kharkiv, Ukraine",via Work.ua,Full-time,False,Ukraine,2026-08-24 18:23:17,True,True,Ukraine,,,
4006,67,Cloud Engineer,Cloud Data Engineer,"Poznan, Poland",via Pracuj.pl,Full-time,False,Poland,2026-08-28 07:42:48,True,True,Poland,year,36329.0,
4007,98,Senior Data Analyst,Senior Data Analyst,"Berlin, Germany",via Glassdoor,Part-time,False,Germany,2026-09-17 21:34:17,False,False,Germany,,,
4008,82,Business Analyst,Business Analyst,"Hamburg, Germany",via StepStone,Full-time,True,Germany,2026-09-06 18:20:29,True,True,Germany,,,
4009,1,Data Engineer,Power BI Developer,Anywhere,via Xing,Contractor,True,Ukraine,2026-08-23 16:35:09,True,False,Ukraine,,,
4010,87,Machine Learning Engineer,Machine Learning Engineer,"Dusseldorf, Germany",via StepStone,Internship,False,Germany,2026-09-23 16:23:05,False,False,Germany,,,
4011,71,Senior Data Analyst,Senior Data Analyst,"Gdansk, Poland",via Robota.ua,Contractor,False,Poland,2026-09-16 18:47:41,True,False,Poland,year,50097.0,
4012,8,Data Engineer,Data Engineer,Anywhere,via Djinni,Internship,True,Ukraine,2026-09-03 02:50:23,False,True,Ukraine,,,
4013,62,Data Analyst,Data Analyst (Marketing),"Katowice, Poland",via Indeed,Part-time,True,Poland,2026-09-22 16:27:00,False,False,Poland,,,
4014,65,Data Analyst,Business Data Analyst,"Warsaw, Poland",via NoFluffJobs,Part-time,False,Poland,2026-08-16 08:42:08,False,False,Poland,,,
4015,17,Data Analyst,Data Analyst (Marketing),"Ivano-Frankivsk, Ukraine",via Pracuj.pl,Contractor,False,Ukraine,2026-09-25 10:33:58,True,True,Ukraine,,,
4016,76,Data Analyst,Data Quality Analyst,"Gdansk, Poland",via NoFluffJobs,Full-time,True,Poland,2026-09-23 02:09:03,False,False,Poland,year,30770.0,
4017,49,Data Analyst,Data Analyst,"Gdansk, Poland",via Djinni,Part-time,False,Poland,2026-08-30 09:35:42,True,False,Poland,,,
4018,98,Data Analyst,Data Quality Analyst,"Frankfurt, Germany",via Robota.ua,Full-time,False,Germany,2026-09-18 17:15:05,True,False,Germany,,,
4019,6,Data Analyst,Data Quality Analyst,"Kyiv, Ukraine",via NoFluffJobs,Part-time,False,Ukraine,2026-09-07 07:16:49,False,False,Ukraine,,,
4020,1,Data Analyst,Product Data Analyst,"Kyiv, Ukraine",via Work.ua,Full-time,False,Ukraine,2026-09-02 14:08:56,False,True,Ukraine,year,17536.0,
4021,50,Senior Data Analyst,Senior Data Analyst,"Katowice, Poland",via StepStone,Internship,True,Poland,2026-09-07 00:06:16,False,False,Poland,,,
4022,12,Data Analyst,Product Data Analyst,"Kyiv, Ukraine",via Glassdoor,Contractor,True,Ukraine,2026-09-06 23:36:04,False,True,Ukraine,,,
4023,123,Data Analyst,Data Analyst (Marketing),"Stuttgart, Germany",via Indeed,Internship,False,Germany,2026-09-23 22:20:37,False,False,Germany,,,
4024,17,Senior Data Engineer,Senior Data Engineer,Anywhere,via Indeed,Contractor,True,Ukraine,2026-09-01 11:52:35,False,False,Ukraine,,,
4025,15,Senior Data Analyst,Senior Data Analyst,"Vinnytsia, Ukraine",via Rabota.ua,Part-time,True,Ukraine,2026-09-03 14:09:20,False,False,Ukraine,,,
4026,8,Data Analyst,Business Data Analyst,"Kyiv, Ukraine",via LinkedIn,Full-time,False,Ukraine,2026-08-26 07:51:30,False,True,Ukraine,year,16345.0,
4027,109,Data Analyst,Business Data Analyst,Anywhere,via Xing,Part-time,True,Germany,2026-09-07 02:08:19,False,False,Germany,year,72564.0,
4028,98,Data Scientist,Junior Data Scientist,"Dusseldorf, Germany",via NoFluffJobs,Full-time,True,Germany,2026-09-19 06:30:50,False,True,Germany,year,51514.0,
4029,116,Data Engineer,Data Engineer,"Frankfurt, Germany",via LinkedIn,Part-time,False,Germany,2026-09-22 03:16:03,False,True,Germany,,,
4030,123,Machine Learning Engineer,Machine Learning Engineer,"Cologne, Germany",via Glassdoor,Full-time,False,Germany,2026-09-15 20:06:48,False,True,Germany,,,
4031,117,Data Scientist,Junior Data Scientist,"Warsaw, Poland",via StepStone,Internship,False,Poland,2026-09-08 02:06:06,False,True,Poland,,,
4032,22,Data Analyst,Junior Data Analyst,"Kyiv, Ukraine",via StepStone,Part-time,True,Ukraine,2026-09-24 11:22:45,True,False,Ukraine,,,
4033,3,Data Analyst,Business Data Analyst,Anywhere,via Robota.ua,Full-time,True,Ukraine,2026-08-19 15:16:23,False,False,Ukraine,,,
4034,119,Data Analyst,Data Analyst (Marketing),"Ivano-Frankivsk, Ukraine",via Xing,Contractor,False,Ukraine,2026-08-21 08:15:38,False,False,Ukraine,,,
4035,65,Data Analyst,Junior Data Analyst,"Poznan, Poland",via LinkedIn,Full-time,False,Poland,2026-09-06 15:21:05,True,False,Poland,,,
4036,113,Data Analyst,Data Quality Analyst,"Dusseldorf, Germany",via Xing,Internship,True,Germany,2026-09-04 18:23:06,False,True,Germany,,,
4037,63,Business Analyst,Business Analyst,"Gdansk, Poland",via Xing,Full-time,False,Poland,2026-09-10 05:42:10,True,False,Poland,year,31211.0,
4038,59,Business Analyst,BI Analyst,"Lodz, Poland",via Djinni,Internship,False,Poland,2026-09-03 01:10:53,False,False,Poland,,,
4039,13,Cloud Engineer,Cloud Data Engineer,Anywhere,via Djinni,Full-time,True,Ukraine,2026-09-02 21:15:16,False,True,Ukraine,,,
4040,59,Business Analyst,Business Intelligence Analyst,"Poznan, Poland",via NoFluffJobs,Contractor,False,Poland,2026-09-01 04:25:18,False,False,Poland,,,
4041,129,Senior Data Engineer,Lead Data Engineer,"Lviv, Ukraine",via Xing,Full-time,False,Ukraine,2026-09-05 03:16:24,True,False,Ukraine,,,
4042,127,Data Analyst,Data Analyst (Marketing),"Dusseldorf, Germany",via Robota.ua,Internship,False,Germany,2026-09-10 16:23:15,True,False,Germany,,,
4043,91,Data Scientist,Junior Data Scientist,"Berlin, Germany",via Rabota.ua,Contractor,True,Germany,2026-09-09 13:48:47,True,True,Germany,year,39059.0,
4044,111,Data Engineer,BI Developer,"Dusseldorf, Germany",via Pracuj.pl,Full-time,False,Germany,2026-09-20 02:33:21,True,False,Germany,year,73089.0,
4045,95,Data Engineer,ETL Developer,"Frankfurt, Germany",via Indeed,Part-time,False,Germany,2026-09-22 09:22:31,False,False,Germany,,,
4046,74,Business Analyst,BI Analyst,"Krakow, Poland",via Rabota.ua,Full-time,False,Poland,2026-09-19 17:17:38,False,False,Poland,year,34935.0,
4047,36,Data Engineer,Analytics Engineer,Anywhere,via Xing,Full-time,True,Ukraine,2026-08-28 09:22:54,True,True,Ukraine,,,
4048,5,Business Analyst,BI Analyst,"Ivano-Frankivsk, Ukraine",via StepStone,Internship,False,Ukraine,2026-09-09 23:46:15,True,True,Ukraine,,,
4049,80,Data Engineer,ETL Developer,Anywhere,via Djinni,Full-time,True,Germany,2026-09-06 23:21:56,True,False,Germany,,,
4050,97,Data Analyst,Data Quality Analyst,Anywhere,via Rabota.ua,Full-time,True,Germany,2026-08-27 08:32:28,True,False,Germany,year,56113.0,
4051,129,Data Analyst,Data Quality Analyst,"Ivano-Frankivsk, Ukraine",via Glassdoor,Contractor,True,Ukraine,2026-08-24 00:33:37,False,False,Ukraine,,,
4052,60,Data Analyst,Data Analyst,"Krakow, Poland",via Xing,Part-time,False,Poland,2026-09-05 16:45:33,False,False,Poland,,,
4053,71,Data Analyst,Data Quality Analyst,"Warsaw, Poland",via NoFluffJobs,Full-time,False,Poland,2026-09-14 02:59:52,True,True,Poland,,,
4054,54,Business Analyst,Business Intelligence Analyst,"Katowice, Poland",via Rabota.ua,Part-time,False,Poland,2026-08-23 12:49:09,False,False,Poland,,,
4055,121,Business Analyst,BI Analyst,"Stuttgart, Germany",via Djinni,Contractor,False,Germany,2026-08-29 18:38:45,True,True,Germany,,,
4056,54,Data Analyst,Business Data Analyst,"Poznan, Poland",via Robota.ua,Full-time,False,Poland,2026-08-22 16:07:04,True,False,Poland,,,
4057,111,Data Analyst,Business Data Analyst,"Dusseldorf, Germany",via StepStone,Contractor,False,Germany,2026-09-10 06:55:18,False,False,Germany,,,
4058,110,Business Analyst,BI Analyst,"Berlin, Germany",via Indeed,Contractor,False,Germany,2026-09-11 16:03:10,False,True,Germany,,,
4059,129,Data Scientist,Data Scientist,Anywhere,via LinkedIn,Full-time,True,Ukraine,2026-09-03 08:19:33,False,True,Ukraine,,,
4060,85,Data Engineer,Power BI Developer,"Hamburg, Germany",via Xing,Full-time,False,Germany,2026-09-06 01:20:10,False,False,Germany,,,
4061,69,Data Engineer,Data Engineer,"Lodz, Poland",via Work.ua,Part-time,False,Poland,2026-08-23 08:38:17,False,False,Poland,,,
4062,52,Senior Data Analyst,Lead Data Analyst,"Katowice, Poland",via Indeed,Full-time,False,Poland,2026-09-18 16:44:16,False,False,Poland,,,
4063,101,Data Analyst,Data Analyst,"Dusseldorf, Germany",via Xing,Full-time,False,Germany,2026-08-24 20:31:24,True,True,Germany,year,68936.0,
4064,123,Senior Data Analyst,Senior Data Analyst,"Frankfurt, Germany",via Indeed,Full-time,False,Germany,2026-09-04 00:20:50,False,False,Germany,,,
4065,6,Data Analyst,Data Analyst (Marketing),"Kharkiv, Ukraine",via Work.ua,Contractor,False,Ukraine,2026-08-21 02:36:05,False,False,Ukraine,,,
4066,109,Machine Learning Engineer,Machine Learning Engineer,"Munich, Germany",via Work.ua,Full-time,False,Germany,2026-09-18 05:26:23,False,True,Germany,,,
4067,96,Data Scientist,Junior Data Scientist,"Hamburg, Germany",via LinkedIn,Part-time,False,Germany,2026-08-15 06:21:52,False,False,Germany,,,
4068,0,Data Engineer,BI Developer,"Lviv, Ukraine",via Work.ua,Full-time,False,Ukraine,2026-09-17 17:15:14,False,False,Ukraine,,,
4069,83,Data Analyst,Junior Data Analyst,Anywhere,via Pracuj.pl,Full-time,True,Germany,2026-09-07 17:31:05,True,False,Germany,year,47948.0,
4070,90,Data Analyst,Data Analyst (Marketing),"Dusseldorf, Germany",via Djinni,Full-time,False,Germany,2026-09-01 19:17:17,True,False,Germany,,,
4071,127,Business Analyst,Junior Business Analyst,"Frankfurt, Germany",via Robota.ua,Internship,False,Germany,2026-09-25 16:04:05,True,True,Germany,,,
4072,56,Data Analyst,Junior Data Analyst,"Katowice, Poland",via Work.ua,Full-time,False,Poland,2026-09-14 08:15:15,False,False,Poland,,,
4073,20,Data Analyst,Data Analyst (Finance),"Ivano-Frankivsk, Ukraine",via Djinni,Internship,False,Ukraine,2026-09-17 06:25:30,True,False,Ukraine,year,25567.0,
4074,75,Senior Data Analyst,Senior Data Analyst,"Lodz, Poland",via Pracuj.pl,Part-time,False,Poland,2026-08-18 06:34:13,True,False,Poland,,,
4075,68,Business Analyst,Junior Business Analyst,"Warsaw, Poland",via Indeed,Part-time,False,Poland,2026-08-22 04:10:06,False,False,Poland,year,14296.0,
4076,6,Business Analyst,BI Analyst,"Kharkiv, Ukraine",via Indeed,Internship,False,Ukraine,2026-09-10 05:38:09,True,False,Ukraine,,,
4077,111,Data Engineer,Power BI Developer,Anywhere,via Rabota.ua,Internship,True,Germany,2026-08-30 09:56:51,False,False,Germany,,,
4078,2,Business Analyst,Junior Business Analyst,"Odesa, Ukraine",via LinkedIn,Full-time,False,Ukraine,2026-09-19 11:47:52,True,False,Ukraine,,,
4079,6,Data Analyst,Business Data Analyst,"Lviv, Ukraine",via Xing,Internship,False,Ukraine,2026-08-15 04:37:02,True,False,Ukraine,year,17008.0,
4080,3,Data Analyst,Data Analyst,"Kyiv, Ukraine",via Glassdoor,Internship,True,Ukraine,2026-08-16 11:43:56,False,False,Ukraine,,,
4081,131,Data Analyst,Data Analyst,"Ivano-Frankivsk, Ukraine",via StepStone,Full-time,True,Ukraine,2026-08-30 23:49:44,True,False,Ukraine,year,26899.0,
4082,97,Senior Data Analyst,Senior Data Analyst,"Munich, Germany",via Rabota.ua,Full-time,False,Germany,2026-08-19 07:26:51,False,True,Germany,,,
4083,14,Data Engineer,Power BI Developer,"Ivano-Frankivsk, Ukraine",via Djinni,Part-time,False,Ukraine,2026-09-02 14:24:07,False,True,Ukraine,,,
4084,75,Senior Data Scientist,Senior Data Scientist,"Gdansk, Poland",via LinkedIn,Part-time,False,Poland,2026-08-23 17:44:19,True,False,Poland,,,
4085,94,Business Analyst,Business Analyst,Anywhere,via Work.ua,Internship,True,Germany,2026-08-19 00:20:10,False,False,Germany,,,
4086,117,Senior Data Analyst,Lead Data Analyst,"Lodz, Poland",via Indeed,Full-time,False,Poland,2026-08-18 07:00:04,False,True,Poland,,,
4087,115,Business Analyst,Business Analyst,Anywhere,via Djinni,Full-time,True,Ukraine,2026-09-22 21:05:51,True,True,Ukraine,,,
4088,77,Data Engineer,Junior Data Engineer,"Poznan, Poland",via Pracuj.pl,Part-time,False,Poland,2026-08-18 11:44:29,True,True,Poland,,,
4089,102,Senior Data Analyst,Lead Data Analyst,"Dusseldorf, Germany",via NoFluffJobs,Full-time,True,Germany,2026-09-11 09:54:51,False,False,Germany,year,101735.0,
4090,17,Data Analyst,Data Analyst,"Kharkiv, Ukraine",via Glassdoor,Full-time,True,Ukraine,2026-09-08 09:09:31,True,True,Ukraine,year,24164.0,
4091,73,Data Analyst,Data Quality Analyst,"Poznan, Poland",via Xing,Internship,False,Poland,2026-09-03 22:33:00,True,False,Poland,,,
4092,93,Data Analyst,Data Analyst (Finance),"Frankfurt, Germany",via Work.ua,Full-time,False,Germany,2026-08-28 11:07:56,True,True,Germany,year,68271.0,
4093,64,Machine Learning Engineer,Machine Learning Engineer,"Wroclaw, Poland",via LinkedIn,Part-time,False,Poland,2026-09-10 21:52:41,False,True,Poland,year,33712.0,
4094,125,Data Analyst,Data Quality Analyst,"Munich, Germany",via StepStone,Internship,False,Germany,2026-09-19 07:41:19,False,False,Germany,year,61591.0,
4095,41,Business Analyst,Junior Business Analyst,"Dnipro, Ukraine",via LinkedIn,Part-time,False,Ukraine,2026-08-15 12:56:38,True,True,Ukraine,,,
4096,88,Data Engineer,ETL Developer,"Dusseldorf, Germany",via LinkedIn,Contractor,True,Germany,2026-09-08 17:02:12,False,False,Germany,hour,,40.09
4097,22,Machine Learning Engineer,Machine Learning Engineer,Anywhere,via Indeed,Contractor,True,Ukraine,2026-09-23 20:16:20,False,True,Ukraine,,,
4098,132,Data Analyst,Product Data Analyst,"Ivano-Frankivsk, Ukraine",via Djinni,Full-time,False,Ukraine,2026-08-26 05:45:22,False,True,Ukraine,,,
4099,41,Senior Data Engineer,Senior Data Engineer,"Kyiv, Ukraine",via LinkedIn,Contractor,True,Ukraine,2026-08-23 03:44:57,False,True,Ukraine,,,
4100,99,Data Analyst,Data Quality Analyst,"Stuttgart, Germany",via Indeed,Contractor,False,Germany,2026-09-08 08:23:29,True,False,Germany,,,
4101,82,Data Analyst,Business Data Analyst,"Cologne, Germany",via Glassdoor,Full-time,True,Germany,2026-08-28 09:23:03,False,False,Germany,,,
4102,81,Senior Data Scientist,Senior Data Scientist,"Berlin, Germany",via Work.ua,Full-time,False,Germany,2026-09-14 19:42:54,False,False,Germany,,,
4103,90,Business Analyst,Business Intelligence Analyst,"Cologne, Germany",via Xing,Contractor,False,Germany,2026-09-12 14:50:35,False,True,Germany,hour,,41.62
4104,27,Data Analyst,Product Data Analyst,Anywhere,via Djinni,Full-time,True,Ukraine,2026-09-24 07:20:40,False,False,Ukraine,,,
4105,108,Data Engineer,Data Engineer,Anywhere,via Pracuj.pl,Part-time,True,Germany,2026-08-15 00:27:32,True,True,Germany,year,73095.0,
4106,119,Senior Data Scientist,Senior Data Scientist,"Odesa, Ukraine",via Robota.ua,Internship,True,Ukraine,2026-08-31 02:44:44,False,False,Ukraine,,,
4107,29,Machine Learning Engineer,Machine Learning Engineer,"Vinnytsia, Ukraine",via Rabota.ua,Part-time,False,Ukraine,2026-08-15 09:31:24,False,True,Ukraine,,,
4108,97,Data Scientist,Junior Data Scientist,"Munich, Germany",via Work.ua,Full-time,False,Germany,2026-09-10 20:00:06,False,True,Germany,,,
4109,113,Data Engineer,Power BI Developer,"Stuttgart, Germany",via Work.ua,Part-time,False,Germany,2026-08-19 05:35:46,False,False,Germany,,,
4110,79,Data Scientist,Junior Data Scientist,"Berlin, Germany",via Djinni,Full-time,False,Germany,2026-08-23 12:17:19,False,False,Germany,,,
4111,88,Data Analyst,Product Data Analyst,"Stuttgart, Germany",via Robota.ua,Contractor,False,Germany,2026-09-22 19:48:12,False,True,Germany,,,
4112,107,Senior Data Scientist,Senior Data Scientist,"Cologne, Germany",via StepStone,Internship,True,Germany,2026-09-13 23:28:34,False,False,Germany,,,
4113,126,Data Analyst,Business Data Analyst,"Kharkiv, Ukraine",via NoFluffJobs,Internship,False,Ukraine,2026-09-14 14:38:10,False,False,Ukraine,,,
4114,41,Senior Data Analyst,Lead Data Analyst,"Vinnytsia, Ukraine",via StepStone,Full-time,False,Ukraine,2026-09-24 20:15:57,False,False,Ukraine,year,40862.0,
4115,59,Data Engineer,ETL Developer,"Gdansk, Poland",via Glassdoor,Internship,False,Poland,2026-09-19 10:41:07,False,False,Poland,year,33659.0,
4116,98,Data Scientist,Junior Data Scientist,"Dusseldorf, Germany",via Djinni,Internship,False,Germany,2026-08-31 13:57:32,True,False,Germany,year,46287.0,
4117,49,Business Analyst,BI Analyst,"Wroclaw, Poland",via LinkedIn,Internship,False,Poland,2026-08-21 09:01:33,False,False,Poland,year,27485.0,
4118,86,Data Analyst,Junior Data Analyst,Anywhere,via Rabota.ua,Contractor,True,Germany,2026-09-21 17:54:32,False,True,Germany,,,
4119,129,Data Analyst,Data Analyst (Marketing),"Ivano-Frankivsk, Ukraine",via Djinni,Full-time,False,Ukraine,2026-08-15 21:31:36,False,False,Ukraine,,,
4120,38,Data Analyst,Product Data Analyst,"Dnipro, Ukraine",via LinkedIn,Full-time,False,Ukraine,2026-09-23 14:11:47,True,True,Ukraine,,,
4121,19,Senior Data Engineer,Senior Data Engineer,"Dnipro, Ukraine",via NoFluffJobs,Contractor,False,Ukraine,2026-08-31 19:11:09,False,True,Ukraine,year,34145.0,
4122,130,Data Analyst,Data Analyst (Marketing),"Kharkiv, Ukraine",via Glassdoor,Contractor,False,Ukraine,2026-08-20 21:14:20,True,False,Ukraine,,,
4123,82,Data Analyst,Product Data Analyst,"Berlin, Germany",via Glassdoor,Full-time,False,Germany,2026-09-11 11:25:05,True,False,Germany,,,
4124,108,Data Scientist,Junior Data Scientist,"Hamburg, Germany",via Djinni,Full-time,False,Germany,2026-09-20 19:55:55,False,True,Germany,,,
4125,59,Senior Data Analyst,Lead Data Analyst,"Krakow, Poland",via Xing,Full-time,True,Poland,2026-09-11 11:02:18,False,False,Poland,year,52913.0,
4126,112,Data Analyst,Product Data Analyst,"Dusseldorf, Germany",via Indeed,Full-time,False,Germany,2026-08-29 06:24:21,False,True,Germany,,,
4127,65,Data Engineer,Junior Data Engineer,"Poznan, Poland",via Rabota.ua,Contractor,True,Poland,2026-09-16 17:02:48,False,False,Poland,hour,,7.26
4128,3,Data Analyst,Product Data Analyst,"Dnipro, Ukraine",via Pracuj.pl,Full-time,False,Ukraine,2026-08-20 20:23:32,False,True,Ukraine,year,22053.0,
4129,48,Data Analyst,Junior Data Analyst,"Katowice, Poland",via Rabota.ua,Contractor,False,Poland,2026-08-24 10:20:41,False,False,Poland,,,
4130,89,Data Analyst,Business Data Analyst,"Stuttgart, Germany",via Robota.ua,Full-time,False,Germany,2026-08-23 04:06:54,True,True,Germany,year,67444.0,
4131,35,Data Scientist,Junior Data Scientist,"Vinnytsia, Ukraine",via Robota.ua,Contractor,False,Ukraine,2026-09-23 03:18:11,False,False,Ukraine,,,
4132,126,Data Analyst,Data Quality Analyst,"Lviv, Ukraine",via Pracuj.pl,Part-time,True,Ukraine,2026-09-22 07:52:11,True,True,Ukraine,,,
4133,115,Senior Data Scientist,Senior Data Scientist,Anywhere,via Xing,Full-time,True,Ukraine,2026-09-09 13:45:07,True,True,Ukraine,,,
4134,10,Business Analyst,BI Analyst,"Kyiv, Ukraine",via Rabota.ua,Full-time,False,Ukraine,2026-08-20 07:44:14,True,True,Ukraine,,,
4135,70,Data Analyst,Data Quality Analyst,"Gdansk, Poland",via Work.ua,Part-time,False,Poland,2026-09-23 14:22:18,False,True,Poland,year,27425.0,
4136,82,Senior Data Engineer,Senior Data Engineer,"Dusseldorf, Germany",via Robota.ua,Contractor,False,Germany,2026-09-09 10:01:53,False,True,Germany,,,
4137,25,Data Scientist,Data Scientist,"Odesa, Ukraine",via Djinni,Full-time,True,Ukraine,2026-08-27 19:54:29,True,True,Ukraine,,,
4138,54,Senior Data Engineer,Senior Data Engineer,"Warsaw, Poland",via LinkedIn,Full-time,False,Poland,2026-09-16 07:17:36,False,True,Poland,,,
4139,36,Machine Learning Engineer,Machine Learning Engineer,"Lviv, Ukraine",via Djinni,Internship,False,Ukraine,2026-08-18 04:21:11,False,False,Ukraine,,,
4140,4,Data Analyst,Junior Data Analyst,"Dnipro, Ukraine",via Glassdoor,Full-time,True,Ukraine,2026-08-29 06:01:28,False,True,Ukraine,,,
4141,46,Data Engineer,Power BI Developer,"Krakow, Poland",via Robota.ua,Full-time,True,Poland,2026-08-24 16:57:13,True,False,Poland,,,
4142,76,Data Analyst,Business Data Analyst,Anywhere,via Xing,Full-time,True,Poland,2026-08-16 00:40:12,True,True,Poland,,,
4143,43,Data Scientist,Junior Data Scientist,"Lviv, Ukraine",via Djinni,Contractor,False,Ukraine,2026-09-07 22:32:23,True,False,Ukraine,,,
4144,117,Senior Data Engineer,Lead Data Engineer,"Lodz, Poland",via Xing,Contractor,False,Poland,2026-08-26 14:38:58,False,False,Poland,,,
4145,15,Data Scientist,Junior Data Scientist,"Lviv, Ukraine",via Glassdoor,Internship,True,Ukraine,2026-08-31 09:39:17,True,False,Ukraine,,,
4146,49,Data Engineer,Data Engineer,"Wroclaw, Poland",via Indeed,Full-time,False,Poland,2026-08-17 04:59:44,False,True,Poland,,,
4147,58,Data Analyst,Product Data Analyst,Anywhere,via Djinni,Full-time,True,Poland,2026-08-17 11:03:07,True,False,Poland,,,
4148,87,Data Engineer,Junior Data Engineer,"Munich, Germany",via NoFluffJobs,Contractor,False,Germany,2026-09-20 15:06:45,False,False,Germany,,,
4149,26,Data Engineer,ETL Developer,"Kyiv, Ukraine",via Indeed,Full-time,True,Ukraine,2026-09-06 16:26:06,False,True,Ukraine,,,
4150,12,Data Scientist,Junior Data Scientist,"Dnipro, Ukraine",via Xing,Full-time,False,Ukraine,2026-09-22 15:13:28,False,False,Ukraine,,,
4151,78,Data Analyst,Product Data Analyst,"Frankfurt, Germany",via NoFluffJobs,Part-time,False,Germany,2026-09-08 05:26:13,False,False,Germany,,,
4152,96,Senior Data Engineer,Lead Data Engineer,"Dusseldorf, Germany",via StepStone,Full-time,False,Germany,2026-09-14 16:36:16,True,True,Germany,,,
4153,116,Data Analyst,Data Analyst (Marketing),"Frankfurt, Germany",via Indeed,Full-time,True,Germany,2026-09-01 04:34:29,False,True,Germany,,,
4154,92,Data Analyst,Data Analyst (Finance),"Cologne, Germany",via Indeed,Part-time,False,Germany,2026-08-27 10:50:01,True,True,Germany,,,
4155,48,Software Engineer,Data Software Engineer,"Gdansk, Poland",via Robota.ua,Contractor,False,Poland,2026-08-29 18:34:15,False,False,Poland,,,
4156,6,Data Analyst,Data Analyst (Finance),"Vinnytsia, Ukraine",via LinkedIn,Full-time,True,Ukraine,2026-09-22 03:46:38,False,True,Ukraine,,,
4157,7,Senior Data Engineer,Senior Data Engineer,Anywhere,via StepStone,Internship,True,Ukraine,2026-08-24 04:54:14,False,True,Ukraine,,,
4158,21,Cloud Engineer,Cloud Data Engineer,"Kharkiv, Ukraine",via LinkedIn,Contractor,False,Ukraine,2026-09-09 13:17:19,True,True,Ukraine,,,
4159,104,Data Engineer,Analytics Engineer,"Dusseldorf, Germany",via Rabota.ua,Part-time,False,Germany,2026-09-03 04:37:46,True,True,Germany,,,
4160,105,Data Engineer,Power BI Developer,"Dusseldorf, Germany",via NoFluffJobs,Full-time,False,Germany,2026-09-02 01:10:39,False,True,Germany,,,
4161,37,Data Analyst,Junior Data Analyst,Anywhere,via Robota.ua,Part-time,True,Ukraine,2026-08-15 03:45:47,False,False,Ukraine,,,
4162,126,Data Engineer,Power BI Developer,"Dnipro, Ukraine",via Djinni,Internship,False,Ukraine,2026-08-27 19:33:53,True,False,Ukraine,,,
4163,128,Data Engineer,Analytics Engineer,"Poznan, Poland",via Work.ua,Full-time,False,Poland,2026-09-13 03:46:20,False,False,Poland,,,
4164,33,Data Engineer,ETL Developer,"Kyiv, Ukraine",via Robota.ua,Part-time,False,Ukraine,2026-08-31 20:32:15,True,False,Ukraine,,,
4165,122,Data Analyst,Product Data Analyst,"Lviv, Ukraine",via Rabota.ua,Full-time,False,Ukraine,2026-08-20 22:35:54,True,False,Ukraine,,,
4166,42,Cloud Engineer,Cloud Data Engineer,"Kharkiv, Ukraine",via Pracuj.pl,Internship,False,Ukraine,2026-08-25 10:07:57,False,False,Ukraine,,,
4167,11,Senior Data Scientist,Senior Data Scientist,"Dnipro, Ukraine",via Work.ua,Full-time,False,Ukraine,2026-09-17 11:10:01,False,False,Ukraine,,,
4168,101,Data Engineer,Analytics Engineer,"Hamburg, Germany",via NoFluffJobs,Full-time,False,Germany,2026-08-26 08:19:16,False,False,Germany,,,
4169,70,Senior Data Analyst,Lead Data Analyst,"Lodz, Poland",via Glassdoor,Contractor,False,Poland,2026-09-04 02:25:25,False,False,Poland,hour,,22.04
4170,115,Data Analyst,Data Analyst,"Dnipro, Ukraine",via StepStone,Internship,True,Ukraine,2026-08-27 18:12:27,False,False,Ukraine,,,
4171,50,Data Scientist,Data Scientist,Anywhere,via Djinni,Full-time,True,Poland,2026-08-28 10:40:21,False,True,Poland,,,
4172,87,Data Engineer,Junior Data Engineer,"Stuttgart, Germany",via StepStone,Part-time,False,Germany,2026-09-15 00:51:16,True,False,Germany,year,45585.0,
4173,70,Data Engineer,Power BI Developer,"Poznan, Poland",via Glassdoor,Full-time,True,Poland,2026-09-13 10:44:10,True,False,Poland,,,
4174,101,Business Analyst,Business Analyst,"Hamburg, Germany",via Indeed,Full-time,False,Germany,2026-09-04 09:00:00,True,True,Germany,,,
4175,111,Data Scientist,Data Scientist,"Cologne, Germany",via Xing,Full-time,False,Germany,2026-09-09 18:20:46,False,False,Germany,year,54164.0,
4176,32,Data Analyst,Business Data Analyst,"Kharkiv, Ukraine",via Glassdoor,Part-time,False,Ukraine,2026-08-28 03:25:25,True,False,Ukraine,year,19336.0,
4177,96,Senior Data Scientist,Senior Data Scientist,"Stuttgart, Germany",via NoFluffJobs,Part-time,True,Germany,2026-09-19 04:46:32,True,False,Germany,,,
4178,3,Data Analyst,Data Analyst,"Kharkiv, Ukraine",via Pracuj.pl,Part-time,False,Ukraine,2026-08-20 19:09:37,True,False,Ukraine,,,
4179,94,Senior Data Engineer,Lead Data Engineer,"Frankfurt, Germany",via LinkedIn,Full-time,False,Germany,2026-09-24 15:26:13,True,False,Germany,year,77221.0,
4180,111,Business Analyst,BI Analyst,"Cologne, Germany",via Djinni,Contractor,False,Germany,2026-09-15 17:33:23,False,True,Germany,,,
4181,23,Software Engineer,Data Software Engineer,Anywhere,via Robota.ua,Part-time,True,Ukraine,2026-09-14 09:04:10,False,False,Ukraine,year,18230.0,
4182,4,Senior Data Analyst,Senior Data Analyst,"Lviv, Ukraine",via Pracuj.pl,Full-time,False,Ukraine,2026-08-27 14:16:45,True,False,Ukraine,,,
4183,74,Senior Data Analyst,Senior Data Analyst,"Poznan, Poland",via Xing,Contractor,True,Poland,2026-09-24 05:56:16,True,True,Poland,hour,,26.31
4184,6,Data Scientist,Junior Data Scientist,"Lviv, Ukraine",via Indeed,Full-time,False,Ukraine,2026-08-30 21:37:12,True,False,Ukraine,year,9876.0,
4185,111,Data Engineer,Data Engineer,"Cologne, Germany",via Indeed,Full-time,False,Germany,2026-08-24 22:07:58,True,False,Germany,,,
4186,115,Senior Data Analyst,Senior Data Analyst,"Kharkiv, Ukraine",via Xing,Contractor,False,Ukraine,2026-09-17 05:35:01,False,True,Ukraine,,,
4187,112,Data Analyst,Junior Data Analyst,"Stuttgart, Germany",via Indeed,Contractor,True,Germany,2026-08-27 03:32:16,False,True,Germany,hour,,27.49
4188,53,Data Analyst,Junior Data Analyst,Anywhere,via Pracuj.pl,Contractor,True,Poland,2026-09-23 21:41:46,False,False,Poland,,,
4189,22,Data Scientist,Junior Data Scientist,"Ivano-Frankivsk, Ukraine",via Glassdoor,Full-time,False,Ukraine,2026-08-30 17:55:58,True,False,Ukraine,year,12984.0,
4190,35,Data Engineer,Data Engineer,"Dnipro, Ukraine",via LinkedIn,Contractor,False,Ukraine,2026-08-17 12:29:52,False,False,Ukraine,,,
4191,118,Data Scientist,Junior Data Scientist,"Kyiv, Ukraine",via Work.ua,Full-time,False,Ukraine,2026-09-15 08:57:59,False,False,Ukraine,,,
4192,76,Data Analyst,Junior Data Analyst,Anywhere,via LinkedIn,Full-time,True,Poland,2026-09-23 06:37:23,True,False,Poland,,,
4193,100,Data Analyst,Junior Data Analyst,Anywhere,via Rabota.ua,Internship,True,Germany,2026-09-23 06:48:56,True,False,Germany,,,
4194,114,Senior Data Analyst,Lead Data Analyst,"Kharkiv, Ukraine",via Djinni,Full-time,True,Ukraine,2026-09-23 12:31:28,True,True,Ukraine,,,
4195,103,Data Analyst,Junior Data Analyst,"Berlin, Germany",via Work.ua,Full-time,True,Germany,2026-08-29 23:24:37,True,True,Germany,,,
4196,12,Data Scientist,Junior Data Scientist,"Kharkiv, Ukraine",via LinkedIn,Full-time,False,Ukraine,2026-09-03 18:38:46,True,False,Ukraine,year,9780.0,
4197,91,Senior Data Analyst,Lead Data Analyst,Anywhere,via Pracuj.pl,Internship,True,Germany,2026-09-12 13:32:20,False,False,Germany,,,
4198,67,Data Engineer,BI Developer,"Gdansk, Poland",via Pracuj.pl,Full-time,False,Poland,2026-09-10 19:39:13,False,True,Poland,,,
4199,26,Data Analyst,Junior Data Analyst,Anywhere,via Djinni,Full-time,True,Ukraine,2026-08-22 20:54:40,False,True,Ukraine,year,12835.0,
4200,102,Senior Data Engineer,Lead Data Engineer,"Dusseldorf, Germany",via Rabota.ua,Full-time,True,Germany,2026-09-24 00:41:47,False,True,Germany,,,
4201,60,Data Engineer,Junior Data Engineer,"Wroclaw, Poland",via Pracuj.pl,Full-time,False,Poland,2026-08-23 05:44:55,False,True,Poland,,,
4202,32,Data Analyst,Data Analyst,"Vinnytsia, Ukraine",via Pracuj.pl,Full-time,False,Ukraine,2026-09-05 16:08:31,False,False,Ukraine,,,
4203,40,Business Analyst,Business Intelligence Analyst,"Kyiv, Ukraine",via NoFluffJobs,Full-time,True,Ukraine,2026-08-26 11:58:09,False,True,Ukraine,,,
4204,82,Business Analyst,BI Analyst,"Hamburg, Germany",via NoFluffJobs,Internship,True,Germany,2026-09-09 15:23:20,True,True,Germany,,,
4205,18,Business Analyst,BI Analyst,"Kharkiv, Ukraine",via Indeed,Part-time,False,Ukraine,2026-08-21 03:03:56,True,True,Ukraine,,,
4206,42,Data Engineer,BI Developer,"Ivano-Frankivsk, Ukraine",via Rabota.ua,Full-time,False,Ukraine,2026-09-07 07:31:26,False,True,Ukraine,,,
4207,39,Machine Learning Engineer,Machine Learning Engineer,"Lviv, Ukraine",via Pracuj.pl,Part-time,False,Ukraine,2026-09-18 10:05:17,True,False,Ukraine,,,
4208,50,Business Analyst,Junior Business Analyst,"Poznan, Poland",via LinkedIn,Full-time,False,Poland,2026-08-22 05:23:45,True,True,Poland,,,
4209,105,Data Engineer,Power BI Developer,"Frankfurt, Germany",via Pracuj.pl,Full-time,False,Germany,2026-08-25 01:38:10,True,True,Germany,year,74728.0,
4210,106,Data Analyst,Product Data Analyst,Anywhere,via Robota.ua,Part-time,True,Germany,2026-09-04 09:04:45,False,False,Germany,,,
4211,27,Data Engineer,Junior Data Engineer,"Ivano-Frankivsk, Ukraine",via Pracuj.pl,Full-time,False,Ukraine,2026-09-25 16:02:02,False,True,Ukraine,,,
4212,72,Machine Learning Engineer,Machine Learning Engineer,"Warsaw, Poland",via NoFluffJobs,Part-time,False,Poland,2026-09-01 16:49:05,True,False,Poland,,,
4213,132,Data Analyst,Junior Data Analyst,"Lviv, Ukraine",via Glassdoor,Contractor,False,Ukraine,2026-09-23 16:29:20,False,False,Ukraine,,,
4214,23,Data Analyst,Junior Data Analyst,"Kyiv, Ukraine",via Glassdoor,Internship,True,Ukraine,2026-09-02 11:19:27,False,True,Ukraine,,,
4215,37,Data Engineer,Analytics Engineer,"Ivano-Frankivsk, Ukraine",via Xing,Contractor,True,Ukraine,2026-09-22 10:54:22,True,True,Ukraine,hour,,11.51
4216,108,Data Engineer,Data Engineer,"Hamburg, Germany",via StepStone,Part-time,False,Germany,2026-09-15 15:11:48,False,False,Germany,,,
4217,103,Data Engineer,Analytics Engineer,"Hamburg, Germany",via Djinni,Part-time,False,Germany,2026-08-17 13:09:41,False,False,Germany,year,61064.0,
4218,70,Senior Data Engineer,Senior Data Engineer,"Lodz, Poland",via Rabota.ua,Internship,True,Poland,2026-08-24 13:16:03,True,True,Poland,,,
4219,55,Data Analyst,Data Analyst (Marketing),"Krakow, Poland",via Djinni,Full-time,True,Poland,2026-09-24 16:29:56,True,True,Poland,,,
4220,99,Business Analyst,BI Analyst,"Munich, Germany",via Pracuj.pl,Internship,False,Germany,2026-08-17 22:34:49,True,False,Germany,,,
4221,16,Data Analyst,Business Data Analyst,Anywhere,via Indeed,Internship,True,Ukraine,2026-09-04 00:56:48,True,False,Ukraine,,,
4222,83,Senior Data Analyst,Lead Data Analyst,"Munich, Germany",via Xing,Full-time,False,Germany,2026-08-26 02:41:22,True,True,Germany,,,
4223,44,Business Analyst,Business Analyst,"Dnipro, Ukraine",via Glassdoor,Full-time,False,Ukraine,2026-08-15 13:37:21,False,True,Ukraine,,,
4224,93,Data Analyst,Data Analyst (Marketing),Anywhere,via Glassdoor,Internship,True,Germany,2026-08-22 16:05:14,True,True,Germany,year,56060.0,
4225,120,Senior Data Analyst,Senior Data Analyst,"Kyiv, Ukraine",via Rabota.ua,Part-time,False,Ukraine,2026-09-15 21:19:47,False,False,Ukraine,,,
4226,9,Data Analyst,Data Quality Analyst,Anywhere,via Pracuj.pl,Full-time,True,Ukraine,2026-09-23 23:42:47,False,False,Ukraine,,,
4227,61,Data Analyst,Data Quality Analyst,"Gdansk, Poland",via Glassdoor,Part-time,True,Poland,2026-09-06 20:35:43,True,True,Poland,,,
4228,30,Data Analyst,Data Quality Analyst,"Ivano-Frankivsk, Ukraine",via Robota.ua,Full-time,False,Ukraine,2026-09-23 20:34:50,False,False,Ukraine,,,
4229,99,Data Analyst,Data Analyst (Finance),"Hamburg, Germany",via LinkedIn,Full-time,False,Germany,2026-09-13 18:31:48,True,True,Germany,,,
4230,75,Senior Data Analyst,Senior Data Analyst,"Lodz, Poland",via Work.ua,Full-time,False,Poland,2026-08-15 12:25:23,False,True,Poland,,,
4231,2,Senior Data Analyst,Senior Data Analyst,"Kyiv, Ukraine",via LinkedIn,Contractor,False,Ukraine,2026-08-19 03:56:55,False,False,Ukraine,year,32739.0,
4232,108,Data Analyst,Data Analyst (Marketing),"Stuttgart, Germany",via NoFluffJobs,Full-time,False,Germany,2026-08-19 09:41:15,False,False,Germany,year,71147.0,
4233,89,Data Engineer,BI Developer,"Frankfurt, Germany",via Xing,Contractor,False,Germany,2026-09-05 16:40:56,False,True,Germany,,,
4234,98,Data Scientist,Junior Data Scientist,"Dusseldorf, Germany",via Xing,Full-time,False,Germany,2026-09-25 12:42:15,False,True,Germany,year,44304.0,
4235,68,Business Analyst,Business Analyst,"Gdansk, Poland",via Xing,Full-time,False,Poland,2026-08-22 21:28:32,False,True,Poland,,,
4236,67,Senior Data Engineer,Senior Data Engineer,"Gdansk, Poland",via Robota.ua,Full-time,False,Poland,2026-08-22 04:20:18,False,True,Poland,year,42547.0,
4237,125,Senior Data Engineer,Lead Data Engineer,"Munich, Germany",via LinkedIn,Internship,True,Germany,2026-09-20 07:58:30,True,True,Germany,year,78455.0,
4238,107,Data Scientist,Data Scientist,"Dusseldorf, Germany",via NoFluffJobs,Internship,False,Germany,2026-09-15 05:58:38,False,True,Germany,,,
4239,81,Data Analyst,Data Quality Analyst,"Munich, Germany",via Djinni,Internship,False,Germany,2026-08-15 09:41:24,False,True,Germany,,,
4240,70,Data Engineer,Analytics Engineer,"Katowice, Poland",via Rabota.ua,Contractor,True,Poland,2026-09-12 12:23:52,True,True,Poland,,,
4241,11,Business Analyst,Business Intelligence Analyst,"Ivano-Frankivsk, Ukraine",via NoFluffJobs,Full-time,True,Ukraine,2026-08-22 20:58:49,False,False,Ukraine,,,
4242,4,Data Scientist,Junior Data Scientist,"Lviv, Ukraine",via Work.ua,Full-time,False,Ukraine,2026-09-06 03:46:28,False,False,Ukraine,,,
4243,0,Data Scientist,Junior Data Scientist,"Vinnytsia, Ukraine",via Pracuj.pl,Internship,True,Ukraine,2026-09-07 07:42:32,False,False,Ukraine,year,10510.0,
4244,95,Data Engineer,ETL Developer,"Dusseldorf, Germany",via Robota.ua,Full-time,False,Germany,2026-08-19 09:18:37,False,False,Germany,year,56119.0,
4245,4,Data Analyst,Data Analyst (Marketing),"Dnipro, Ukraine",via Indeed,Part-time,False,Ukraine,2026-08-20 14:20:30,False,True,Ukraine,year,18456.0,
4246,121,Data Analyst,Data Analyst (Marketing),"Stuttgart, Germany",via Pracuj.pl,Internship,False,Germany,2026-09-06 08:51:09,False,False,Germany,,,
4247,52,Senior Data Analyst,Lead Data Analyst,Anywhere,via Rabota.ua,Part-time,True,Poland,2026-09-12 04:13:01,False,True,Poland,,,
4248,27,Data Analyst,Product Data Analyst,"Lviv, Ukraine",via Xing,Full-time,False,Ukraine,2026-08-19 16:07:24,False,False,Ukraine,,,
4249,51,Business Analyst,BI Analyst,"Gdansk, Poland",via Pracuj.pl,Part-time,True,Poland,2026-09-24 19:42:23,False,True,Poland,year,23947.0,
4250,33,Data Engineer,Data Engineer,"Kharkiv, Ukraine",via LinkedIn,Full-time,False,Ukraine,2026-09-05 06:15:07,False,True,Ukraine,,,
4251,111,Data Analyst,Data Analyst (Finance),"Hamburg, Germany",via Work.ua,Contractor,False,Germany,2026-09-21 14:32:22,False,True,Germany,,,
4252,64,Business Analyst,BI Analyst,"Katowice, Poland",via NoFluffJobs,Full-time,False,Poland,2026-09-02 20:45:07,True,False,Poland,,,
4253,33,Data Engineer,ETL Developer,"Kharkiv, Ukraine",via NoFluffJobs,Part-time,True,Ukraine,2026-09-11 00:22:13,False,False,Ukraine,,,
4254,40,Software Engineer,Data Software Engineer,"Kharkiv, Ukraine",via Glassdoor,Full-time,False,Ukraine,2026-09-01 06:30:05,False,True,Ukraine,year,22669.0,
4255,118,Data Scientist,Data Scientist,"Lviv, Ukraine",via LinkedIn,Full-time,False,Ukraine,2026-09-05 04:44:46,False,False,Ukraine,,,
4256,8,Business Analyst,Business Intelligence Analyst,"Vinnytsia, Ukraine",via Indeed,Contractor,False,Ukraine,2026-09-24 05:55:59,False,False,Ukraine,hour,,9.06
4257,120,Data Analyst,Product Data Analyst,"Lviv, Ukraine",via LinkedIn,Full-time,True,Ukraine,2026-09-22 01:33:53,True,False,Ukraine,,,
4258,99,Data Analyst,Business Data Analyst,"Stuttgart, Germany",via Work.ua,Full-time,False,Germany,2026-09-12 07:12:29,False,False,Germany,,,
4259,13,Senior Data Analyst,Senior Data Analyst,"Kharkiv, Ukraine",via Pracuj.pl,Part-time,False,Ukraine,2026-08-21 07:42:07,True,True,Ukraine,year,40796.0,
4260,60,Data Scientist,Data Scientist,Anywhere,via Djinni,Full-time,True,Poland,2026-09-18 08:09:22,False,False,Poland,,,
4261,60,Data Engineer,Junior Data Engineer,"Wroclaw, Poland",via Pracuj.pl,Full-time,True,Poland,2026-09-09 09:33:17,False,False,Poland,,,
4262,66,Senior Data Scientist,Senior Data Scientist,"Krakow, Poland",via Pracuj.pl,Full-time,False,Poland,2026-08-26 08:15:18,False,True,Poland,year,59106.0,
4263,121,Senior Data Engineer,Senior Data Engineer,"Stuttgart, Germany",via Djinni,Internship,True,Germany,2026-09-14 11:29:22,True,False,Germany,,,
4264,46,Data Analyst,Business Data Analyst,"Lodz, Poland",via Pracuj.pl,Full-time,False,Poland,2026-08-29 23:10:27,False,False,Poland,,,
4265,35,Data Scientist,Junior Data Scientist,Anywhere,via LinkedIn,Full-time,True,Ukraine,2026-09-08 20:15:38,False,True,Ukraine,,,
4266,63,Senior Data Analyst,Lead Data Analyst,"Gdansk, Poland",via StepStone,Full-time,False,Poland,2026-09-18 11:21:25,False,False,Poland,,,
4267,75,Data Scientist,Data Scientist,Anywhere,via Robota.ua,Full-time,True,Poland,2026-08-17 14:01:22,True,False,Poland,year,33109.0,
4268,126,Data Analyst,Data Quality Analyst,"Kyiv, Ukraine",via Work.ua,Full-time,False,Ukraine,2026-09-04 10:13:35,True,True,Ukraine,,,
4269,114,Data Analyst,Junior Data Analyst,"Lviv, Ukraine",via Xing,Internship,True,Ukraine,2026-09-25 04:14:43,False,False,Ukraine,year,14835.0,
4270,32,Business Analyst,Business Analyst,"Lviv, Ukraine",via LinkedIn,Full-time,False,Ukraine,2026-09-03 23:41:59,True,True,Ukraine,year,21035.0,
4271,130,Data Analyst,Data Quality Analyst,"Lviv, Ukraine",via StepStone,Full-time,False,Ukraine,2026-08-17 06:08:13,False,True,Ukraine,year,18466.0,
4272,106,Data Engineer,Junior Data Engineer,"Stuttgart, Germany",via Robota.ua,Part-time,False,Germany,2026-08-28 21:04:52,True,False,Germany,,,
4273,26,Data Engineer,ETL Developer,Anywhere,via Pracuj.pl,Contractor,True,Ukraine,2026-09-20 23:10:15,False,False,Ukraine,,,
4274,22,Business Analyst,Junior Business Analyst,"Odesa, Ukraine",via Robota.ua,Full-time,True,Ukraine,2026-09-16 12:35:13,True,False,Ukraine,,,
4275,130,Data Engineer,Analytics Engineer,"Odesa, Ukraine",via Indeed,Part-time,False,Ukraine,2026-09-25 00:56:25,False,False,Ukraine,,,
4276,109,Senior Data Scientist,Senior Data Scientist,"Frankfurt, Germany",via Djinni,Internship,False,Germany,2026-09-02 05:22:04,False,False,Germany,,,
4277,15,Senior Data Analyst,Senior Data Analyst,Anywhere,via Work.ua,Full-time,True,Ukraine,2026-09-19 05:54:03,False,False,Ukraine,,,
4278,12,Data Analyst,Product Data Analyst,"Kharkiv, Ukraine",via Pracuj.pl,Internship,True,Ukraine,2026-09-09 10:16:18,False,False,Ukraine,,,
4279,86,Machine Learning Engineer,Machine Learning Engineer,"Frankfurt, Germany",via NoFluffJobs,Full-time,True,Germany,2026-09-10 13:18:17,False,True,Germany,,,
4280,64,Business Analyst,Junior Business Analyst,"Gdansk, Poland",via StepStone,Part-time,True,Poland,2026-09-22 16:12:43,True,True,Poland,year,15324.0,
4281,96,Data Engineer,ETL Developer,"Berlin, Germany",via StepStone,Full-time,False,Germany,2026-08-31 19:37:05,False,False,Germany,,,
4282,98,Cloud Engineer,Cloud Data Engineer,"Frankfurt, Germany",via Indeed,Internship,False,Germany,2026-09-15 21:25:20,True,False,Germany,,,
4283,50,Business Analyst,Business Intelligence Analyst,"Warsaw, Poland",via StepStone,Part-time,False,Poland,2026-09-06 01:54:03,True,False,Poland,,,
4284,56,Data Analyst,Data Analyst (Finance),"Lodz, Poland",via Robota.ua,Part-time,False,Poland,2026-08-17 23:58:21,False,False,Poland,,,
4285,117,Business Analyst,BI Analyst,"Warsaw, Poland",via Robota.ua,Contractor,True,Poland,2026-08-27 23:56:27,False,False,Poland,,,
4286,50,Data Analyst,Business Data Analyst,"Krakow, Poland",via Robota.ua,Full-time,False,Poland,2026-09-16 18:09:49,False,False,Poland,,,
4287,31,Data Analyst,Product Data Analyst,"Kyiv, Ukraine",via StepStone,Full-time,False,Ukraine,2026-09-13 01:14:39,True,False,Ukraine,,,
4288,121,Data Analyst,Data Analyst,Anywhere,via NoFluffJobs,Full-time,True,Germany,2026-09-25 11:51:46,False,True,Germany,,,
4289,28,Data Analyst,Product Data Analyst,"Lviv, Ukraine",via Pracuj.pl,Internship,False,Ukraine,2026-09-21 01:07:50,False,False,Ukraine,,,
4290,3,Data Analyst,Data Analyst (Marketing),"Lviv, Ukraine",via Djinni,Full-time,False,Ukraine,2026-09-04 20:06:12,False,False,Ukraine,,,
4291,1,Senior Data Analyst,Senior Data Analyst,"Dnipro, Ukraine",via Xing,Full-time,True,Ukraine,2026-09-03 15:07:07,True,True,Ukraine,,,
4292,119,Data Analyst,Data Analyst (Finance),"Vinnytsia, Ukraine",via Indeed,Full-time,False,Ukraine,2026-09-03 18:37:05,False,True,Ukraine,,,
4293,48,Data Analyst,Data Analyst,"Wroclaw, Poland",via Djinni,Contractor,False,Poland,2026-09-19 01:16:30,False,True,Poland,,,
4294,100,Data Analyst,Business Data Analyst,"Hamburg, Germany",via Indeed,Full-time,False,Germany,2026-09-14 14:10:23,True,False,Germany,,,
4295,16,Data Scientist,Junior Data Scientist,"Odesa, Ukraine",via StepStone,Internship,False,Ukraine,2026-09-11 18:54:41,False,True,Ukraine,year,12696.0,
4296,80,Data Analyst,Junior Data Analyst,"Cologne, Germany",via NoFluffJobs,Contractor,False,Germany,2026-09-10 16:34:59,False,False,Germany,hour,,24.2
4297,44,Data Engineer,BI Developer,"Ivano-Frankivsk, Ukraine",via Xing,Internship,False,Ukraine,2026-09-13 03:46:12,True,False,Ukraine,year,25268.0,
4298,49,Data Scientist,Data Scientist,Anywhere,via NoFluffJobs,Internship,True,Poland,2026-09-11 16:07:35,False,False,Poland,,,
4299,36,Data Scientist,Data Scientist,"Odesa, Ukraine",via LinkedIn,Part-time,False,Ukraine,2026-08-24 09:54:22,True,True,Ukraine,,,
4300,77,Data Analyst,Data Analyst (Marketing),"Katowice, Poland",via Pracuj.pl,Full-time,False,Poland,2026-08-26 19:21:03,False,False,Poland,,,
4301,58,Data Analyst,Data Quality Analyst,"Gdansk, Poland",via Xing,Part-time,True,Poland,2026-08-29 13:26:41,True,False,Poland,year,28642.0,
4302,52,Machine Learning Engineer,Machine Learning Engineer,"Wroclaw, Poland",via Djinni,Full-time,True,Poland,2026-09-21 03:41:46,True,False,Poland,year,27175.0,
4303,97,Senior Data Scientist,Senior Data Scientist,"Berlin, Germany",via NoFluffJobs,Part-time,False,Germany,2026-09-11 22:32:43,False,False,Germany,year,97018.0,
4304,56,Data Analyst,Data Analyst,"Warsaw, Poland",via Work.ua,Internship,False,Poland,2026-09-24 17:52:42,False,True,Poland,,,
4305,107,Data Analyst,Product Data Analyst,"Hamburg, Germany",via Pracuj.pl,Part-time,False,Germany,2026-09-25 12:25:54,False,True,Germany,year,70281.0,
4306,8,Cloud Engineer,Cloud Data Engineer,"Odesa, Ukraine",via StepStone,Contractor,False,Ukraine,2026-09-09 10:40:56,False,False,Ukraine,,,
4307,67,Senior Data Scientist,Senior Data Scientist,"Katowice, Poland",via LinkedIn,Contractor,False,Poland,2026-08-21 13:08:29,False,False,Poland,,,
4308,31,Data Analyst,Data Quality Analyst,"Vinnytsia, Ukraine",via Pracuj.pl,Part-time,False,Ukraine,2026-09-10 14:10:24,False,True,Ukraine,,,
4309,73,Business Analyst,Business Intelligence Analyst,"Gdansk, Poland",via Rabota.ua,Part-time,False,Poland,2026-09-09 16:12:21,True,False,Poland,,,
4310,58,Business Analyst,Business Intelligence Analyst,"Gdansk, Poland",via Xing,Internship,False,Poland,2026-08-30 11:58:22,False,False,Poland,,,
4311,109,Data Analyst,Data Analyst (Marketing),"Munich, Germany",via Work.ua,Full-time,False,Germany,2026-09-01 07:19:08,True,True,Germany,,,
4312,91,Data Engineer,Data Engineer,"Berlin, Germany",via LinkedIn,Internship,False,Germany,2026-08-27 04:46:11,False,False,Germany,,,
4313,13,Data Analyst,Junior Data Analyst,"Kharkiv, Ukraine",via NoFluffJobs,Full-time,False,Ukraine,2026-09-24 12:19:47,False,False,Ukraine,,,
4314,124,Data Engineer,Power BI Developer,Anywhere,via NoFluffJobs,Full-time,True,Germany,2026-09-07 05:45:20,False,True,Germany,,,
4315,99,Data Scientist,Junior Data Scientist,Anywhere,via Glassdoor,Part-time,True,Germany,2026-09-25 07:38:03,True,True,Germany,,,
4316,17,Data Analyst,Business Data Analyst,"Vinnytsia, Ukraine",via Indeed,Full-time,False,Ukraine,2026-09-17 17:45:59,False,False,Ukraine,year,23674.0,
4317,131,Senior Data Analyst,Senior Data Analyst,"Kharkiv, Ukraine",via Rabota.ua,Part-time,False,Ukraine,2026-08-21 03:40:47,False,False,Ukraine,,,
4318,48,Data Engineer,ETL Developer,"Gdansk, Poland",via Djinni,Full-time,False,Poland,2026-08-27 05:46:27,False,False,Poland,,,
4319,12,Business Analyst,Business Analyst,"Ivano-Frankivsk, Ukraine",via Indeed,Contractor,False,Ukraine,2026-08-19 23:16:16,False,False,Ukraine,,,
4320,102,Senior Data Analyst,Lead Data Analyst,"Hamburg, Germany",via Djinni,Internship,False,Germany,2026-09-17 23:20:56,False,True,Germany,,,
4321,93,Data Engineer,Data Engineer,Anywhere,via NoFluffJobs,Full-time,True,Germany,2026-08-16 20:27:48,True,True,Germany,year,55545.0,
4322,121,Data Analyst,Product Data Analyst,"Stuttgart, Germany",via Work.ua,Full-time,True,Germany,2026-09-02 03:10:12,False,False,Germany,,,
4323,97,Data Scientist,Junior Data Scientist,"Dusseldorf, Germany",via Work.ua,Internship,False,Germany,2026-09-17 19:26:46,True,True,Germany,,,
4324,62,Data Analyst,Business Data Analyst,"Wroclaw, Poland",via Djinni,Contractor,False,Poland,2026-09-10 01:48:59,False,True,Poland,,,
4325,4,Data Engineer,Analytics Engineer,Anywhere,via StepStone,Part-time,True,Ukraine,2026-08-27 08:56:33,True,True,Ukraine,,,
4326,30,Business Analyst,Junior Business Analyst,Anywhere,via Rabota.ua,Contractor,True,Ukraine,2026-09-25 02:40:42,False,False,Ukraine,,,
4327,10,Data Engineer,ETL Developer,"Lviv, Ukraine",via Pracuj.pl,Internship,True,Ukraine,2026-09-06 11:44:46,False,True,Ukraine,,,
4328,22,Data Analyst,Data Analyst (Marketing),Anywhere,via Work.ua,Contractor,True,Ukraine,2026-09-11 10:23:23,True,True,Ukraine,,,
4329,84,Business Analyst,Business Intelligence Analyst,"Hamburg, Germany",via LinkedIn,Internship,False,Germany,2026-08-26 19:37:55,False,True,Germany,,,
4330,9,Data Engineer,Data Engineer,"Lviv, Ukraine",via Indeed,Full-time,False,Ukraine,2026-09-16 19:49:09,False,False,Ukraine,year,16750.0,
4331,129,Data Engineer,Power BI Developer,"Vinnytsia, Ukraine",via LinkedIn,Full-time,True,Ukraine,2026-09-12 13:59:46,False,False,Ukraine,,,
4332,51,Data Scientist,Junior Data Scientist,"Wroclaw, Poland",via Xing,Full-time,False,Poland,2026-09-10 06:02:46,False,False,Poland,,,
4333,94,Machine Learning Engineer,Machine Learning Engineer,"Cologne, Germany",via Xing,Full-time,False,Germany,2026-08-26 17:53:39,False,True,Germany,,,
4334,100,Data Analyst,Business Data Analyst,"Dusseldorf, Germany",via Xing,Contractor,False,Germany,2026-09-15 12:44:48,True,True,Germany,hour,,38.69
4335,129,Business Analyst,Business Intelligence Analyst,"Kharkiv, Ukraine",via Djinni,Full-time,False,Ukraine,2026-09-21 22:49:12,True,True,Ukraine,year,24284.0,
4336,69,Data Analyst,Data Analyst (Marketing),"Wroclaw, Poland",via Indeed,Contractor,True,Poland,2026-09-25 08:04:33,False,False,Poland,,,
4337,100,Business Analyst,BI Analyst,"Cologne, Germany",via Pracuj.pl,Internship,False,Germany,2026-09-21 11:38:54,False,True,Germany,,,
4338,120,Data Analyst,Data Quality Analyst,Anywhere,via Glassdoor,Full-time,True,Ukraine,2026-08-15 17:43:03,False,False,Ukraine,,,
4339,5,Data Analyst,Data Analyst (Finance),"Lviv, Ukraine",via Pracuj.pl,Full-time,False,Ukraine,2026-08-29 05:55:44,False,False,Ukraine,,,
4340,16,Data Engineer,BI Developer,"Lviv, Ukraine",via LinkedIn,Full-time,False,Ukraine,2026-09-20 19:35:52,False,False,Ukraine,,,
4341,126,Data Analyst,Data Quality Analyst,"Dnipro, Ukraine",via Djinni,Part-time,False,Ukraine,2026-08-20 19:50:34,False,False,Ukraine,,,
4342,97,Data Scientist,Data Scientist,"Munich, Germany",via Pracuj.pl,Full-time,False,Germany,2026-08-25 11:48:45,True,False,Germany,year,71956.0,
4343,111,Data Analyst,Data Analyst (Finance),"Frankfurt, Germany",via StepStone,Part-time,False,Germany,2026-08-28 04:08:41,False,False,Germany,,,
4344,75,Data Analyst,Business Data Analyst,Anywhere,via Indeed,Full-time,True,Poland,2026-09-16 06:28:38,False,False,Poland,,,
4345,91,Senior Data Scientist,Senior Data Scientist,"Cologne, Germany",via StepStone,Part-time,True,Germany,2026-08-19 11:39:45,False,True,Germany,,,
4346,95,Data Engineer,BI Developer,"Frankfurt, Germany",via LinkedIn,Contractor,False,Germany,2026-09-09 13:31:38,False,False,Germany,,,
4347,4,Software Engineer,Data Software Engineer,Anywhere,via Indeed,Full-time,True,Ukraine,2026-09-17 22:30:00,False,True,Ukraine,,,
4348,95,Data Analyst,Junior Data Analyst,"Munich, Germany",via Indeed,Full-time,False,Germany,2026-08-24 01:52:00,True,False,Germany,,,
4349,18,Data Engineer,BI Developer,"Vinnytsia, Ukraine",via StepStone,Internship,False,Ukraine,2026-08-22 23:51:01,True,True,Ukraine,,,
4350,39,Data Scientist,Junior Data Scientist,"Dnipro, Ukraine",via Xing,Full-time,False,Ukraine,2026-09-23 15:18:09,False,True,Ukraine,,,
4351,52,Data Analyst,Data Analyst,"Warsaw, Poland",via Indeed,Full-time,False,Poland,2026-08-20 11:37:41,False,False,Poland,year,30286.0,
4352,119,Data Scientist,Junior Data Scientist,"Vinnytsia, Ukraine",via LinkedIn,Full-time,True,Ukraine,2026-09-18 20:25:36,False,True,Ukraine,year,11307.0,
4353,47,Data Engineer,Junior Data Engineer,"Wroclaw, Poland",via Pracuj.pl,Contractor,False,Poland,2026-09-19 06:21:00,True,False,Poland,year,15173.0,
4354,111,Data Analyst,Junior Data Analyst,"Stuttgart, Germany",via Indeed,Contractor,False,Germany,2026-09-06 15:58:34,False,True,Germany,,,
4355,131,Data Analyst,Data Analyst (Finance),"Kharkiv, Ukraine",via Glassdoor,Full-time,True,Ukraine,2026-08-24 13:25:36,False,False,Ukraine,,,
4356,67,Data Engineer,Junior Data Engineer,"Poznan, Poland",via NoFluffJobs,Contractor,False,Poland,2026-09-25 17:41:16,False,False,Poland,,,
4357,16,Data Analyst,Data Analyst (Marketing),Anywhere,via NoFluffJobs,Internship,True,Ukraine,2026-09-19 01:02:55,False,True,Ukraine,,,
4358,52,Data Analyst,Data Analyst (Marketing),"Warsaw, Poland",via Djinni,Contractor,False,Poland,2026-08-21 12:55:17,False,True,Poland,hour,,18.99
4359,17,Cloud Engineer,Cloud Data Engineer,Anywhere,via StepStone,Full-time,True,Ukraine,2026-08-21 03:24:36,True,True,Ukraine,,,
4360,102,Data Analyst,Data Analyst (Finance),Anywhere,via StepStone,Internship,True,Germany,2026-09-04 09:41:11,False,True,Germany,,,
4361,40,Data Engineer,Data Engineer,"Ivano-Frankivsk, Ukraine",via LinkedIn,Contractor,False,Ukraine,2026-09-12 16:23:10,False,True,Ukraine,hour,,13.17
4362,47,Senior Data Analyst,Senior Data Analyst,"Krakow, Poland",via Glassdoor,Full-time,False,Poland,2026-09-23 15:35:40,False,False,Poland,,,
4363,55,Data Analyst,Data Analyst,"Gdansk, Poland",via NoFluffJobs,Full-time,False,Poland,2026-08-24 18:06:41,False,True,Poland,,,
4364,106,Data Analyst,Data Analyst (Marketing),"Hamburg, Germany",via LinkedIn,Full-time,False,Germany,2026-09-21 18:33:59,True,False,Germany,,,
4365,87,Business Analyst,Junior Business Analyst,"Cologne, Germany",via Pracuj.pl,Contractor,False,Germany,2026-09-25 13:05:58,True,True,Germany,hour,,24.0
4366,89,Data Analyst,Business Data Analyst,"Berlin, Germany",via NoFluffJobs,Full-time,False,Germany,2026-08-25 19:49:34,True,True,Germany,,,
4367,44,Senior Data Engineer,Lead Data Engineer,"Ivano-Frankivsk, Ukraine",via Indeed,Internship,False,Ukraine,2026-09-04 16:42:32,False,False,Ukraine,,,
4368,121,Data Analyst,Business Data Analyst,"Stuttgart, Germany",via Robota.ua,Full-time,False,Germany,2026-08-19 13:07:09,False,False,Germany,,,
4369,111,Data Analyst,Business Data Analyst,"Munich, Germany",via Robota.ua,Part-time,True,Germany,2026-08-30 11:39:26,False,True,Germany,year,70010.0,
4370,30,Data Engineer,Data Engineer,"Kharkiv, Ukraine",via LinkedIn,Full-time,False,Ukraine,2026-09-06 17:06:49,True,False,Ukraine,,,
4371,5,Data Analyst,Data Analyst (Finance),"Dnipro, Ukraine",via LinkedIn,Contractor,False,Ukraine,2026-09-22 21:15:31,True,False,Ukraine,year,26177.0,
4372,88,Senior Data Engineer,Senior Data Engineer,"Berlin, Germany",via Pracuj.pl,Part-time,False,Germany,2026-09-11 06:30:30,True,True,Germany,,,
4373,55,Software Engineer,Data Software Engineer,"Lodz, Poland",via NoFluffJobs,Contractor,False,Poland,2026-09-19 01:55:18,False,False,Poland,year,33738.0,
4374,118,Data Engineer,BI Developer,"Kyiv, Ukraine",via Pracuj.pl,Internship,False,Ukraine,2026-09-13 03:32:34,True,False,Ukraine,year,24266.0,
4375,93,Business Analyst,BI Analyst,"Frankfurt, Germany",via Pracuj.pl,Full-time,True,Germany,2026-09-09 23:58:18,False,False,Germany,,,
4376,112,Senior Data Analyst,Senior Data Analyst,"Cologne, Germany",via Djinni,Part-time,False,Germany,2026-09-25 02:32:21,False,False,Germany,,,
4377,123,Business Analyst,Business Intelligence Analyst,"Munich, Germany",via Xing,Part-time,False,Germany,2026-09-14 12:20:44,True,True,Germany,,,
4378,115,Data Engineer,Power BI Developer,"Kyiv, Ukraine",via Indeed,Part-time,True,Ukraine,2026-08-24 02:34:58,False,True,Ukraine,,,
4379,112,Data Analyst,Product Data Analyst,"Frankfurt, Germany",via Xing,Full-time,False,Germany,2026-09-07 03:12:40,True,False,Germany,,,
4380,72,Data Engineer,Data Engineer,Anywhere,via Work.ua,Full-time,True,Poland,2026-08-26 02:22:25,False,False,Poland,year,31395.0,
4381,67,Software Engineer,Data Software Engineer,"Krakow, Poland",via Indeed,Part-time,False,Poland,2026-09-10 03:12:35,False,False,Poland,,,
4382,113,Data Engineer,Power BI Developer,"Hamburg, Germany",via Glassdoor,Internship,False,Germany,2026-08-18 08:30:46,True,False,Germany,,,
4383,52,Data Scientist,Junior Data Scientist,"Poznan, Poland",via Xing,Full-time,True,Poland,2026-08-16 13:58:50,False,False,Poland,,,
4384,68,Data Engineer,Junior Data Engineer,"Gdansk, Poland",via Robota.ua,Contractor,True,Poland,2026-09-25 06:58:04,True,False,Poland,,,
4385,76,Data Analyst,Junior Data Analyst,"Lodz, Poland",via Rabota.ua,Internship,False,Poland,2026-09-24 20:03:57,True,True,Poland,,,
4386,7,Senior Data Scientist,Senior Data Scientist,"Dnipro, Ukraine",via Pracuj.pl,Full-time,False,Ukraine,2026-09-19 16:06:57,False,False,Ukraine,year,33243.0,
4387,123,Data Analyst,Data Quality Analyst,"Munich, Germany",via Pracuj.pl,Part-time,False,Germany,2026-09-17 20:48:31,False,False,Germany,,,
4388,106,Senior Data Engineer,Lead Data Engineer,"Berlin, Germany",via Glassdoor,Part-time,True,Germany,2026-09-10 10:43:48,False,False,Germany,year,91071.0,
4389,101,Senior Data Analyst,Senior Data Analyst,"Hamburg, Germany",via Rabota.ua,Internship,False,Germany,2026-09-15 10:40:03,False,True,Germany,,,
4390,9,Data Analyst,Data Analyst (Finance),"Odesa, Ukraine",via Glassdoor,Full-time,False,Ukraine,2026-08-29 08:19:15,False,True,Ukraine,,,
4391,67,Data Scientist,Data Scientist,"Gdansk, Poland",via StepStone,Internship,False,Poland,2026-09-14 19:25:00,True,True,Poland,,,
4392,126,Machine Learning Engineer,Machine Learning Engineer,"Ivano-Frankivsk, Ukraine",via Xing,Full-time,False,Ukraine,2026-09-21 10:07:08,False,True,Ukraine,,,
4393,10,Machine Learning Engineer,Machine Learning Engineer,"Lviv, Ukraine",via Xing,Internship,True,Ukraine,2026-08-18 22:16:29,False,True,Ukraine,,,
4394,130,Data Scientist,Data Scientist,"Kyiv, Ukraine",via Indeed,Full-time,False,Ukraine,2026-09-16 10:23:23,False,False,Ukraine,year,19388.0,
4395,39,Data Analyst,Data Analyst (Marketing),"Ivano-Frankivsk, Ukraine",via Glassdoor,Part-time,False,Ukraine,2026-09-01 09:57:43,False,False,Ukraine,,,
4396,102,Data Analyst,Data Analyst (Finance),"Munich, Germany",via Work.ua,Full-time,False,Germany,2026-08-21 11:31:46,False,False,Germany,year,53843.0,
4397,46,Data Analyst,Data Analyst (Finance),"Wroclaw, Poland",via Rabota.ua,Full-time,False,Poland,2026-09-18 01:17:54,True,False,Poland,,,
4398,110,Cloud Engineer,Cloud Data Engineer,"Stuttgart, Germany",via Indeed,Internship,False,Germany,2026-08-15 05:58:50,True,True,Germany,,,
4399,55,Data Analyst,Data Quality Analyst,"Krakow, Poland",via NoFluffJobs,Full-time,False,Poland,2026-08-28 04:35:50,False,False,Poland,year,37132.0,
4400,44,Data Analyst,Data Analyst (Finance),"Lviv, Ukraine",via Robota.ua,Full-time,False,Ukraine,2026-08-15 19:10:28,True,False,Ukraine,,,
4401,62,Data Scientist,Junior Data Scientist,"Gdansk, Poland",via Xing,Contractor,False,Poland,2026-09-15 14:14:38,False,False,Poland,year,21851.0,
4402,52,Business Analyst,Business Analyst,"Warsaw, Poland",via Djinni,Internship,False,Poland,2026-09-14 23:53:19,True,False,Poland,year,34533.0,
4403,116,Cloud Engineer,Cloud Data Engineer,"Frankfurt, Germany",via Indeed,Full-time,False,Germany,2026-09-24 04:06:35,True,True,Germany,,,
4404,88,Senior Data Engineer,Lead Data Engineer,Anywhere,via StepStone,Full-time,True,Germany,2026-08-18 03:25:49,False,False,Germany,,,
4405,25,Data Analyst,Business Data Analyst,Anywhere,via Indeed,Full-time,True,Ukraine,2026-08-20 18:58:43,False,False,Ukraine,year,27518.0,
4406,94,Data Analyst,Junior Data Analyst,"Cologne, Germany",via Pracuj.pl,Full-time,False,Germany,2026-09-06 18:48:37,False,True,Germany,,,
4407,81,Senior Data Scientist,Senior Data Scientist,"Dusseldorf, Germany",via Work.ua,Full-time,True,Germany,2026-09-15 16:11:26,False,True,Germany,,,
4408,130,Business Analyst,Business Intelligence Analyst,"Lviv, Ukraine",via LinkedIn,Full-time,False,Ukraine,2026-08-16 11:02:45,False,False,Ukraine,,,
4409,82,Data Scientist,Junior Data Scientist,"Berlin, Germany",via Djinni,Internship,False,Germany,2026-09-20 09:44:58,True,True,Germany,,,
4410,106,Data Analyst,Junior Data Analyst,Anywhere,via Work.ua,Contractor,True,Germany,2026-08-19 21:08:20,False,False,Germany,,,
4411,101,Data Scientist,Data Scientist,"Munich, Germany",via Robota.ua,Full-time,False,Germany,2026-09-10 22:52:30,True,False,Germany,,,
4412,80,Data Engineer,Analytics Engineer,"Dusseldorf, Germany",via Djinni,Internship,False,Germany,2026-08-26 01:06:14,False,False,Germany,,,
4413,84,Data Analyst,Data Analyst (Finance),Anywhere,via Robota.ua,Part-time,True,Germany,2026-08-21 06:27:08,False,True,Germany,,,
4414,25,Data Analyst,Data Analyst (Finance),"Dnipro, Ukraine",via Robota.ua,Full-time,False,Ukraine,2026-09-17 07:43:26,False,True,Ukraine,,,
4415,29,Data Analyst,Business Data Analyst,"Ivano-Frankivsk, Ukraine",via Rabota.ua,Contractor,False,Ukraine,2026-08-27 23:09:05,False,True,Ukraine,year,22212.0,
4416,2,Data Analyst,Business Data Analyst,"Dnipro, Ukraine",via Rabota.ua,Full-time,False,Ukraine,2026-08-17 03:58:19,False,True,Ukraine,,,
4417,57,Data Analyst,Product Data Analyst,"Katowice, Poland",via LinkedIn,Full-time,False,Poland,2026-09-24 03:58:08,True,True,Poland,year,32702.0,
4418,72,Data Engineer,Junior Data Engineer,"Wroclaw, Poland",via NoFluffJobs,Full-time,True,Poland,2026-08-16 17:22:25,False,False,Poland,,,
4419,15,Data Analyst,Data Analyst (Marketing),"Odesa, Ukraine",via LinkedIn,Full-time,False,Ukraine,2026-09-13 02:52:15,True,False,Ukraine,,,
4420,83,Data Analyst,Data Analyst,"Frankfurt, Germany",via StepStone,Full-time,False,Germany,2026-08-29 07:52:02,False,False,Germany,,,
4421,3,Senior Data Scientist,Senior Data Scientist,"Lviv, Ukraine",via Rabota.ua,Part-time,False,Ukraine,2026-08-16 23:04:16,False,True,Ukraine,,,
4422,26,Data Engineer,ETL Developer,"Kharkiv, Ukraine",via Pracuj.pl,Full-time,False,Ukraine,2026-09-17 12:12:38,False,False,Ukraine,,,
4423,78,Data Analyst,Data Analyst (Marketing),"Frankfurt, Germany",via Robota.ua,Full-time,True,Germany,2026-08-16 18:57:14,False,True,Germany,,,
4424,128,Business Analyst,BI Analyst,Anywhere,via LinkedIn,Full-time,True,Poland,2026-08-20 05:56:20,False,True,Poland,,,
4425,79,Senior Data Engineer,Senior Data Engineer,"Stuttgart, Germany",via Work.ua,Contractor,False,Germany,2026-08-15 01:32:09,True,False,Germany,year,97442.0,
4426,35,Business Analyst,Junior Business Analyst,"Odesa, Ukraine",via Robota.ua,Full-time,False,Ukraine,2026-09-02 05:40:22,False,False,Ukraine,,,
4427,89,Data Analyst,Junior Data Analyst,"Cologne, Germany",via Glassdoor,Part-time,True,Germany,2026-08-27 12:21:11,False,False,Germany,,,
4428,80,Senior Data Engineer,Senior Data Engineer,"Berlin, Germany",via Work.ua,Full-time,False,Germany,2026-09-15 01:24:41,False,False,Germany,,,
4429,119,Data Engineer,Junior Data Engineer,"Lviv, Ukraine",via Indeed,Full-time,False,Ukraine,2026-09-19 05:13:01,False,False,Ukraine,year,13964.0,
4430,83,Data Analyst,Business Data Analyst,"Cologne, Germany",via Robota.ua,Part-time,False,Germany,2026-09-01 23:56:46,False,True,Germany,,,
4431,56,Data Analyst,Business Data Analyst,"Poznan, Poland",via Work.ua,Full-time,False,Poland,2026-09-06 07:02:19,False,False,Poland,year,35728.0,
4432,94,Senior Data Analyst,Senior Data Analyst,"Stuttgart, Germany",via Robota.ua,Contractor,False,Germany,2026-09-06 17:21:36,False,False,Germany,,,
4433,46,Senior Data Scientist,Senior Data Scientist,"Poznan, Poland",via Xing,Contractor,True,Poland,2026-08-19 14:42:26,True,True,Poland,hour,,26.09
4434,132,Data Analyst,Data Analyst (Marketing),"Dnipro, Ukraine",via Xing,Full-time,False,Ukraine,2026-09-25 11:51:37,False,True,Ukraine,,,
4435,63,Data Engineer,BI Developer,"Krakow, Poland",via LinkedIn,Internship,False,Poland,2026-09-12 18:04:01,False,False,Poland,,,
4436,116,Senior Data Engineer,Lead Data Engineer,"Hamburg, Germany",via NoFluffJobs,Full-time,False,Germany,2026-08-29 05:31:00,False,False,Germany,,,
4437,41,Data Analyst,Data Analyst (Marketing),"Lviv, Ukraine",via Work.ua,Part-time,True,Ukraine,2026-09-05 19:43:29,True,False,Ukraine,,,
4438,89,Data Analyst,Data Analyst (Marketing),"Stuttgart, Germany",via Pracuj.pl,Full-time,False,Germany,2026-09-23 07:24:56,False,True,Germany,,,
4439,114,Data Analyst,Product Data Analyst,"Odesa, Ukraine",via Work.ua,Contractor,False,Ukraine,2026-08-15 11:30:19,False,True,Ukraine,,,
4440,55,Business Analyst,BI Analyst,"Lodz, Poland",via Work.ua,Part-time,False,Poland,2026-09-09 14:09:37,False,False,Poland,,,
4441,92,Senior Data Engineer,Senior Data Engineer,"Cologne, Germany",via Rabota.ua,Full-time,False,Germany,2026-09-05 01:57:20,False,True,Germany,,,
4442,105,Senior Data Engineer,Senior Data Engineer,Anywhere,via Djinni,Full-time,True,Germany,2026-09-20 06:34:25,True,True,Germany,,,
4443,13,Data Engineer,Power BI Developer,"Kharkiv, Ukraine",via Work.ua,Full-time,False,Ukraine,2026-08-25 18:16:42,True,False,Ukraine,,,
4444,21,Data Analyst,Data Analyst (Finance),"Kyiv, Ukraine",via Glassdoor,Part-time,False,Ukraine,2026-08-28 03:10:25,False,True,Ukraine,year,26930.0,
4445,129,Senior Data Analyst,Senior Data Analyst,"Kharkiv, Ukraine",via Xing,Full-time,False,Ukraine,2026-08-18 11:09:10,True,False,Ukraine,,,
4446,61,Business Analyst,Business Analyst,Anywhere,via LinkedIn,Part-time,True,Poland,2026-09-15 21:12:29,True,True,Poland,,,
4447,49,Data Analyst,Data Analyst,Anywhere,via Djinni,Contractor,True,Poland,2026-08-26 16:15:17,False,False,Poland,,,
4448,117,Senior Data Analyst,Senior Data Analyst,"Lodz, Poland",via Indeed,Full-time,True,Poland,2026-09-14 04:11:13,False,False,Poland,,,
4449,129,Data Scientist,Data Scientist,"Dnipro, Ukraine",via LinkedIn,Internship,False,Ukraine,2026-08-17 02:46:50,False,False,Ukraine,year,23251.0,
4450,131,Business Analyst,Business Analyst,"Kyiv, Ukraine",via Work.ua,Full-time,False,Ukraine,2026-09-14 09:07:11,True,True,Ukraine,,,
4451,4,Business Analyst,BI Analyst,"Kharkiv, Ukraine",via Work.ua,Full-time,False,Ukraine,2026-08-17 07:56:05,False,False,Ukraine,,,
4452,8,Senior Data Analyst,Senior Data Analyst,"Dnipro, Ukraine",via LinkedIn,Contractor,False,Ukraine,2026-09-16 17:20:34,False,True,Ukraine,,,
4453,60,Senior Data Analyst,Senior Data Analyst,"Warsaw, Poland",via Xing,Part-time,True,Poland,2026-08-31 21:00:59,False,True,Poland,year,40143.0,
4454,107,Senior Data Analyst,Lead Data Analyst,"Dusseldorf, Germany",via NoFluffJobs,Full-time,False,Germany,2026-09-25 03:08:13,True,True,Germany,,,
4455,98,Data Analyst,Data Analyst (Marketing),"Hamburg, Germany",via Glassdoor,Contractor,True,Germany,2026-08-20 05:12:11,True,True,Germany,,,
4456,72,Data Engineer,ETL Developer,"Katowice, Poland",via LinkedIn,Internship,False,Poland,2026-09-04 06:48:31,False,True,Poland,year,33179.0,
4457,130,Data Engineer,Data Engineer,"Ivano-Frankivsk, Ukraine",via Robota.ua,Internship,False,Ukraine,2026-09-14 03:24:29,True,False,Ukraine,,,
4458,58,Business Analyst,Business Analyst,"Poznan, Poland",via Indeed,Full-time,False,Poland,2026-08-29 07:47:36,True,True,Poland,,,
4459,17,Senior Data Analyst,Senior Data Analyst,"Vinnytsia, Ukraine",via NoFluffJobs,Internship,False,Ukraine,2026-08-26 22:22:08,True,True,Ukraine,,,
4460,98,Data Analyst,Data Analyst,"Cologne, Germany",via Djinni,Full-time,False,Germany,2026-08-24 23:43:27,False,False,Germany,year,58596.0,
4461,5,Senior Data Analyst,Lead Data Analyst,"Kharkiv, Ukraine",via Xing,Contractor,False,Ukraine,2026-08-22 21:40:46,False,True,Ukraine,,,
4462,78,Senior Data Engineer,Senior Data Engineer,"Munich, Germany",via Pracuj.pl,Internship,False,Germany,2026-08-29 03:27:59,False,False,Germany,,,
4463,70,Data Analyst,Data Analyst (Marketing),Anywhere,via Indeed,Internship,True,Poland,2026-08-30 16:08:21,True,False,Poland,year,34384.0,
4464,51,Data Scientist,Data Scientist,"Poznan, Poland",via Xing,Full-time,False,Poland,2026-08-26 06:26:30,True,False,Poland,,,
4465,55,Senior Data Analyst,Senior Data Analyst,"Poznan, Poland",via Xing,Full-time,False,Poland,2026-09-10 02:58:21,False,False,Poland,year,42252.0,
4466,32,Data Analyst,Product Data Analyst,"Kharkiv, Ukraine",via Work.ua,Full-time,False,Ukraine,2026-08-27 08:34:16,False,True,Ukraine,,,
4467,129,Senior Data Analyst,Senior Data Analyst,Anywhere,via Xing,Full-time,True,Ukraine,2026-08-31 04:41:33,False,False,Ukraine,,,
4468,125,Data Analyst,Data Analyst (Marketing),"Frankfurt, Germany",via NoFluffJobs,Contractor,False,Germany,2026-09-07 04:38:06,False,True,Germany,,,
4469,56,Business Analyst,Business Analyst,"Poznan, Poland",via Robota.ua,Full-time,False,Poland,2026-09-23 14:49:25,False,True,Poland,,,
4470,102,Senior Data Scientist,Senior Data Scientist,"Stuttgart, Germany",via NoFluffJobs,Full-time,False,Germany,2026-08-29 19:43:41,False,True,Germany,,,
4471,3,Data Scientist,Data Scientist,Anywhere,via Glassdoor,Contractor,True,Ukraine,2026-08-20 05:19:48,False,True,Ukraine,,,
4472,123,Data Engineer,BI Developer,"Hamburg, Germany",via StepStone,Full-time,False,Germany,2026-08-24 02:36:34,False,True,Germany,year,57154.0,
4473,78,Data Analyst,Junior Data Analyst,"Stuttgart, Germany",via Work.ua,Internship,False,Germany,2026-08-17 09:38:04,True,False,Germany,,,
4474,68,Data Scientist,Data Scientist,"Lodz, Poland",via Robota.ua,Contractor,False,Poland,2026-09-14 04:23:36,True,True,Poland,,,
4475,122,Senior Data Scientist,Senior Data Scientist,"Vinnytsia, Ukraine",via LinkedIn,Full-time,False,Ukraine,2026-09-12 22:48:25,False,False,Ukraine,year,42809.0,
4476,92,Data Analyst,Junior Data Analyst,"Munich, Germany",via Robota.ua,Part-time,True,Germany,2026-08-24 19:05:44,False,False,Germany,,,
4477,99,Data Scientist,Data Scientist,"Hamburg, Germany",via Djinni,Contractor,False,Germany,2026-08-21 08:51:27,True,True,Germany,year,58949.0,
4478,57,Data Analyst,Junior Data Analyst,"Gdansk, Poland",via Rabota.ua,Full-time,True,Poland,2026-08-23 04:02:52,True,True,Poland,,,
4479,27,Data Scientist,Data Scientist,"Kharkiv, Ukraine",via Work.ua,Full-time,False,Ukraine,2026-08-21 08:22:56,False,True,Ukraine,,,
4480,11,Data Analyst,Junior Data Analyst,"Dnipro, Ukraine",via Robota.ua,Full-time,False,Ukraine,2026-09-12 23:10:23,True,True,Ukraine,,,
4481,122,Business Analyst,BI Analyst,"Lviv, Ukraine",via Work.ua,Contractor,False,Ukraine,2026-08-16 16:35:44,False,True,Ukraine,,,
4482,17,Data Analyst,Data Analyst (Marketing),"Ivano-Frankivsk, Ukraine",via Pracuj.pl,Part-time,False,Ukraine,2026-08-24 01:04:47,False,True,Ukraine,,,
4483,57,Business Analyst,Junior Business Analyst,"Krakow, Poland",via Pracuj.pl,Full-time,False,Poland,2026-09-10 09:11:31,True,False,Poland,,,
4484,37,Data Engineer,BI Developer,"Ivano-Frankivsk, Ukraine",via Djinni,Contractor,False,Ukraine,2026-09-01 17:10:31,False,False,Ukraine,,,
4485,10,Data Analyst,Data Analyst (Marketing),"Odesa, Ukraine",via Rabota.ua,Full-time,False,Ukraine,2026-09-07 10:16:12,False,False,Ukraine,year,25052.0,
4486,41,Data Analyst,Business Data Analyst,"Odesa, Ukraine",via Robota.ua,Full-time,False,Ukraine,2026-09-21 07:04:44,False,False,Ukraine,,,
4487,81,Data Engineer,Junior Data Engineer,"Berlin, Germany",via Work.ua,Internship,False,Germany,2026-08-21 19:05:00,False,True,Germany,,,
4488,36,Senior Data Analyst,Lead Data Analyst,"Kyiv, Ukraine",via StepStone,Contractor,True,Ukraine,2026-09-23 02:28:19,True,True,Ukraine,,,
4489,1,Data Analyst,Product Data Analyst,"Kyiv, Ukraine",via Xing,Internship,False,Ukraine,2026-09-10 12:10:10,False,True,Ukraine,year,19601.0,
4490,73,Data Analyst,Product Data Analyst,Anywhere,via Indeed,Full-time,True,Poland,2026-08-26 13:17:49,False,True,Poland,year,29055.0,
4491,103,Data Analyst,Product Data Analyst,"Hamburg, Germany",via Work.ua,Full-time,False,Germany,2026-09-15 06:43:24,False,True,Germany,,,
4492,65,Data Engineer,ETL Developer,"Katowice, Poland",via Rabota.ua,Part-time,True,Poland,2026-09-23 00:26:22,True,True,Poland,,,
4493,37,Senior Data Analyst,Lead Data Analyst,"Odesa, Ukraine",via Pracuj.pl,Full-time,False,Ukraine,2026-09-18 01:46:20,False,False,Ukraine,year,43397.0,
4494,65,Data Analyst,Junior Data Analyst,"Gdansk, Poland",via Pracuj.pl,Internship,False,Poland,2026-09-17 06:00:14,False,True,Poland,,,
4495,53,Business Analyst,Business Intelligence Analyst,"Wroclaw, Poland",via LinkedIn,Full-time,False,Poland,2026-09-25 17:08:32,True,False,Poland,,,
4496,25,Data Analyst,Junior Data Analyst,"Lviv, Ukraine",via Djinni,Full-time,False,Ukraine,2026-09-24 14:23:11,False,False,Ukraine,,,
4497,33,Business Analyst,Business Intelligence Analyst,"Kharkiv, Ukraine",via Glassdoor,Internship,False,Ukraine,2026-09-24 05:26:45,False,False,Ukraine,year,23546.0,
4498,39,Data Scientist,Junior Data Scientist,"Dnipro, Ukraine",via Xing,Internship,False,Ukraine,2026-09-05 12:45:06,False,False,Ukraine,,,
4499,27,Data Analyst,Data Analyst,Anywhere,via Glassdoor,Full-time,True,Ukraine,2026-09-08 14:20:27,True,False,Ukraine,year,24100.0,
4500,120,Data Analyst,Data Analyst,Anywhere,via Pracuj.pl,Part-time,True,Ukraine,2026-09-17 02:38:01,False,True,Ukraine,,,
4501,71,Data Analyst,Product Data Analyst,"Lodz, Poland",via StepStone,Full-time,False,Poland,2026-09-13 22:01:35,True,False,Poland,,,
4502,128,Data Scientist,Junior Data Scientist,"Gdansk, Poland",via Indeed,Full-time,True,Poland,2026-09-18 18:36:13,False,False,Poland,,,
4503,38,Data Engineer,Analytics Engineer,"Lviv, Ukraine",via Pracuj.pl,Full-time,False,Ukraine,2026-09-11 01:10:27,False,False,Ukraine,year,17038.0,
4504,6,Data Scientist,Data Scientist,"Ivano-Frankivsk, Ukraine",via Pracuj.pl,Part-time,False,Ukraine,2026-09-18 00:37:09,True,False,Ukraine,,,
4505,32,Data Engineer,Junior Data Engineer,"Vinnytsia, Ukraine",via Pracuj.pl,Full-time,False,Ukraine,2026-09-18 13:39:38,True,False,Ukraine,,,
4506,70,Business Analyst,Business Intelligence Analyst,"Poznan, Poland",via LinkedIn,Full-time,False,Poland,2026-09-11 11:23:43,True,True,Poland,,,
4507,72,Business Analyst,Business Analyst,"Katowice, Poland",via Glassdoor,Contractor,False,Poland,2026-09-18 15:49:03,True,True,Poland,,,
4508,6,Data Engineer,Power BI Developer,"Kyiv, Ukraine",via Indeed,Internship,False,Ukraine,2026-08-24 03:35:04,False,False,Ukraine,,,
4509,106,Senior Data Scientist,Senior Data Scientist,"Dusseldorf, Germany",via Indeed,Full-time,False,Germany,2026-09-17 19:01:25,False,False,Germany,,,
4510,62,Data Analyst,Data Quality Analyst,"Warsaw, Poland",via NoFluffJobs,Full-time,False,Poland,2026-08-31 22:38:07,False,False,Poland,year,22822.0,
4511,65,Data Analyst,Data Quality Analyst,"Poznan, Poland",via LinkedIn,Full-time,False,Poland,2026-09-13 18:13:24,True,False,Poland,,,
4512,17,Data Scientist,Junior Data Scientist,"Ivano-Frankivsk, Ukraine",via Pracuj.pl,Contractor,False,Ukraine,2026-08-25 02:51:56,True,False,Ukraine,,,
4513,126,Senior Data Engineer,Senior Data Engineer,"Dnipro, Ukraine",via LinkedIn,Full-time,False,Ukraine,2026-09-16 23:54:13,False,True,Ukraine,,,
4514,14,Senior Data Analyst,Lead Data Analyst,"Kyiv, Ukraine",via NoFluffJobs,Internship,False,Ukraine,2026-09-03 13:18:52,True,False,Ukraine,,,
4515,41,Business Analyst,Business Intelligence Analyst,"Vinnytsia, Ukraine",via Pracuj.pl,Contractor,False,Ukraine,2026-08-21 04:42:47,False,True,Ukraine,,,
4516,67,Senior Data Engineer,Lead Data Engineer,"Poznan, Poland",via NoFluffJobs,Part-time,True,Poland,2026-08-21 10:58:45,False,True,Poland,year,48452.0,
4517,52,Business Analyst,Junior Business Analyst,"Lodz, Poland",via Glassdoor,Internship,False,Poland,2026-08-23 18:04:35,False,False,Poland,,,
4518,94,Data Scientist,Junior Data Scientist,"Cologne, Germany",via LinkedIn,Internship,False,Germany,2026-09-21 06:52:09,True,True,Germany,,,
4519,16,Data Analyst,Junior Data Analyst,"Ivano-Frankivsk, Ukraine",via Robota.ua,Part-time,False,Ukraine,2026-09-03 01:33:35,False,False,Ukraine,,,
4520,101,Business Analyst,BI Analyst,"Munich, Germany",via Work.ua,Part-time,False,Germany,2026-08-22 03:06:33,True,False,Germany,,,
4521,116,Data Analyst,Data Analyst,"Dusseldorf, Germany",via NoFluffJobs,Full-time,False,Germany,2026-09-13 07:40:36,True,False,Germany,,,
4522,18,Data Analyst,Data Analyst (Marketing),"Kharkiv, Ukraine",via Rabota.ua,Full-time,False,Ukraine,2026-09-20 23:19:28,False,False,Ukraine,,,
4523,71,Senior Data Analyst,Lead Data Analyst,"Wroclaw, Poland",via Work.ua,Contractor,False,Poland,2026-08-26 23:45:53,True,True,Poland,hour,,22.12
4524,41,Senior Data Analyst,Senior Data Analyst,"Kyiv, Ukraine",via Pracuj.pl,Full-time,False,Ukraine,2026-08-29 23:46:56,False,False,Ukraine,,,
4525,64,Senior Data Engineer,Senior Data Engineer,"Katowice, Poland",via LinkedIn,Internship,False,Poland,2026-08-31 02:08:44,True,True,Poland,,,
4526,10,Data Analyst,Junior Data Analyst,"Dnipro, Ukraine",via Rabota.ua,Full-time,False,Ukraine,2026-08-24 13:26:49,False,False,Ukraine,,,
4527,69,Cloud Engineer,Cloud Data Engineer,"Poznan, Poland",via StepStone,Full-time,False,Poland,2026-09-14 03:32:19,False,False,Poland,,,
4528,8,Senior Data Analyst,Lead Data Analyst,"Kyiv, Ukraine",via Indeed,Part-time,False,Ukraine,2026-09-25 08:09:46,True,False,Ukraine,year,32320.0,
4529,80,Data Analyst,Data Analyst (Marketing),"Dusseldorf, Germany",via Indeed,Internship,True,Germany,2026-09-05 00:54:43,False,True,Germany,year,70210.0,
4530,118,Data Engineer,Power BI Developer,"Kharkiv, Ukraine",via Xing,Part-time,False,Ukraine,2026-08-24 06:12:56,False,True,Ukraine,,,
4531,33,Business Analyst,Junior Business Analyst,Anywhere,via Djinni,Internship,True,Ukraine,2026-09-11 09:02:25,False,True,Ukraine,,,
4532,29,Business Analyst,Junior Business Analyst,"Vinnytsia, Ukraine",via Indeed,Full-time,True,Ukraine,2026-09-24 13:04:33,True,True,Ukraine,,,
4533,99,Senior Data Analyst,Senior Data Analyst,Anywhere,via Djinni,Part-time,True,Germany,2026-08-22 03:00:03,False,False,Germany,,,
4534,14,Data Engineer,BI Developer,Anywhere,via LinkedIn,Full-time,True,Ukraine,2026-09-17 23:34:37,False,False,Ukraine,,,
4535,60,Business Analyst,Business Intelligence Analyst,"Warsaw, Poland",via Work.ua,Internship,True,Poland,2026-09-05 06:57:11,True,False,Poland,,,
4536,73,Data Analyst,Data Quality Analyst,"Gdansk, Poland",via Rabota.ua,Full-time,False,Poland,2026-09-20 04:13:51,False,False,Poland,year,30501.0,
4537,94,Business Analyst,Business Analyst,"Frankfurt, Germany",via LinkedIn,Internship,False,Germany,2026-09-03 06:47:01,False,False,Germany,,,
4538,1,Data Analyst,Business Data Analyst,"Lviv, Ukraine",via Xing,Full-time,False,Ukraine,2026-09-11 17:26:30,False,False,Ukraine,,,
4539,94,Data Engineer,BI Developer,"Frankfurt, Germany",via Glassdoor,Full-time,False,Germany,2026-09-25 01:25:00,True,False,Germany,,,
4540,126,Software Engineer,Data Software Engineer,"Ivano-Frankivsk, Ukraine",via Indeed,Full-time,False,Ukraine,2026-08-25 08:45:01,True,False,Ukraine,,,
4541,8,Data Analyst,Product Data Analyst,"Vinnytsia, Ukraine",via Robota.ua,Full-time,False,Ukraine,2026-09-03 05:47:58,False,False,Ukraine,,,
4542,6,Senior Data Scientist,Senior Data Scientist,Anywhere,via Work.ua,Contractor,True,Ukraine,2026-08-24 16:54:03,True,False,Ukraine,,,
4543,124,Machine Learning Engineer,Machine Learning Engineer,Anywhere,via LinkedIn,Full-time,True,Germany,2026-08-29 19:40:06,False,True,Germany,year,58716.0,
4544,125,Senior Data Analyst,Lead Data Analyst,Anywhere,via Xing,Full-time,True,Germany,2026-09-05 07:54:54,True,True,Germany,,,
4545,111,Business Analyst,Business Analyst,"Cologne, Germany",via Djinni,Full-time,True,Germany,2026-09-06 03:32:54,True,True,Germany,,,
4546,73,Data Analyst,Business Data Analyst,"Katowice, Poland",via Glassdoor,Full-time,False,Poland,2026-09-25 10:59:38,False,True,Poland,,,
4547,115,Cloud Engineer,Cloud Data Engineer,"Dnipro, Ukraine",via Work.ua,Contractor,True,Ukraine,2026-09-19 20:42:40,True,True,Ukraine,,,
4548,77,Senior Data Scientist,Senior Data Scientist,"Krakow, Poland",via NoFluffJobs,Full-time,False,Poland,2026-09-12 07:08:42,False,False,Poland,,,
4549,81,Business Analyst,BI Analyst,"Frankfurt, Germany",via Rabota.ua,Internship,False,Germany,2026-08-30 21:59:15,False,False,Germany,year,56968.0,
4550,70,Data Engineer,ETL Developer,"Lodz, Poland",via Djinni,Full-time,True,Poland,2026-09-22 07:24:52,True,False,Poland,,,
4551,84,Data Scientist,Data Scientist,"Cologne, Germany",via LinkedIn,Full-time,False,Germany,2026-09-14 06:44:22,False,False,Germany,,,
4552,51,Business Analyst,BI Analyst,"Gdansk, Poland",via Pracuj.pl,Internship,False,Poland,2026-09-10 20:30:30,False,False,Poland,,,
4553,10,Data Analyst,Product Data Analyst,"Vinnytsia, Ukraine",via Xing,Full-time,False,Ukraine,2026-09-06 01:37:50,False,True,Ukraine,,,
4554,13,Business Analyst,Business Intelligence Analyst,"Vinnytsia, Ukraine",via Rabota.ua,Internship,False,Ukraine,2026-08-26 15:29:56,True,True,Ukraine,,,
4555,52,Senior Data Scientist,Senior Data Scientist,"Katowice, Poland",via Rabota.ua,Full-time,False,Poland,2026-08-24 18:48:39,True,False,Poland,,,
4556,47,Data Analyst,Data Analyst,Anywhere,via LinkedIn,Full-time,True,Poland,2026-08-16 13:39:48,False,True,Poland,,,
4557,67,Data Scientist,Data Scientist,"Krakow, Poland",via Indeed,Full-time,False,Poland,2026-09-02 16:29:32,False,True,Poland,,,
4558,37,Business Analyst,Junior Business Analyst,"Vinnytsia, Ukraine",via NoFluffJobs,Contractor,False,Ukraine,2026-09-18 18:00:25,False,False,Ukraine,,,
4559,120,Senior Data Analyst,Senior Data Analyst,"Dnipro, Ukraine",via Pracuj.pl,Internship,True,Ukraine,2026-08-24 14:36:31,False,True,Ukraine,,,
4560,61,Data Analyst,Business Data Analyst,"Katowice, Poland",via Work.ua,Contractor,False,Poland,2026-08-31 09:10:53,False,True,Poland,year,23519.0,
4561,73,Cloud Engineer,Cloud Data Engineer,Anywhere,via Glassdoor,Contractor,True,Poland,2026-08-19 02:45:59,True,False,Poland,hour,,13.57
4562,5,Data Analyst,Business Data Analyst,"Odesa, Ukraine",via Xing,Contractor,False,Ukraine,2026-08-24 16:03:26,False,True,Ukraine,,,
4563,10,Senior Data Engineer,Senior Data Engineer,"Kharkiv, Ukraine",via LinkedIn,Contractor,False,Ukraine,2026-08-24 20:32:38,False,False,Ukraine,,,
4564,106,Data Analyst,Junior Data Analyst,Anywhere,via Pracuj.pl,Part-time,True,Germany,2026-09-05 04:23:11,False,False,Germany,,,
4565,3,Senior Data Analyst,Lead Data Analyst,"Lviv, Ukraine",via Rabota.ua,Full-time,False,Ukraine,2026-09-07 02:21:37,False,False,Ukraine,,,
4566,84,Senior Data Engineer,Senior Data Engineer,"Berlin, Germany",via Xing,Part-time,True,Germany,2026-08-28 12:12:56,False,False,Germany,,,
4567,116,Cloud Engineer,Cloud Data Engineer,"Hamburg, Germany",via StepStone,Contractor,True,Germany,2026-08-21 11:38:47,False,True,Germany,,,
4568,15,Senior Data Scientist,Senior Data Scientist,Anywhere,via Robota.ua,Part-time,True,Ukraine,2026-08-26 20:06:29,True,False,Ukraine,,,
4569,63,Cloud Engineer,Cloud Data Engineer,"Krakow, Poland",via StepStone,Contractor,False,Poland,2026-08-22 17:50:09,True,True,Poland,,,
4570,65,Data Analyst,Data Analyst (Marketing),Anywhere,via Pracuj.pl,Part-time,True,Poland,2026-09-17 10:07:34,False,True,Poland,,,
4571,106,Cloud Engineer,Cloud Data Engineer,"Dusseldorf, Germany",via Xing,Full-time,False,Germany,2026-08-31 15:45:36,False,True,Germany,year,56468.0,
4572,126,Data Engineer,Analytics Engineer,"Kharkiv, Ukraine",via Glassdoor,Full-time,False,Ukraine,2026-08-22 01:15:49,False,False,Ukraine,,,
4573,101,Data Engineer,BI Developer,"Stuttgart, Germany",via Indeed,Contractor,True,Germany,2026-09-08 12:56:31,False,False,Germany,,,
4574,66,Data Scientist,Junior Data Scientist,"Lodz, Poland",via Xing,Internship,True,Poland,2026-09-01 12:07:47,True,True,Poland,,,
4575,50,Software Engineer,Data Software Engineer,"Warsaw, Poland",via Rabota.ua,Full-time,False,Poland,2026-09-06 13:12:48,True,True,Poland,,,
4576,75,Data Engineer,Analytics Engineer,Anywhere,via Robota.ua,Contractor,True,Poland,2026-09-08 19:06:25,False,False,Poland,year,22999.0,
4577,94,Senior Data Scientist,Senior Data Scientist,"Hamburg, Germany",via Xing,Full-time,False,Germany,2026-08-19 03:01:09,False,False,Germany,year,103454.0,
4578,7,Machine Learning Engineer,Machine Learning Engineer,"Kyiv, Ukraine",via Robota.ua,Full-time,False,Ukraine,2026-08-24 01:31:17,False,False,Ukraine,,,
4579,104,Business Analyst,Business Analyst,"Stuttgart, Germany",via NoFluffJobs,Full-time,True,Germany,2026-09-23 23:49:58,False,True,Germany,,,
4580,59,Business Analyst,BI Analyst,Anywhere,via Indeed,Part-time,True,Poland,2026-08-29 18:56:39,False,True,Poland,year,25436.0,
4581,47,Data Engineer,Junior Data Engineer,Anywhere,via StepStone,Full-time,True,Poland,2026-09-17 11:01:30,False,True,Poland,,,
4582,82,Machine Learning Engineer,Machine Learning Engineer,"Berlin, Germany",via Djinni,Part-time,True,Germany,2026-09-04 16:10:50,False,False,Germany,,,
4583,50,Data Scientist,Junior Data Scientist,"Warsaw, Poland",via NoFluffJobs,Full-time,False,Poland,2026-08-25 00:42:49,False,False,Poland,,,
4584,48,Senior Data Scientist,Senior Data Scientist,"Wroclaw, Poland",via NoFluffJobs,Internship,False,Poland,2026-08-30 18:02:23,True,False,Poland,,,
4585,107,Senior Data Analyst,Senior Data Analyst,"Berlin, Germany",via NoFluffJobs,Full-time,False,Germany,2026-08-25 01:01:14,True,True,Germany,,,
4586,121,Data Analyst,Data Analyst (Finance),"Frankfurt, Germany",via Pracuj.pl,Full-time,True,Germany,2026-09-15 15:34:05,True,True,Germany,,,
4587,131,Data Analyst,Data Analyst (Finance),"Dnipro, Ukraine",via NoFluffJobs,Contractor,False,Ukraine,2026-08-31 20:45:11,True,True,Ukraine,,,
4588,70,Data Engineer,Junior Data Engineer,"Wroclaw, Poland",via Indeed,Full-time,False,Poland,2026-09-19 07:09:33,True,False,Poland,,,
4589,16,Data Scientist,Junior Data Scientist,Anywhere,via Xing,Full-time,True,Ukraine,2026-09-15 05:45:47,True,False,Ukraine,,,
4590,77,Data Analyst,Data Analyst (Marketing),"Poznan, Poland",via Xing,Contractor,False,Poland,2026-09-08 13:11:09,True,False,Poland,year,29216.0,
4591,12,Data Scientist,Data Scientist,"Kyiv, Ukraine",via Xing,Full-time,False,Ukraine,2026-09-24 13:07:31,False,False,Ukraine,,,
4592,38,Data Analyst,Product Data Analyst,"Lviv, Ukraine",via LinkedIn,Part-time,False,Ukraine,2026-08-16 03:29:19,False,False,Ukraine,,,
4593,32,Business Analyst,Business Analyst,"Dnipro, Ukraine",via Work.ua,Contractor,False,Ukraine,2026-09-03 14:22:12,True,True,Ukraine,,,
4594,91,Data Scientist,Data Scientist,"Hamburg, Germany",via Rabota.ua,Full-time,False,Germany,2026-08-22 18:19:37,False,False,Germany,year,63275.0,
4595,94,Data Analyst,Junior Data Analyst,"Dusseldorf, Germany",via NoFluffJobs,Full-time,False,Germany,2026-09-11 03:26:26,True,False,Germany,,,
4596,87,Data Analyst,Data Quality Analyst,"Munich, Germany",via Robota.ua,Internship,False,Germany,2026-09-14 21:55:31,False,True,Germany,year,70726.0,
4597,8,Senior Data Analyst,Lead Data Analyst,"Kyiv, Ukraine",via Xing,Full-time,False,Ukraine,2026-08-30 16:20:22,False,True,Ukraine,,,
4598,31,Machine Learning Engineer,Machine Learning Engineer,"Vinnytsia, Ukraine",via LinkedIn,Part-time,False,Ukraine,2026-09-02 03:34:19,False,True,Ukraine,,,
4599,14,Senior Data Engineer,Senior Data Engineer,"Kyiv, Ukraine",via Pracuj.pl,Internship,False,Ukraine,2026-08-18 19:34:51,False,True,Ukraine,,,
4600,28,Business Analyst,Business Intelligence Analyst,"Odesa, Ukraine",via Pracuj.pl,Full-time,False,Ukraine,2026-09-02 17:48:23,False,False,Ukraine,,,
4601,120,Data Analyst,Data Analyst (Finance),"Dnipro, Ukraine",via Djinni,Full-time,True,Ukraine,2026-09-01 20:47:03,False,True,Ukraine,,,
4602,74,Data Engineer,Junior Data Engineer,Anywhere,via NoFluffJobs,Full-time,True,Poland,2026-09-20 19:18:49,False,True,Poland,year,15911.0,
4603,104,Senior Data Analyst,Lead Data Analyst,"Cologne, Germany",via Indeed,Full-time,False,Germany,2026-09-04 18:26:30,False,True,Germany,,,
4604,132,Senior Data Scientist,Senior Data Scientist,"Odesa, Ukraine",via Glassdoor,Full-time,True,Ukraine,2026-09-18 06:30:42,False,False,Ukraine,,,
4605,23,Cloud Engineer,Cloud Data Engineer,"Kharkiv, Ukraine",via Djinni,Contractor,False,Ukraine,2026-09-15 01:37:55,True,False,Ukraine,,,
4606,3,Data Analyst,Data Analyst (Finance),"Kyiv, Ukraine",via Glassdoor,Contractor,False,Ukraine,2026-09-21 03:28:16,False,False,Ukraine,,,
4607,94,Data Engineer,Junior Data Engineer,"Frankfurt, Germany",via LinkedIn,Full-time,False,Germany,2026-09-08 02:19:32,False,False,Germany,,,
4608,23,Data Analyst,Data Analyst (Marketing),"Dnipro, Ukraine",via Djinni,Contractor,False,Ukraine,2026-09-24 23:39:28,False,False,Ukraine,year,24520.0,
4609,125,Senior Data Scientist,Senior Data Scientist,"Berlin, Germany",via StepStone,Part-time,False,Germany,2026-09-14 14:14:50,True,True,Germany,year,88571.0,
4610,20,Data Analyst,Junior Data Analyst,"Lviv, Ukraine",via Robota.ua,Internship,False,Ukraine,2026-09-12 04:00:24,False,False,Ukraine,,,
4611,119,Data Scientist,Junior Data Scientist,Anywhere,via Rabota.ua,Internship,True,Ukraine,2026-08-24 10:11:42,False,True,Ukraine,,,
4612,38,Data Analyst,Business Data Analyst,Anywhere,via Indeed,Full-time,True,Ukraine,2026-08-27 23:19:29,False,False,Ukraine,,,
4613,36,Data Engineer,ETL Developer,"Kharkiv, Ukraine",via LinkedIn,Full-time,False,Ukraine,2026-08-17 17:25:29,False,True,Ukraine,,,
4614,39,Data Analyst,Product Data Analyst,"Vinnytsia, Ukraine",via Work.ua,Full-time,False,Ukraine,2026-09-14 16:50:14,False,True,Ukraine,year,22139.0,
4615,79,Business Analyst,Business Intelligence Analyst,"Stuttgart, Germany",via Robota.ua,Internship,False,Germany,2026-08-28 03:15:35,False,True,Germany,,,
4616,49,Data Analyst,Data Analyst (Finance),"Krakow, Poland",via LinkedIn,Part-time,False,Poland,2026-08-25 23:40:26,False,True,Poland,year,31821.0,
4617,30,Data Analyst,Data Quality Analyst,"Odesa, Ukraine",via Xing,Internship,False,Ukraine,2026-08-16 01:17:25,False,True,Ukraine,,,
4618,20,Machine Learning Engineer,Machine Learning Engineer,Anywhere,via Indeed,Contractor,True,Ukraine,2026-08-28 18:28:21,False,False,Ukraine,,,
4619,103,Cloud Engineer,Cloud Data Engineer,"Hamburg, Germany",via Rabota.ua,Internship,False,Germany,2026-09-05 19:07:11,True,False,Germany,year,52090.0,
4620,19,Data Analyst,Product Data Analyst,"Kharkiv, Ukraine",via LinkedIn,Full-time,True,Ukraine,2026-09-25 17:16:16,False,True,Ukraine,,,
4621,92,Senior Data Engineer,Lead Data Engineer,"Cologne, Germany",via Robota.ua,Internship,False,Germany,2026-09-17 19:58:11,False,False,Germany,,,
4622,97,Data Analyst,Product Data Analyst,"Hamburg, Germany",via StepStone,Internship,True,Germany,2026-08-29 05:30:10,True,False,Germany,,,
4623,90,Senior Data Scientist,Senior Data Scientist,"Berlin, Germany",via LinkedIn,Part-time,False,Germany,2026-09-11 06:37:53,False,True,Germany,,,
4624,86,Data Scientist,Junior Data Scientist,"Frankfurt, Germany",via StepStone,Part-time,False,Germany,2026-09-08 22:36:50,False,False,Germany,,,
4625,76,Data Engineer,Data Engineer,"Lodz, Poland",via StepStone,Full-time,False,Poland,2026-09-23 13:41:52,True,False,Poland,,,
4626,51,Business Analyst,Junior Business Analyst,"Poznan, Poland",via Glassdoor,Full-time,False,Poland,2026-09-17 00:59:18,False,False,Poland,,,
4627,71,Data Engineer,Junior Data Engineer,"Warsaw, Poland",via Indeed,Part-time,False,Poland,2026-08-24 03:40:45,True,False,Poland,year,13591.0,
4628,11,Data Analyst,Data Analyst,"Odesa, Ukraine",via Work.ua,Internship,False,Ukraine,2026-09-08 09:03:58,False,True,Ukraine,,,
4629,52,Cloud Engineer,Cloud Data Engineer,Anywhere,via NoFluffJobs,Internship,True,Poland,2026-08-30 12:08:19,False,True,Poland,,,
4630,125,Data Analyst,Data Quality Analyst,"Munich, Germany",via Rabota.ua,Full-time,True,Germany,2026-09-18 19:38:08,True,True,Germany,year,65414.0,
4631,108,Data Analyst,Data Analyst,"Dusseldorf, Germany",via StepStone,Full-time,True,Germany,2026-09-24 23:12:49,False,True,Germany,,,
4632,43,Cloud Engineer,Cloud Data Engineer,"Kyiv, Ukraine",via NoFluffJobs,Full-time,True,Ukraine,2026-09-15 20:07:18,False,True,Ukraine,year,17962.0,
4633,35,Senior Data Analyst,Lead Data Analyst,"Ivano-Frankivsk, Ukraine",via Glassdoor,Internship,False,Ukraine,2026-09-22 19:03:25,False,False,Ukraine,,,
4634,129,Data Analyst,Junior Data Analyst,"Lviv, Ukraine",via LinkedIn,Contractor,True,Ukraine,2026-08-17 04:34:33,True,True,Ukraine,,,
4635,106,Data Scientist,Data Scientist,"Cologne, Germany",via Pracuj.pl,Internship,False,Germany,2026-09-18 02:35:27,True,False,Germany,,,
4636,117,Data Analyst,Data Analyst,"Warsaw, Poland",via Djinni,Full-time,False,Poland,2026-08-22 18:08:44,True,True,Poland,year,31415.0,
4637,2,Data Analyst,Data Quality Analyst,Anywhere,via StepStone,Internship,True,Ukraine,2026-09-22 15:07:11,False,False,Ukraine,,,
4638,8,Data Analyst,Data Analyst (Marketing),"Odesa, Ukraine",via Djinni,Contractor,False,Ukraine,2026-09-17 16:19:59,False,True,Ukraine,year,23080.0,
4639,106,Business Analyst,BI Analyst,"Cologne, Germany",via StepStone,Contractor,False,Germany,2026-09-21 03:15:16,True,False,Germany,hour,,29.22
4640,59,Data Analyst,Data Quality Analyst,"Katowice, Poland",via Glassdoor,Full-time,True,Poland,2026-08-15 18:43:19,True,False,Poland,year,29849.0,
4641,13,Data Analyst,Data Analyst (Marketing),Anywhere,via StepStone,Internship,True,Ukraine,2026-08-24 12:32:03,True,False,Ukraine,,,
4642,3,Data Engineer,ETL Developer,"Lviv, Ukraine",via Work.ua,Contractor,False,Ukraine,2026-09-01 02:56:54,False,True,Ukraine,,,
4643,9,Business Analyst,Business Intelligence Analyst,"Odesa, Ukraine",via StepStone,Full-time,False,Ukraine,2026-09-13 18:27:12,True,True,Ukraine,year,19446.0,
4644,81,Senior Data Analyst,Lead Data Analyst,"Dusseldorf, Germany",via Indeed,Part-time,False,Germany,2026-08-30 07:50:37,False,True,Germany,,,
4645,52,Business Analyst,BI Analyst,"Warsaw, Poland",via Djinni,Full-time,False,Poland,2026-09-17 11:20:22,False,True,Poland,,,
4646,89,Data Engineer,BI Developer,"Hamburg, Germany",via Indeed,Full-time,False,Germany,2026-09-25 23:16:53,True,False,Germany,year,62262.0,
4647,9,Data Analyst,Product Data Analyst,"Dnipro, Ukraine",via Work.ua,Part-time,False,Ukraine,2026-08-23 13:01:32,False,True,Ukraine,,,
4648,71,Data Scientist,Junior Data Scientist,"Warsaw, Poland",via LinkedIn,Full-time,False,Poland,2026-08-26 09:40:43,False,True,Poland,year,21315.0,
4649,117,Data Analyst,Product Data Analyst,"Katowice, Poland",via Rabota.ua,Full-time,False,Poland,2026-08-23 15:38:54,True,False,Poland,year,29249.0,
4650,116,Senior Data Scientist,Senior Data Scientist,"Stuttgart, Germany",via StepStone,Full-time,True,Germany,2026-09-15 03:54:43,True,False,Germany,,,
4651,21,Data Analyst,Data Quality Analyst,"Kharkiv, Ukraine",via NoFluffJobs,Internship,False,Ukraine,2026-09-22 09:26:00,False,False,Ukraine,,,
4652,83,Data Scientist,Data Scientist,Anywhere,via Glassdoor,Full-time,True,Germany,2026-08-27 12:59:39,False,False,Germany,,,
4653,2,Software Engineer,Data Software Engineer,"Odesa, Ukraine",via Pracuj.pl,Full-time,False,Ukraine,2026-09-08 02:23:23,False,True,Ukraine,,,
4654,128,Data Analyst,Data Quality Analyst,"Wroclaw, Poland",via LinkedIn,Full-time,False,Poland,2026-08-16 20:12:52,False,False,Poland,,,
4655,62,Senior Data Engineer,Lead Data Engineer,Anywhere,via Robota.ua,Full-time,True,Poland,2026-08-24 02:09:54,True,True,Poland,year,39722.0,
4656,97,Data Analyst,Data Analyst (Marketing),"Dusseldorf, Germany",via Indeed,Full-time,False,Germany,2026-08-28 22:21:27,False,True,Germany,,,
4657,117,Data Engineer,Junior Data Engineer,Anywhere,via NoFluffJobs,Contractor,True,Poland,2026-09-07 14:06:52,True,False,Poland,,,
4658,42,Data Analyst,Business Data Analyst,"Ivano-Frankivsk, Ukraine",via Glassdoor,Contractor,False,Ukraine,2026-08-19 09:08:29,False,False,Ukraine,hour,,12.05
4659,30,Data Analyst,Junior Data Analyst,"Lviv, Ukraine",via NoFluffJobs,Internship,True,Ukraine,2026-09-06 03:24:55,True,True,Ukraine,,,
4660,48,Data Analyst,Data Analyst (Finance),"Wroclaw, Poland",via NoFluffJobs,Full-time,True,Poland,2026-09-11 00:54:21,True,False,Poland,year,27784.0,
4661,107,Data Analyst,Product Data Analyst,"Hamburg, Germany",via Rabota.ua,Internship,False,Germany,2026-09-02 22:09:49,False,False,Germany,,,
4662,66,Senior Data Engineer,Senior Data Engineer,"Gdansk, Poland",via NoFluffJobs,Part-time,False,Poland,2026-09-05 19:25:53,True,True,Poland,,,
4663,86,Senior Data Analyst,Lead Data Analyst,"Berlin, Germany",via NoFluffJobs,Contractor,True,Germany,2026-08-20 12:56:24,True,False,Germany,,,
4664,71,Machine Learning Engineer,Machine Learning Engineer,"Katowice, Poland",via LinkedIn,Internship,True,Poland,2026-08-15 00:19:26,True,False,Poland,year,26374.0,
4665,5,Data Engineer,Junior Data Engineer,"Kharkiv, Ukraine",via NoFluffJobs,Full-time,False,Ukraine,2026-09-23 16:14:55,True,False,Ukraine,year,9291.0,
4666,93,Business Analyst,Business Intelligence Analyst,"Dusseldorf, Germany",via Indeed,Full-time,False,Germany,2026-09-06 02:45:11,True,False,Germany,year,58723.0,
4667,20,Senior Data Engineer,Lead Data Engineer,"Odesa, Ukraine",via Djinni,Part-time,True,Ukraine,2026-08-16 08:25:26,False,False,Ukraine,year,40472.0,
4668,58,Senior Data Scientist,Senior Data Scientist,"Warsaw, Poland",via Djinni,Contractor,True,Poland,2026-08-25 17:14:43,True,False,Poland,year,41839.0,
4669,113,Business Analyst,Business Intelligence Analyst,"Berlin, Germany",via Xing,Internship,False,Germany,2026-09-22 15:52:15,False,False,Germany,,,
4670,107,Data Engineer,Junior Data Engineer,"Cologne, Germany",via NoFluffJobs,Full-time,True,Germany,2026-09-06 14:11:08,True,False,Germany,,,
4671,54,Cloud Engineer,Cloud Data Engineer,"Katowice, Poland",via Indeed,Full-time,False,Poland,2026-08-22 02:41:00,False,False,Poland,,,
4672,42,Data Analyst,Junior Data Analyst,Anywhere,via LinkedIn,Part-time,True,Ukraine,2026-08-21 05:23:24,False,True,Ukraine,,,
4673,31,Business Analyst,Junior Business Analyst,"Lviv, Ukraine",via StepStone,Full-time,False,Ukraine,2026-09-06 23:08:26,True,True,Ukraine,,,
4674,37,Data Engineer,Analytics Engineer,"Lviv, Ukraine",via Glassdoor,Internship,False,Ukraine,2026-09-13 17:55:58,True,True,Ukraine,,,
4675,123,Data Engineer,Analytics Engineer,Anywhere,via Pracuj.pl,Part-time,True,Germany,2026-08-23 02:43:08,False,False,Germany,,,
4676,69,Senior Data Analyst,Senior Data Analyst,"Poznan, Poland",via Djinni,Part-time,False,Poland,2026-09-10 13:34:19,False,False,Poland,year,50382.0,
4677,79,Data Engineer,ETL Developer,Anywhere,via Xing,Full-time,True,Germany,2026-09-09 06:32:47,True,True,Germany,year,57299.0,
4678,110,Senior Data Analyst,Senior Data Analyst,"Munich, Germany",via StepStone,Full-time,True,Germany,2026-09-21 16:15:43,True,True,Germany,,,
4679,11,Business Analyst,Junior Business Analyst,"Kharkiv, Ukraine",via Glassdoor,Full-time,False,Ukraine,2026-08-27 23:16:55,False,True,Ukraine,,,
4680,53,Business Analyst,Junior Business Analyst,"Lodz, Poland",via LinkedIn,Full-time,False,Poland,2026-08-27 13:36:01,True,False,Poland,,,
4681,86,Software Engineer,Data Software Engineer,"Dusseldorf, Germany",via StepStone,Full-time,False,Germany,2026-09-06 15:49:43,True,True,Germany,year,52715.0,
4682,126,Senior Data Analyst,Senior Data Analyst,"Kharkiv, Ukraine",via Xing,Full-time,False,Ukraine,2026-08-25 23:46:29,True,True,Ukraine,,,
4683,92,Senior Data Scientist,Senior Data Scientist,"Berlin, Germany",via Work.ua,Full-time,False,Germany,2026-08-18 23:01:23,True,False,Germany,year,76686.0,
4684,120,Data Engineer,Analytics Engineer,"Kyiv, Ukraine",via NoFluffJobs,Full-time,False,Ukraine,2026-09-20 02:32:28,False,True,Ukraine,year,17692.0,
4685,89,Senior Data Analyst,Lead Data Analyst,Anywhere,via Glassdoor,Full-time,True,Germany,2026-09-03 16:42:15,False,True,Germany,,,
4686,81,Senior Data Analyst,Senior Data Analyst,Anywhere,via Robota.ua,Contractor,True,Germany,2026-08-27 03:03:40,False,True,Germany,,,
4687,16,Senior Data Scientist,Senior Data Scientist,Anywhere,via Rabota.ua,Contractor,True,Ukraine,2026-09-03 12:35:14,True,False,Ukraine,hour,,16.58
4688,75,Machine Learning Engineer,Machine Learning Engineer,"Warsaw, Poland",via LinkedIn,Contractor,False,Poland,2026-08-20 09:09:18,True,False,Poland,,,
4689,3,Data Analyst,Data Analyst (Finance),"Kharkiv, Ukraine",via Work.ua,Full-time,True,Ukraine,2026-08-31 15:00:34,True,False,Ukraine,,,
4690,9,Senior Data Engineer,Lead Data Engineer,"Kharkiv, Ukraine",via Glassdoor,Full-time,False,Ukraine,2026-09-25 07:11:39,True,False,Ukraine,,,
4691,109,Data Scientist,Junior Data Scientist,"Frankfurt, Germany",via LinkedIn,Contractor,False,Germany,2026-09-06 12:42:26,False,True,Germany,,,
4692,31,Machine Learning Engineer,Machine Learning Engineer,"Kyiv, Ukraine",via Work.ua,Full-time,False,Ukraine,2026-09-06 02:18:23,False,True,Ukraine,year,16365.0,
4693,111,Data Analyst,Data Analyst,"Berlin, Germany",via Indeed,Full-time,False,Germany,2026-08-15 07:56:50,True,True,Germany,,,
4694,118,Business Analyst,Business Analyst,"Lviv, Ukraine",via Xing,Contractor,True,Ukraine,2026-09-11 08:00:52,False,False,Ukraine,,,
4695,105,Senior Data Analyst,Senior Data Analyst,"Hamburg, Germany",via Djinni,Full-time,False,Germany,2026-08-17 16:14:03,False,False,Germany,,,
4696,1,Senior Data Analyst,Senior Data Analyst,"Odesa, Ukraine",via Xing,Full-time,False,Ukraine,2026-09-11 12:09:36,True,False,Ukraine,,,
4697,6,Data Scientist,Data Scientist,"Vinnytsia, Ukraine",via Indeed,Part-time,False,Ukraine,2026-09-02 14:38:38,False,False,Ukraine,year,26703.0,
4698,101,Senior Data Analyst,Senior Data Analyst,"Cologne, Germany",via Pracuj.pl,Full-time,True,Germany,2026-09-08 15:31:18,False,False,Germany,year,103332.0,
4699,37,Business Analyst,Business Intelligence Analyst,"Odesa, Ukraine",via NoFluffJobs,Internship,True,Ukraine,2026-09-16 02:33:25,True,True,Ukraine,,,
4700,55,Data Analyst,Data Analyst (Finance),"Poznan, Poland",via Xing,Full-time,True,Poland,2026-08-26 20:05:14,False,True,Poland,,,
4701,53,Senior Data Engineer,Senior Data Engineer,"Wroclaw, Poland",via Pracuj.pl,Contractor,False,Poland,2026-09-10 07:39:17,True,False,Poland,,,
4702,15,Data Analyst,Data Analyst (Marketing),Anywhere,via NoFluffJobs,Internship,True,Ukraine,2026-09-07 13:09:10,False,False,Ukraine,year,21092.0,
4703,108,Data Analyst,Junior Data Analyst,"Munich, Germany",via Xing,Full-time,False,Germany,2026-08-21 15:36:22,False,False,Germany,,,
4704,44,Data Engineer,BI Developer,"Odesa, Ukraine",via Djinni,Contractor,False,Ukraine,2026-08-27 04:47:40,False,True,Ukraine,,,
4705,31,Senior Data Scientist,Senior Data Scientist,"Odesa, Ukraine",via Glassdoor,Part-time,False,Ukraine,2026-08-19 16:38:19,True,False,Ukraine,year,28434.0,
4706,10,Data Analyst,Business Data Analyst,"Ivano-Frankivsk, Ukraine",via Robota.ua,Internship,False,Ukraine,2026-09-05 10:21:42,False,True,Ukraine,year,19613.0,
4707,86,Senior Data Analyst,Lead Data Analyst,"Hamburg, Germany",via Xing,Full-time,False,Germany,2026-08-28 11:03:32,False,True,Germany,,,
4708,68,Data Engineer,Data Engineer,"Warsaw, Poland",via Pracuj.pl,Contractor,False,Poland,2026-09-02 08:13:39,False,False,Poland,year,23951.0,
4709,106,Business Analyst,BI Analyst,Anywhere,via NoFluffJobs,Full-time,True,Germany,2026-08-15 14:06:32,True,True,Germany,,,
4710,123,Senior Data Engineer,Lead Data Engineer,"Stuttgart, Germany",via NoFluffJobs,Full-time,False,Germany,2026-09-11 14:52:43,False,False,Germany,year,77531.0,
4711,96,Data Scientist,Data Scientist,"Berlin, Germany",via Work.ua,Full-time,False,Germany,2026-09-22 10:56:36,True,False,Germany,,,
4712,82,Senior Data Analyst,Lead Data Analyst,"Berlin, Germany",via Djinni,Part-time,False,Germany,2026-08-17 23:08:23,True,False,Germany,year,102867.0,
4713,87,Data Scientist,Junior Data Scientist,Anywhere,via Robota.ua,Full-time,True,Germany,2026-09-15 22:47:35,False,False,Germany,,,
4714,40,Business Analyst,BI Analyst,"Odesa, Ukraine",via Indeed,Part-time,True,Ukraine,2026-09-14 23:26:51,True,False,Ukraine,year,16382.0,
4715,104,Senior Data Scientist,Senior Data Scientist,"Stuttgart, Germany",via Rabota.ua,Internship,True,Germany,2026-09-17 04:49:00,False,True,Germany,,,
4716,1,Senior Data Engineer,Lead Data Engineer,"Odesa, Ukraine",via Pracuj.pl,Full-time,False,Ukraine,2026-08-26 08:53:20,True,False,Ukraine,,,
4717,45,Business Analyst,Business Analyst,"Krakow, Poland",via Xing,Full-time,False,Poland,2026-09-10 01:57:37,True,True,Poland,,,
4718,103,Data Analyst,Data Analyst (Finance),"Dusseldorf, Germany",via StepStone,Full-time,False,Germany,2026-09-13 02:46:13,False,False,Germany,,,
4719,39,Senior Data Engineer,Senior Data Engineer,"Vinnytsia, Ukraine",via Glassdoor,Contractor,False,Ukraine,2026-09-16 02:59:46,True,True,Ukraine,,,
4720,84,Data Engineer,Junior Data Engineer,"Hamburg, Germany",via Pracuj.pl,Contractor,False,Germany,2026-09-05 23:56:34,False,True,Germany,hour,,23.49
4721,92,Data Engineer,ETL Developer,Anywhere,via Xing,Part-time,True,Germany,2026-09-02 06:52:51,True,True,Germany,,,
4722,112,Senior Data Analyst,Senior Data Analyst,"Berlin, Germany",via LinkedIn,Full-time,False,Germany,2026-09-12 14:19:33,True,False,Germany,year,88589.0,
4723,15,Senior Data Scientist,Senior Data Scientist,"Odesa, Ukraine",via Djinni,Full-time,False,Ukraine,2026-08-18 02:17:05,True,True,Ukraine,year,36571.0,
4724,27,Senior Data Scientist,Senior Data Scientist,"Ivano-Frankivsk, Ukraine",via LinkedIn,Internship,True,Ukraine,2026-09-04 18:39:04,True,False,Ukraine,,,
4725,96,Senior Data Analyst,Senior Data Analyst,"Dusseldorf, Germany",via Glassdoor,Contractor,False,Germany,2026-08-31 01:23:39,True,False,Germany,,,
4726,33,Senior Data Engineer,Lead Data Engineer,"Lviv, Ukraine",via Robota.ua,Full-time,False,Ukraine,2026-08-27 08:24:34,False,True,Ukraine,,,
4727,104,Data Analyst,Data Analyst (Finance),"Cologne, Germany",via Pracuj.pl,Part-time,False,Germany,2026-08-22 04:19:25,True,False,Germany,,,
4728,88,Data Analyst,Product Data Analyst,"Hamburg, Germany",via LinkedIn,Part-time,False,Germany,2026-09-18 16:00:45,True,False,Germany,,,
4729,118,Data Scientist,Junior Data Scientist,"Ivano-Frankivsk, Ukraine",via Pracuj.pl,Full-time,False,Ukraine,2026-09-05 16:21:31,False,False,Ukraine,,,
4730,84,Data Analyst,Junior Data Analyst,"Berlin, Germany",via Djinni,Part-time,False,Germany,2026-09-06 05:50:08,False,True,Germany,year,47696.0,
4731,82,Data Analyst,Data Analyst,"Hamburg, Germany",via Xing,Full-time,False,Germany,2026-09-14 05:52:03,False,False,Germany,,,
4732,68,Cloud Engineer,Cloud Data Engineer,"Warsaw, Poland",via Indeed,Contractor,False,Poland,2026-09-06 20:32:33,True,False,Poland,year,36788.0,
4733,0,Senior Data Scientist,Senior Data Scientist,"Dnipro, Ukraine",via Robota.ua,Internship,True,Ukraine,2026-09-21 08:04:37,True,False,Ukraine,,,
4734,77,Senior Data Engineer,Senior Data Engineer,"Lodz, Poland",via Robota.ua,Internship,False,Poland,2026-09-25 03:14:45,False,True,Poland,,,
4735,61,Data Analyst,Data Analyst (Finance),Anywhere,via NoFluffJobs,Full-time,True,Poland,2026-09-16 08:05:06,False,True,Poland,,,
4736,88,Data Engineer,Data Engineer,Anywhere,via Djinni,Full-time,True,Germany,2026-09-15 04:40:26,True,True,Germany,year,55843.0,
4737,87,Senior Data Analyst,Lead Data Analyst,"Dusseldorf, Germany",via StepStone,Contractor,False,Germany,2026-09-17 04:29:41,False,True,Germany,,,
4738,23,Senior Data Scientist,Senior Data Scientist,"Kharkiv, Ukraine",via Glassdoor,Internship,False,Ukraine,2026-09-16 19:11:35,True,False,Ukraine,year,37100.0,
4739,35,Business Analyst,Business Analyst,Anywhere,via Xing,Full-time,True,Ukraine,2026-09-08 23:16:55,False,True,Ukraine,,,
4740,90,Data Analyst,Data Quality Analyst,Anywhere,via Indeed,Full-time,True,Germany,2026-09-23 07:36:56,False,True,Germany,year,63782.0,
4741,5,Senior Data Analyst,Senior Data Analyst,"Kharkiv, Ukraine",via Robota.ua,Full-time,False,Ukraine,2026-09-06 14:25:19,False,True,Ukraine,,,
4742,90,Data Analyst,Junior Data Analyst,"Dusseldorf, Germany",via NoFluffJobs,Full-time,False,Germany,2026-08-22 00:25:06,True,True,Germany,,,
4743,122,Data Scientist,Junior Data Scientist,"Lviv, Ukraine",via StepStone,Internship,True,Ukraine,2026-09-17 04:10:30,False,True,Ukraine,,,
4744,90,Business Analyst,BI Analyst,"Frankfurt, Germany",via Robota.ua,Full-time,False,Germany,2026-09-06 09:33:19,False,True,Germany,,,
4745,104,Data Analyst,Business Data Analyst,"Hamburg, Germany",via NoFluffJobs,Full-time,False,Germany,2026-08-24 22:06:54,False,True,Germany,,,
4746,100,Business Analyst,Junior Business Analyst,"Hamburg, Germany",via Xing,Full-time,False,Germany,2026-09-14 00:34:25,True,False,Germany,,,
4747,109,Data Analyst,Data Analyst,"Hamburg, Germany",via LinkedIn,Part-time,False,Germany,2026-08-21 10:16:09,False,False,Germany,year,71201.0,
4748,19,Senior Data Engineer,Lead Data Engineer,"Lviv, Ukraine",via StepStone,Full-time,False,Ukraine,2026-09-03 22:12:45,False,False,Ukraine,,,
4749,36,Senior Data Analyst,Lead Data Analyst,"Kyiv, Ukraine",via Indeed,Part-time,False,Ukraine,2026-08-18 14:30:53,False,True,Ukraine,year,39860.0,
4750,24,Data Engineer,Power BI Developer,Anywhere,via Rabota.ua,Full-time,True,Ukraine,2026-09-19 13:01:18,True,True,Ukraine,,,
4751,101,Data Engineer,Junior Data Engineer,"Munich, Germany",via NoFluffJobs,Internship,False,Germany,2026-09-23 06:01:19,True,False,Germany,year,38383.0,
4752,14,Business Analyst,Business Analyst,"Kharkiv, Ukraine",via Indeed,Full-time,False,Ukraine,2026-08-22 08:41:29,False,True,Ukraine,year,19143.0,
4753,105,Data Analyst,Junior Data Analyst,"Hamburg, Germany",via NoFluffJobs,Full-time,False,Germany,2026-09-10 05:49:26,False,False,Germany,,,
4754,62,Data Analyst,Data Analyst,"Katowice, Poland",via NoFluffJobs,Part-time,False,Poland,2026-09-02 04:57:07,True,True,Poland,,,
4755,93,Data Engineer,Junior Data Engineer,"Hamburg, Germany",via Djinni,Full-time,True,Germany,2026-08-25 07:00:18,False,True,Germany,,,
4756,63,Senior Data Analyst,Senior Data Analyst,"Wroclaw, Poland",via Work.ua,Contractor,False,Poland,2026-09-07 17:17:07,False,True,Poland,,,
4757,76,Business Analyst,Junior Business Analyst,"Wroclaw, Poland",via Work.ua,Full-time,False,Poland,2026-08-20 13:32:34,False,True,Poland,year,14814.0,
4758,49,Senior Data Analyst,Senior Data Analyst,"Lodz, Poland",via Pracuj.pl,Full-time,False,Poland,2026-09-11 04:23:27,True,True,Poland,year,49353.0,
4759,26,Data Analyst,Data Analyst (Marketing),"Kyiv, Ukraine",via Glassdoor,Full-time,True,Ukraine,2026-09-22 05:04:01,False,False,Ukraine,,,
4760,64,Data Engineer,Data Engineer,"Warsaw, Poland",via Indeed,Part-time,False,Poland,2026-09-04 23:58:19,False,False,Poland,year,26902.0,
4761,79,Cloud Engineer,Cloud Data Engineer,"Hamburg, Germany",via Djinni,Full-time,True,Germany,2026-09-09 12:39:38,True,False,Germany,,,
4762,82,Data Scientist,Junior Data Scientist,Anywhere,via Djinni,Contractor,True,Germany,2026-09-15 05:26:46,True,False,Germany,year,42201.0,
4763,52,Senior Data Analyst,Lead Data Analyst,"Gdansk, Poland",via NoFluffJobs,Full-time,False,Poland,2026-08-22 20:39:12,True,True,Poland,,,
4764,39,Business Analyst,Business Analyst,"Lviv, Ukraine",via StepStone,Contractor,False,Ukraine,2026-09-22 05:56:50,True,False,Ukraine,,,
4765,120,Data Engineer,Analytics Engineer,"Lviv, Ukraine",via Djinni,Full-time,False,Ukraine,2026-09-14 03:19:23,False,True,Ukraine,,,
4766,84,Data Engineer,BI Developer,"Munich, Germany",via StepStone,Full-time,True,Germany,2026-08-21 21:05:39,False,False,Germany,,,
4767,90,Senior Data Engineer,Lead Data Engineer,Anywhere,via Rabota.ua,Full-time,True,Germany,2026-09-05 04:33:47,True,True,Germany,,,
4768,111,Senior Data Analyst,Lead Data Analyst,"Dusseldorf, Germany",via Work.ua,Full-time,False,Germany,2026-08-15 02:37:01,True,True,Germany,,,
4769,93,Data Analyst,Data Analyst (Marketing),"Dusseldorf, Germany",via Pracuj.pl,Full-time,False,Germany,2026-09-15 09:50:36,True,True,Germany,,,
4770,79,Data Analyst,Product Data Analyst,"Dusseldorf, Germany",via Work.ua,Full-time,False,Germany,2026-09-22 16:45:52,False,True,Germany,,,
4771,95,Data Engineer,Analytics Engineer,"Hamburg, Germany",via NoFluffJobs,Full-time,False,Germany,2026-08-27 16:28:40,True,True,Germany,,,
4772,3,Senior Data Analyst,Lead Data Analyst,"Dnipro, Ukraine",via Indeed,Part-time,False,Ukraine,2026-08-25 02:08:56,True,False,Ukraine,,,
4773,78,Data Analyst,Product Data Analyst,Anywhere,via Pracuj.pl,Contractor,True,Germany,2026-09-04 05:45:15,False,True,Germany,,,
4774,103,Senior Data Analyst,Senior Data Analyst,"Cologne, Germany",via Rabota.ua,Internship,False,Germany,2026-09-05 17:30:06,False,False,Germany,,,
4775,132,Data Analyst,Data Quality Analyst,"Kyiv, Ukraine",via Rabota.ua,Full-time,False,Ukraine,2026-08-19 13:49:42,True,True,Ukraine,,,
4776,14,Business Analyst,Business Analyst,"Kyiv, Ukraine",via Pracuj.pl,Contractor,False,Ukraine,2026-09-08 12:31:42,True,True,Ukraine,,,
4777,101,Data Analyst,Product Data Analyst,"Frankfurt, Germany",via NoFluffJobs,Full-time,False,Germany,2026-08-17 05:12:24,False,False,Germany,,,
4778,116,Business Analyst,Junior Business Analyst,"Munich, Germany",via Rabota.ua,Internship,False,Germany,2026-08-20 05:28:15,True,True,Germany,,,
4779,60,Business Analyst,Junior Business Analyst,"Poznan, Poland",via Work.ua,Part-time,False,Poland,2026-09-14 12:03:52,True,False,Poland,,,
4780,85,Data Analyst,Data Analyst (Finance),"Dusseldorf, Germany",via Xing,Part-time,False,Germany,2026-09-04 23:23:33,False,True,Germany,year,70715.0,
4781,71,Data Analyst,Data Analyst (Finance),"Poznan, Poland",via Djinni,Internship,False,Poland,2026-09-18 05:25:01,True,False,Poland,,,
4782,19,Senior Data Scientist,Senior Data Scientist,"Kyiv, Ukraine",via Robota.ua,Full-time,False,Ukraine,2026-08-30 13:18:25,False,True,Ukraine,,,
4783,124,Data Engineer,BI Developer,"Stuttgart, Germany",via StepStone,Contractor,False,Germany,2026-08-18 07:36:45,False,True,Germany,,,
4784,132,Senior Data Scientist,Senior Data Scientist,Anywhere,via Pracuj.pl,Full-time,True,Ukraine,2026-08-22 11:26:26,False,False,Ukraine,,,
4785,95,Senior Data Engineer,Lead Data Engineer,"Cologne, Germany",via LinkedIn,Contractor,False,Germany,2026-08-28 15:42:34,False,True,Germany,,,
4786,14,Data Analyst,Data Analyst (Marketing),"Ivano-Frankivsk, Ukraine",via Xing,Internship,False,Ukraine,2026-09-21 02:27:50,False,False,Ukraine,,,
4787,95,Machine Learning Engineer,Machine Learning Engineer,"Hamburg, Germany",via Djinni,Part-time,False,Germany,2026-09-03 09:44:57,False,False,Germany,year,57787.0,
4788,1,Data Analyst,Data Analyst (Marketing),"Kyiv, Ukraine",via Pracuj.pl,Internship,False,Ukraine,2026-09-20 05:42:34,False,True,Ukraine,,,
4789,3,Business Analyst,Business Analyst,"Lviv, Ukraine",via NoFluffJobs,Full-time,False,Ukraine,2026-09-05 01:37:42,True,True,Ukraine,,,
4790,60,Data Analyst,Data Analyst (Finance),"Gdansk, Poland",via Robota.ua,Internship,False,Poland,2026-08-23 18:13:58,False,False,Poland,,,
4791,96,Data Analyst,Business Data Analyst,"Berlin, Germany",via Glassdoor,Full-time,False,Germany,2026-09-23 18:22:45,False,False,Germany,,,
4792,73,Data Engineer,Data Engineer,"Katowice, Poland",via NoFluffJobs,Full-time,False,Poland,2026-09-09 01:12:34,True,False,Poland,,,
4793,16,Data Engineer,Junior Data Engineer,"Kharkiv, Ukraine",via LinkedIn,Part-time,False,Ukraine,2026-09-05 15:23:03,True,False,Ukraine,,,
4794,27,Business Analyst,BI Analyst,"Kharkiv, Ukraine",via Rabota.ua,Contractor,False,Ukraine,2026-08-19 05:32:16,True,False,Ukraine,,,
4795,97,Data Analyst,Data Analyst (Marketing),"Dusseldorf, Germany",via Djinni,Full-time,False,Germany,2026-08-29 03:49:46,False,False,Germany,,,
4796,76,Data Analyst,Data Analyst (Finance),"Wroclaw, Poland",via NoFluffJobs,Full-time,False,Poland,2026-08-18 05:27:18,False,False,Poland,,,
4797,128,Data Analyst,Data Analyst,"Poznan, Poland",via Robota.ua,Full-time,True,Poland,2026-08-19 07:17:22,False,False,Poland,,,
4798,30,Machine Learning Engineer,Machine Learning Engineer,"Dnipro, Ukraine",via Indeed,Full-time,False,Ukraine,2026-09-09 22:41:04,True,False,Ukraine,,,
4799,64,Machine Learning Engineer,Machine Learning Engineer,"Katowice, Poland",via Djinni,Full-time,False,Poland,2026-09-21 18:15:57,False,False,Poland,year,29214.0,
4800,84,Business Analyst,Business Analyst,"Dusseldorf, Germany",via Djinni,Full-time,False,Germany,2026-08-29 00:06:02,False,True,Germany,,,
4801,31,Data Engineer,Data Engineer,"Odesa, Ukraine",via Xing,Full-time,False,Ukraine,2026-08-22 23:51:20,False,False,Ukraine,,,
4802,111,Business Analyst,BI Analyst,"Cologne, Germany",via Pracuj.pl,Full-time,False,Germany,2026-09-16 23:47:52,False,False,Germany,year,61636.0,
4803,51,Senior Data Analyst,Senior Data Analyst,"Krakow, Poland",via Rabota.ua,Part-time,False,Poland,2026-08-25 14:52:10,True,True,Poland,,,
4804,33,Data Scientist,Junior Data Scientist,Anywhere,via NoFluffJobs,Full-time,True,Ukraine,2026-09-19 01:29:20,True,False,Ukraine,,,
4805,110,Data Analyst,Junior Data Analyst,"Munich, Germany",via Work.ua,Part-time,False,Germany,2026-08-22 09:01:23,False,True,Germany,,,
4806,35,Data Analyst,Data Analyst (Marketing),"Lviv, Ukraine",via StepStone,Full-time,True,Ukraine,2026-09-13 21:31:50,False,False,Ukraine,year,27941.0,
4807,31,Data Analyst,Junior Data Analyst,"Kharkiv, Ukraine",via LinkedIn,Full-time,True,Ukraine,2026-08-22 18:10:52,False,True,Ukraine,,,
4808,55,Business Analyst,Business Analyst,"Lodz, Poland",via NoFluffJobs,Internship,False,Poland,2026-08-17 04:09:00,False,False,Poland,,,
4809,43,Data Analyst,Junior Data Analyst,"Vinnytsia, Ukraine",via Robota.ua,Part-time,False,Ukraine,2026-09-04 07:37:15,True,True,Ukraine,year,9283.0,
4810,15,Data Analyst,Junior Data Analyst,"Lviv, Ukraine",via Xing,Contractor,False,Ukraine,2026-08-22 13:06:33,True,True,Ukraine,,,
4811,121,Software Engineer,Data Software Engineer,"Stuttgart, Germany",via StepStone,Full-time,False,Germany,2026-08-18 20:01:13,True,False,Germany,,,
4812,98,Business Analyst,Business Intelligence Analyst,"Cologne, Germany",via Xing,Internship,False,Germany,2026-08-31 20:28:14,True,False,Germany,,,
4813,10,Data Scientist,Junior Data Scientist,"Ivano-Frankivsk, Ukraine",via Xing,Full-time,False,Ukraine,2026-08-28 21:09:46,True,True,Ukraine,,,
4814,129,Business Analyst,Business Analyst,"Dnipro, Ukraine",via Robota.ua,Part-time,False,Ukraine,2026-09-11 23:26:53,True,True,Ukraine,,,
4815,106,Business Analyst,Junior Business Analyst,"Hamburg, Germany",via Work.ua,Full-time,False,Germany,2026-09-10 21:00:41,False,True,Germany,,,
4816,65,Data Analyst,Junior Data Analyst,"Gdansk, Poland",via NoFluffJobs,Full-time,False,Poland,2026-09-04 02:19:33,True,False,Poland,year,17089.0,
4817,23,Business Analyst,Business Analyst,"Kyiv, Ukraine",via Work.ua,Contractor,False,Ukraine,2026-09-15 07:45:01,False,True,Ukraine,,,
4818,116,Data Engineer,Analytics Engineer,"Cologne, Germany",via Xing,Full-time,False,Germany,2026-09-22 13:08:15,False,True,Germany,,,
4819,72,Business Analyst,Junior Business Analyst,"Warsaw, Poland",via Rabota.ua,Full-time,False,Poland,2026-09-12 07:16:28,False,True,Poland,,,
4820,14,Business Analyst,Business Analyst,Anywhere,via Glassdoor,Full-time,True,Ukraine,2026-09-01 04:42:57,False,False,Ukraine,,,
4821,54,Data Scientist,Data Scientist,"Wroclaw, Poland",via Work.ua,Full-time,True,Poland,2026-08-27 08:55:47,False,False,Poland,,,
4822,99,Machine Learning Engineer,Machine Learning Engineer,"Stuttgart, Germany",via Work.ua,Contractor,True,Germany,2026-09-11 22:10:14,False,True,Germany,year,66901.0,
4823,89,Data Analyst,Data Analyst,"Frankfurt, Germany",via StepStone,Full-time,False,Germany,2026-08-19 16:40:11,False,True,Germany,,,
4824,28,Business Analyst,Business Intelligence Analyst,Anywhere,via Glassdoor,Full-time,True,Ukraine,2026-08-19 23:54:21,True,True,Ukraine,,,
4825,126,Data Engineer,ETL Developer,"Kyiv, Ukraine",via LinkedIn,Internship,False,Ukraine,2026-08-21 21:55:41,True,True,Ukraine,,,
4826,75,Business Analyst,Business Intelligence Analyst,"Wroclaw, Poland",via Glassdoor,Full-time,False,Poland,2026-08-18 04:14:21,True,False,Poland,year,24146.0,
4827,122,Senior Data Analyst,Senior Data Analyst,"Odesa, Ukraine",via Work.ua,Part-time,False,Ukraine,2026-09-23 04:00:06,False,True,Ukraine,,,
4828,3,Data Engineer,Junior Data Engineer,"Odesa, Ukraine",via Robota.ua,Contractor,False,Ukraine,2026-08-16 19:04:28,True,True,Ukraine,,,
4829,52,Senior Data Analyst,Senior Data Analyst,Anywhere,via Pracuj.pl,Full-time,True,Poland,2026-08-18 07:00:07,False,False,Poland,,,
4830,16,Business Analyst,Business Analyst,"Vinnytsia, Ukraine",via Glassdoor,Internship,False,Ukraine,2026-09-09 19:26:50,True,False,Ukraine,,,
4831,67,Data Analyst,Junior Data Analyst,Anywhere,via Djinni,Internship,True,Poland,2026-09-01 07:06:02,True,True,Poland,,,
4832,1,Data Analyst,Data Analyst (Finance),Anywhere,via Work.ua,Part-time,True,Ukraine,2026-09-01 09:21:05,True,False,Ukraine,year,17254.0,
4833,105,Data Analyst,Data Analyst (Finance),"Frankfurt, Germany",via NoFluffJobs,Full-time,False,Germany,2026-09-07 17:11:42,False,False,Germany,,,
4834,123,Data Scientist,Data Scientist,"Hamburg, Germany",via Pracuj.pl,Full-time,True,Germany,2026-09-06 20:36:18,True,True,Germany,,,
4835,22,Data Analyst,Product Data Analyst,"Odesa, Ukraine",via Pracuj.pl,Part-time,False,Ukraine,2026-09-23 15:25:10,False,True,Ukraine,,,
4836,130,Cloud Engineer,Cloud Data Engineer,Anywhere,via StepStone,Part-time,True,Ukraine,2026-09-03 20:12:37,True,True,Ukraine,,,
4837,51,Data Scientist,Data Scientist,"Warsaw, Poland",via Djinni,Contractor,False,Poland,2026-09-09 04:43:24,False,False,Poland,,,
4838,107,Data Analyst,Junior Data Analyst,"Cologne, Germany",via Robota.ua,Contractor,False,Germany,2026-08-27 08:38:08,False,False,Germany,,,
4839,62,Senior Data Scientist,Senior Data Scientist,"Katowice, Poland",via Work.ua,Contractor,False,Poland,2026-08-31 02:55:38,False,True,Poland,,,
4840,111,Data Analyst,Data Analyst (Marketing),Anywhere,via LinkedIn,Full-time,True,Germany,2026-09-16 03:46:11,True,False,Germany,,,
4841,20,Senior Data Analyst,Lead Data Analyst,"Lviv, Ukraine",via Work.ua,Full-time,False,Ukraine,2026-09-05 12:06:04,False,False,Ukraine,year,32756.0,
4842,21,Senior Data Engineer,Senior Data Engineer,"Kyiv, Ukraine",via Djinni,Full-time,False,Ukraine,2026-09-08 09:15:52,False,True,Ukraine,year,31122.0,
4843,38,Data Analyst,Data Analyst (Finance),"Kyiv, Ukraine",via NoFluffJobs,Contractor,False,Ukraine,2026-08-22 02:14:32,False,False,Ukraine,,,
4844,80,Data Analyst,Data Analyst (Marketing),"Munich, Germany",via Xing,Full-time,False,Germany,2026-09-12 12:39:26,False,False,Germany,,,
4845,30,Data Scientist,Data Scientist,"Kyiv, Ukraine",via Pracuj.pl,Part-time,False,Ukraine,2026-08-17 16:21:32,False,False,Ukraine,,,
4846,89,Senior Data Analyst,Lead Data Analyst,"Munich, Germany",via Robota.ua,Part-time,True,Germany,2026-09-17 17:13:13,True,False,Germany,,,
4847,92,Senior Data Scientist,Senior Data Scientist,Anywhere,via NoFluffJobs,Part-time,True,Germany,2026-08-16 05:52:46,True,False,Germany,,,
4848,23,Data Analyst,Product Data Analyst,"Kyiv, Ukraine",via Indeed,Contractor,True,Ukraine,2026-09-22 18:12:20,False,True,Ukraine,,,
4849,32,Cloud Engineer,Cloud Data Engineer,"Kyiv, Ukraine",via Pracuj.pl,Full-time,True,Ukraine,2026-09-22 01:46:53,False,False,Ukraine,year,27408.0,
4850,6,Data Analyst,Data Analyst (Finance),"Kyiv, Ukraine",via Pracuj.pl,Full-time,False,Ukraine,2026-09-16 00:37:37,False,True,Ukraine,,,
4851,83,Data Analyst,Business Data Analyst,"Stuttgart, Germany",via Djinni,Full-time,False,Germany,2026-09-23 01:40:12,True,False,Germany,,,
4852,122,Business Analyst,Business Intelligence Analyst,"Vinnytsia, Ukraine",via Djinni,Internship,False,Ukraine,2026-09-13 14:25:15,False,False,Ukraine,,,
4853,76,Business Analyst,Junior Business Analyst,"Gdansk, Poland",via Pracuj.pl,Full-time,False,Poland,2026-09-24 16:50:20,False,True,Poland,year,15016.0,
4854,82,Data Scientist,Data Scientist,"Hamburg, Germany",via Robota.ua,Part-time,False,Germany,2026-08-20 20:14:32,False,False,Germany,,,
4855,89,Machine Learning Engineer,Machine Learning Engineer,Anywhere,via Glassdoor,Internship,True,Germany,2026-09-13 09:19:24,True,True,Germany,year,65526.0,
4856,52,Data Engineer,ETL Developer,"Gdansk, Poland",via Robota.ua,Contractor,True,Poland,2026-09-08 20:42:41,True,True,Poland,,,
4857,19,Data Engineer,Junior Data Engineer,"Kyiv, Ukraine",via Xing,Full-time,True,Ukraine,2026-08-19 11:17:27,False,False,Ukraine,year,14291.0,
4858,6,Data Analyst,Data Analyst,"Vinnytsia, Ukraine",via Pracuj.pl,Internship,False,Ukraine,2026-09-05 16:37:31,True,False,Ukraine,year,20773.0,
4859,72,Machine Learning Engineer,Machine Learning Engineer,"Gdansk, Poland",via LinkedIn,Full-time,False,Poland,2026-08-30 18:35:05,False,False,Poland,year,36113.0,
4860,116,Senior Data Analyst,Lead Data Analyst,"Stuttgart, Germany",via Rabota.ua,Part-time,False,Germany,2026-09-03 05:14:54,True,True,Germany,,,
4861,9,Data Analyst,Data Quality Analyst,"Ivano-Frankivsk, Ukraine",via NoFluffJobs,Full-time,False,Ukraine,2026-09-24 14:01:41,False,True,Ukraine,year,20215.0,
4862,56,Data Analyst,Data Analyst (Marketing),"Lodz, Poland",via Pracuj.pl,Part-time,False,Poland,2026-09-22 16:41:05,True,True,Poland,,,
4863,83,Software Engineer,Data Software Engineer,"Dusseldorf, Germany",via Robota.ua,Contractor,False,Germany,2026-08-17 13:10:58,True,False,Germany,,,
4864,37,Data Scientist,Junior Data Scientist,"Kharkiv, Ukraine",via StepStone,Part-time,True,Ukraine,2026-08-23 02:17:05,False,False,Ukraine,,,
4865,113,Business Analyst,Business Intelligence Analyst,"Dusseldorf, Germany",via Djinni,Contractor,False,Germany,2026-09-06 00:18:50,False,False,Germany,,,
4866,83,Senior Data Engineer,Lead Data Engineer,"Dusseldorf, Germany",via Robota.ua,Contractor,True,Germany,2026-09-07 22:29:30,True,False,Germany,year,100605.0,
4867,55,Data Analyst,Business Data Analyst,"Krakow, Poland",via LinkedIn,Full-time,False,Poland,2026-09-20 00:15:56,True,False,Poland,year,33833.0,
4868,23,Data Engineer,Analytics Engineer,"Lviv, Ukraine",via Xing,Internship,False,Ukraine,2026-08-31 11:16:45,True,False,Ukraine,,,
4869,32,Data Analyst,Product Data Analyst,"Odesa, Ukraine",via Glassdoor,Contractor,False,Ukraine,2026-09-11 06:47:56,False,True,Ukraine,,,
4870,92,Data Analyst,Data Quality Analyst,"Dusseldorf, Germany",via Robota.ua,Part-time,False,Germany,2026-09-21 05:33:42,False,False,Germany,,,
4871,7,Data Analyst,Data Quality Analyst,"Odesa, Ukraine",via Robota.ua,Part-time,False,Ukraine,2026-08-15 15:38:59,False,False,Ukraine,,,
4872,76,Business Analyst,Junior Business Analyst,"Krakow, Poland",via Glassdoor,Internship,False,Poland,2026-08-31 21:26:54,False,False,Poland,,,
4873,47,Cloud Engineer,Cloud Data Engineer,"Lodz, Poland",via NoFluffJobs,Full-time,False,Poland,2026-08-30 12:14:46,True,True,Poland,,,
4874,61,Data Engineer,ETL Developer,"Krakow, Poland",via Djinni,Full-time,False,Poland,2026-09-17 01:11:11,True,False,Poland,,,
4875,38,Data Engineer,Analytics Engineer,"Lviv, Ukraine",via Xing,Full-time,False,Ukraine,2026-09-19 17:02:55,False,True,Ukraine,,,
4876,23,Senior Data Analyst,Lead Data Analyst,"Dnipro, Ukraine",via Work.ua,Full-time,False,Ukraine,2026-09-07 22:26:20,False,True,Ukraine,,,
4877,74,Data Scientist,Junior Data Scientist,"Gdansk, Poland",via NoFluffJobs,Full-time,False,Poland,2026-09-23 04:15:03,False,True,Poland,,,
4878,33,Data Scientist,Data Scientist,Anywhere,via Indeed,Full-time,True,Ukraine,2026-09-06 17:48:02,True,False,Ukraine,,,
4879,70,Senior Data Analyst,Lead Data Analyst,"Katowice, Poland",via Pracuj.pl,Internship,False,Poland,2026-08-23 22:01:50,True,False,Poland,year,48642.0,
4880,6,Data Engineer,ETL Developer,"Vinnytsia, Ukraine",via Glassdoor,Contractor,False,Ukraine,2026-09-21 09:05:53,False,False,Ukraine,,,
4881,50,Machine Learning Engineer,Machine Learning Engineer,"Lodz, Poland",via NoFluffJobs,Full-time,False,Poland,2026-09-07 21:17:34,True,False,Poland,,,
4882,53,Data Scientist,Junior Data Scientist,"Wroclaw, Poland",via NoFluffJobs,Full-time,True,Poland,2026-09-17 08:09:07,True,True,Poland,year,13320.0,
4883,72,Machine Learning Engineer,Machine Learning Engineer,"Krakow, Poland",via Work.ua,Full-time,False,Poland,2026-09-23 17:23:52,False,False,Poland,,,
4884,39,Data Engineer,ETL Developer,"Dnipro, Ukraine",via Indeed,Part-time,False,Ukraine,2026-08-31 15:15:51,False,False,Ukraine,,,
4885,87,Business Analyst,Junior Business Analyst,"Frankfurt, Germany",via Glassdoor,Full-time,True,Germany,2026-09-13 20:47:29,False,True,Germany,,,
4886,36,Data Analyst,Business Data Analyst,"Ivano-Frankivsk, Ukraine",via Djinni,Internship,False,Ukraine,2026-09-21 07:52:01,False,True,Ukraine,,,
4887,7,Data Engineer,Power BI Developer,"Dnipro, Ukraine",via StepStone,Full-time,False,Ukraine,2026-08-25 17:13:46,False,False,Ukraine,year,16900.0,
4888,97,Business Analyst,Junior Business Analyst,"Frankfurt, Germany",via StepStone,Full-time,True,Germany,2026-08-19 21:15:41,True,False,Germany,,,
4889,98,Machine Learning Engineer,Machine Learning Engineer,"Hamburg, Germany",via StepStone,Full-time,False,Germany,2026-09-02 09:32:12,True,True,Germany,,,
4890,91,Senior Data Engineer,Senior Data Engineer,"Dusseldorf, Germany",via NoFluffJobs,Internship,False,Germany,2026-08-16 10:57:29,False,False,Germany,year,83035.0,
4891,101,Machine Learning Engineer,Machine Learning Engineer,"Cologne, Germany",via StepStone,Contractor,False,Germany,2026-08-24 08:36:48,False,True,Germany,,,
4892,57,Senior Data Engineer,Senior Data Engineer,"Krakow, Poland",via Robota.ua,Full-time,False,Poland,2026-09-11 08:29:40,True,True,Poland,,,
4893,129,Business Analyst,Business Analyst,"Vinnytsia, Ukraine",via Robota.ua,Full-time,False,Ukraine,2026-08-29 04:39:58,False,True,Ukraine,year,23677.0,
4894,30,Senior Data Analyst,Senior Data Analyst,"Dnipro, Ukraine",via LinkedIn,Contractor,False,Ukraine,2026-08-17 08:34:25,False,False,Ukraine,,,
4895,51,Senior Data Scientist,Senior Data Scientist,Anywhere,via StepStone,Full-time,True,Poland,2026-09-20 18:07:06,True,True,Poland,,,
4896,124,Business Analyst,Business Intelligence Analyst,"Dusseldorf, Germany",via Rabota.ua,Part-time,False,Germany,2026-09-15 04:48:10,False,False,Germany,,,
4897,77,Business Analyst,Business Intelligence Analyst,"Poznan, Poland",via LinkedIn,Full-time,False,Poland,2026-08-27 12:33:22,False,True,Poland,,,
4898,103,Data Analyst,Junior Data Analyst,"Cologne, Germany",via Djinni,Full-time,True,Germany,2026-08-26 22:38:58,False,True,Germany,,,
4899,58,Cloud Engineer,Cloud Data Engineer,"Poznan, Poland",via Work.ua,Internship,False,Poland,2026-08-24 16:53:39,False,False,Poland,,,
4900,130,Data Analyst,Data Analyst (Marketing),"Kharkiv, Ukraine",via Glassdoor,Full-time,False,Ukraine,2026-08-25 14:46:15,False,True,Ukraine,,,
4901,14,Data Analyst,Product Data Analyst,"Dnipro, Ukraine",via Xing,Part-time,False,Ukraine,2026-09-07 18:25:51,False,True,Ukraine,,,
4902,75,Data Analyst,Data Quality Analyst,"Katowice, Poland",via Glassdoor,Internship,False,Poland,2026-08-22 00:24:43,False,False,Poland,year,30134.0,
4903,131,Senior Data Analyst,Lead Data Analyst,"Dnipro, Ukraine",via Pracuj.pl,Contractor,False,Ukraine,2026-08-31 13:05:50,False,False,Ukraine,,,
4904,55,Data Engineer,Power BI Developer,"Lodz, Poland",via Robota.ua,Part-time,False,Poland,2026-09-06 00:47:50,True,False,Poland,,,
4905,34,Senior Data Scientist,Senior Data Scientist,"Ivano-Frankivsk, Ukraine",via Pracuj.pl,Contractor,False,Ukraine,2026-09-11 18:09:28,True,False,Ukraine,hour,,16.83
4906,116,Business Analyst,Junior Business Analyst,Anywhere,via Robota.ua,Internship,True,Germany,2026-09-18 04:04:42,False,True,Germany,,,
4907,87,Data Scientist,Data Scientist,"Berlin, Germany",via Xing,Contractor,False,Germany,2026-09-14 12:13:32,True,True,Germany,,,
4908,89,Senior Data Analyst,Lead Data Analyst,"Munich, Germany",via Xing,Full-time,False,Germany,2026-08-21 18:55:57,True,True,Germany,year,104564.0,
4909,15,Senior Data Scientist,Senior Data Scientist,"Odesa, Ukraine",via Djinni,Part-time,False,Ukraine,2026-09-04 18:20:36,False,False,Ukraine,,,
4910,113,Data Analyst,Data Quality Analyst,"Berlin, Germany",via Pracuj.pl,Full-time,False,Germany,2026-09-06 22:26:25,False,False,Germany,,,
4911,51,Data Analyst,Junior Data Analyst,Anywhere,via Robota.ua,Contractor,True,Poland,2026-08-20 01:53:26,False,False,Poland,,,
4912,38,Business Analyst,Business Analyst,"Dnipro, Ukraine",via Indeed,Contractor,False,Ukraine,2026-09-12 12:32:17,False,True,Ukraine,,,
4913,13,Data Analyst,Product Data Analyst,"Ivano-Frankivsk, Ukraine",via Xing,Part-time,False,Ukraine,2026-09-14 03:51:09,False,False,Ukraine,,,
4914,118,Data Engineer,ETL Developer,"Lviv, Ukraine",via Work.ua,Full-time,False,Ukraine,2026-09-11 07:02:26,True,False,Ukraine,,,
4915,99,Data Analyst,Product Data Analyst,"Cologne, Germany",via Pracuj.pl,Internship,False,Germany,2026-09-01 17:43:38,False,True,Germany,,,
4916,58,Data Analyst,Data Analyst,"Warsaw, Poland",via Indeed,Full-time,False,Poland,2026-09-15 04:46:01,True,False,Poland,,,
4917,39,Data Engineer,Analytics Engineer,"Vinnytsia, Ukraine",via LinkedIn,Internship,True,Ukraine,2026-09-22 01:16:53,False,False,Ukraine,,,
4918,74,Data Analyst,Data Quality Analyst,"Krakow, Poland",via Rabota.ua,Part-time,False,Poland,2026-09-09 09:11:13,False,False,Poland,,,
4919,123,Senior Data Scientist,Senior Data Scientist,"Cologne, Germany",via Pracuj.pl,Full-time,False,Germany,2026-08-28 11:41:08,False,True,Germany,,,
4920,115,Data Scientist,Data Scientist,"Ivano-Frankivsk, Ukraine",via Xing,Part-time,True,Ukraine,2026-09-04 20:52:37,True,False,Ukraine,,,
4921,47,Business Analyst,BI Analyst,Anywhere,via Work.ua,Full-time,True,Poland,2026-09-05 19:26:34,False,True,Poland,year,30524.0,
4922,87,Data Scientist,Data Scientist,"Berlin, Germany",via LinkedIn,Contractor,False,Germany,2026-08-30 18:14:59,False,False,Germany,,,
4923,61,Data Analyst,Junior Data Analyst,"Poznan, Poland",via Indeed,Full-time,False,Poland,2026-09-08 00:31:30,False,True,Poland,year,13717.0,
4924,66,Data Scientist,Data Scientist,"Katowice, Poland",via Xing,Full-time,False,Poland,2026-09-09 13:29:22,False,True,Poland,,,
4925,104,Data Engineer,Junior Data Engineer,"Berlin, Germany",via LinkedIn,Part-time,False,Germany,2026-09-05 20:05:08,True,False,Germany,year,40574.0,
4926,49,Business Analyst,BI Analyst,"Lodz, Poland",via Xing,Full-time,False,Poland,2026-09-11 00:36:56,True,False,Poland,,,
4927,45,Data Analyst,Business Data Analyst,"Poznan, Poland",via Xing,Full-time,False,Poland,2026-09-23 12:22:15,False,False,Poland,,,
4928,89,Data Analyst,Data Quality Analyst,"Dusseldorf, Germany",via Djinni,Internship,False,Germany,2026-09-03 06:13:45,False,False,Germany,,,
4929,6,Data Analyst,Data Analyst (Finance),"Vinnytsia, Ukraine",via Pracuj.pl,Full-time,True,Ukraine,2026-09-10 06:02:05,False,False,Ukraine,,,
4930,128,Business Analyst,Business Intelligence Analyst,"Krakow, Poland",via Work.ua,Contractor,True,Poland,2026-08-22 20:05:07,False,True,Poland,,,
4931,24,Data Scientist,Junior Data Scientist,"Ivano-Frankivsk, Ukraine",via StepStone,Internship,False,Ukraine,2026-09-14 13:30:19,False,False,Ukraine,,,
4932,35,Business Analyst,Junior Business Analyst,"Odesa, Ukraine",via NoFluffJobs,Full-time,False,Ukraine,2026-08-27 01:21:52,False,True,Ukraine,,,
4933,110,Data Analyst,Data Quality Analyst,Anywhere,via Indeed,Full-time,True,Germany,2026-08-30 02:03:40,False,False,Germany,,,
4934,105,Data Analyst,Data Quality Analyst,"Hamburg, Germany",via Robota.ua,Internship,True,Germany,2026-08-19 14:15:42,False,False,Germany,,,
4935,88,Data Analyst,Data Analyst,"Hamburg, Germany",via Pracuj.pl,Part-time,False,Germany,2026-09-11 20:32:57,True,True,Germany,,,
4936,14,Cloud Engineer,Cloud Data Engineer,"Lviv, Ukraine",via Work.ua,Full-time,False,Ukraine,2026-09-17 03:34:52,False,False,Ukraine,,,
4937,129,Data Engineer,Junior Data Engineer,"Vinnytsia, Ukraine",via NoFluffJobs,Full-time,False,Ukraine,2026-08-23 21:14:11,False,True,Ukraine,,,
4938,13,Data Scientist,Data Scientist,"Vinnytsia, Ukraine",via Xing,Full-time,True,Ukraine,2026-08-27 21:00:06,False,True,Ukraine,,,
4939,55,Business Analyst,BI Analyst,"Wroclaw, Poland",via Xing,Full-time,False,Poland,2026-08-18 16:46:34,True,False,Poland,,,
4940,70,Data Analyst,Product Data Analyst,"Gdansk, Poland",via Pracuj.pl,Internship,False,Poland,2026-08-31 07:33:56,False,False,Poland,year,25453.0,
4941,79,Machine Learning Engineer,Machine Learning Engineer,"Dusseldorf, Germany",via Xing,Contractor,False,Germany,2026-09-15 14:29:29,False,False,Germany,,,
4942,50,Data Analyst,Data Quality Analyst,"Gdansk, Poland",via NoFluffJobs,Part-time,False,Poland,2026-09-03 13:51:44,False,False,Poland,,,
4943,75,Data Scientist,Data Scientist,"Katowice, Poland",via Djinni,Internship,True,Poland,2026-09-12 02:27:55,False,False,Poland,,,
4944,117,Data Engineer,ETL Developer,"Poznan, Poland",via StepStone,Internship,False,Poland,2026-09-04 00:45:25,False,True,Poland,,,
4945,33,Data Analyst,Product Data Analyst,"Dnipro, Ukraine",via Glassdoor,Contractor,False,Ukraine,2026-09-20 16:11:38,False,True,Ukraine,,,
4946,40,Data Analyst,Data Analyst (Finance),"Kyiv, Ukraine",via Rabota.ua,Part-time,True,Ukraine,2026-08-25 08:42:19,False,False,Ukraine,,,
4947,59,Business Analyst,Business Analyst,"Lodz, Poland",via Rabota.ua,Full-time,False,Poland,2026-08-26 08:22:52,False,False,Poland,,,
4948,107,Data Analyst,Business Data Analyst,"Munich, Germany",via LinkedIn,Part-time,False,Germany,2026-09-24 19:59:11,False,True,Germany,,,
4949,23,Data Engineer,Data Engineer,"Ivano-Frankivsk, Ukraine",via LinkedIn,Internship,False,Ukraine,2026-08-18 11:45:17,False,False,Ukraine,,,
4950,87,Senior Data Engineer,Lead Data Engineer,Anywhere,via StepStone,Part-time,True,Germany,2026-09-18 05:47:43,False,False,Germany,,,
4951,30,Senior Data Engineer,Lead Data Engineer,"Odesa, Ukraine",via Rabota.ua,Full-time,False,Ukraine,2026-08-23 09:20:55,True,True,Ukraine,,,
4952,48,Data Analyst,Data Analyst (Finance),"Katowice, Poland",via Robota.ua,Full-time,False,Poland,2026-08-20 17:26:06,False,True,Poland,,,
4953,128,Data Analyst,Junior Data Analyst,"Katowice, Poland",via Work.ua,Full-time,True,Poland,2026-08-28 02:16:10,True,True,Poland,,,
4954,91,Business Analyst,Business Intelligence Analyst,"Hamburg, Germany",via NoFluffJobs,Internship,False,Germany,2026-09-13 19:55:17,True,True,Germany,,,
4955,114,Business Analyst,Junior Business Analyst,"Kyiv, Ukraine",via StepStone,Full-time,True,Ukraine,2026-09-10 10:49:52,True,True,Ukraine,,,
4956,114,Senior Data Scientist,Senior Data Scientist,"Kharkiv, Ukraine",via Pracuj.pl,Contractor,False,Ukraine,2026-09-08 17:13:04,False,False,Ukraine,,,
4957,18,Data Scientist,Data Scientist,"Dnipro, Ukraine",via Work.ua,Full-time,True,Ukraine,2026-09-20 18:29:50,True,False,Ukraine,,,
4958,39,Business Analyst,Junior Business Analyst,"Odesa, Ukraine",via Robota.ua,Internship,False,Ukraine,2026-09-01 08:38:50,True,False,Ukraine,,,
4959,66,Cloud Engineer,Cloud Data Engineer,"Gdansk, Poland",via NoFluffJobs,Contractor,False,Poland,2026-08-25 13:41:04,True,False,Poland,,,
4960,100,Data Engineer,Power BI Developer,"Frankfurt, Germany",via Work.ua,Contractor,False,Germany,2026-08-27 22:53:28,False,False,Germany,,,
4961,119,Senior Data Analyst,Lead Data Analyst,"Dnipro, Ukraine",via LinkedIn,Internship,False,Ukraine,2026-08-19 02:15:40,True,True,Ukraine,,,
4962,38,Data Analyst,Data Analyst (Marketing),"Odesa, Ukraine",via Glassdoor,Contractor,False,Ukraine,2026-09-15 00:56:34,False,False,Ukraine,,,
4963,1,Data Analyst,Junior Data Analyst,"Kyiv, Ukraine",via Djinni,Contractor,False,Ukraine,2026-09-05 07:39:12,False,False,Ukraine,year,10211.0,
4964,17,Senior Data Engineer,Lead Data Engineer,"Vinnytsia, Ukraine",via Pracuj.pl,Contractor,False,Ukraine,2026-08-18 12:28:00,False,True,Ukraine,,,
4965,125,Data Analyst,Product Data Analyst,"Dusseldorf, Germany",via Rabota.ua,Part-time,False,Germany,2026-09-24 15:21:51,False,True,Germany,,,
4966,16,Data Analyst,Product Data Analyst,"Odesa, Ukraine",via Work.ua,Full-time,False,Ukraine,2026-09-17 00:11:04,False,False,Ukraine,,,
4967,34,Data Analyst,Data Analyst (Finance),"Ivano-Frankivsk, Ukraine",via Work.ua,Full-time,True,Ukraine,2026-08-27 03:57:53,False,False,Ukraine,,,
4968,127,Data Analyst,Data Analyst (Marketing),"Hamburg, Germany",via Glassdoor,Part-time,False,Germany,2026-08-27 01:03:27,False,False,Germany,,,
4969,117,Machine Learning Engineer,Machine Learning Engineer,"Krakow, Poland",via Indeed,Full-time,True,Poland,2026-09-23 03:56:18,True,False,Poland,year,31914.0,
4970,30,Business Analyst,Business Intelligence Analyst,"Kyiv, Ukraine",via Pracuj.pl,Full-time,True,Ukraine,2026-08-22 20:10:14,False,False,Ukraine,,,
4971,65,Senior Data Analyst,Senior Data Analyst,Anywhere,via Djinni,Part-time,True,Poland,2026-09-12 16:36:16,False,True,Poland,,,
4972,83,Senior Data Analyst,Lead Data Analyst,"Stuttgart, Germany",via Rabota.ua,Part-time,False,Germany,2026-09-17 14:33:26,False,False,Germany,year,88185.0,
4973,119,Data Scientist,Junior Data Scientist,"Kyiv, Ukraine",via NoFluffJobs,Full-time,False,Ukraine,2026-09-11 04:11:55,False,True,Ukraine,,,
4974,78,Data Analyst,Data Quality Analyst,"Frankfurt, Germany",via Glassdoor,Internship,False,Germany,2026-09-04 20:23:54,False,True,Germany,,,
4975,64,Data Analyst,Data Analyst (Finance),"Gdansk, Poland",via Indeed,Full-time,False,Poland,2026-08-20 13:21:57,False,False,Poland,,,
4976,102,Business Analyst,Business Analyst,"Berlin, Germany",via Xing,Contractor,False,Germany,2026-09-16 02:20:52,False,True,Germany,,,
4977,44,Senior Data Engineer,Senior Data Engineer,"Ivano-Frankivsk, Ukraine",via LinkedIn,Full-time,False,Ukraine,2026-09-05 08:52:51,True,True,Ukraine,,,
4978,132,Senior Data Analyst,Lead Data Analyst,"Odesa, Ukraine",via Pracuj.pl,Full-time,False,Ukraine,2026-09-03 14:30:08,True,True,Ukraine,,,
4979,50,Senior Data Analyst,Lead Data Analyst,Anywhere,via Work.ua,Contractor,True,Poland,2026-09-20 17:09:39,True,False,Poland,,,
4980,25,Senior Data Analyst,Lead Data Analyst,"Kharkiv, Ukraine",via StepStone,Full-time,False,Ukraine,2026-08-26 15:23:23,False,False,Ukraine,,,
4981,84,Business Analyst,Junior Business Analyst,"Cologne, Germany",via Xing,Contractor,False,Germany,2026-09-02 17:50:55,False,True,Germany,,,
4982,89,Data Engineer,BI Developer,"Dusseldorf, Germany",via Glassdoor,Contractor,True,Germany,2026-08-27 01:20:19,False,True,Germany,,,
4983,91,Data Analyst,Data Analyst (Finance),"Munich, Germany",via LinkedIn,Internship,True,Germany,2026-08-15 18:01:47,False,False,Germany,year,68736.0,
4984,42,Business Analyst,Business Intelligence Analyst,"Kyiv, Ukraine",via Work.ua,Part-time,True,Ukraine,2026-09-11 06:42:31,False,False,Ukraine,,,
4985,132,Data Analyst,Junior Data Analyst,"Vinnytsia, Ukraine",via Pracuj.pl,Internship,True,Ukraine,2026-08-16 20:34:51,True,True,Ukraine,,,
4986,118,Business Analyst,Business Analyst,"Odesa, Ukraine",via StepStone,Internship,False,Ukraine,2026-08-31 02:30:41,False,False,Ukraine,year,26759.0,
4987,124,Data Scientist,Data Scientist,"Frankfurt, Germany",via LinkedIn,Full-time,True,Germany,2026-09-12 03:39:29,False,False,Germany,,,
4988,119,Business Analyst,BI Analyst,"Vinnytsia, Ukraine",via NoFluffJobs,Internship,False,Ukraine,2026-08-31 09:44:16,False,True,Ukraine,year,18482.0,
4989,35,Senior Data Engineer,Lead Data Engineer,"Odesa, Ukraine",via Glassdoor,Full-time,False,Ukraine,2026-09-16 17:19:44,False,True,Ukraine,,,
4990,52,Senior Data Analyst,Senior Data Analyst,"Krakow, Poland",via Robota.ua,Contractor,False,Poland,2026-09-15 02:01:30,True,False,Poland,,,
4991,126,Business Analyst,BI Analyst,"Lviv, Ukraine",via Robota.ua,Full-time,False,Ukraine,2026-09-18 21:20:01,True,True,Ukraine,,,
4992,103,Senior Data Engineer,Lead Data Engineer,Anywhere,via Glassdoor,Full-time,True,Germany,2026-09-16 10:19:21,False,False,Germany,,,
4993,77,Machine Learning Engineer,Machine Learning Engineer,"Katowice, Poland",via Djinni,Part-time,False,Poland,2026-08-29 01:57:29,False,True,Poland,,,
4994,114,Data Analyst,Product Data Analyst,"Kharkiv, Ukraine",via NoFluffJobs,Full-time,False,Ukraine,2026-09-11 21:13:22,False,True,Ukraine,year,18582.0,
4995,65,Data Analyst,Data Quality Analyst,Anywhere,via Work.ua,Full-time,True,Poland,2026-09-17 16:24:50,True,True,Poland,,,
4996,57,Machine Learning Engineer,Machine Learning Engineer,"Katowice, Poland",via Robota.ua,Full-time,True,Poland,2026-08-24 07:19:35,False,True,Poland,year,36661.0,
4997,17,Data Analyst,Data Analyst,"Kyiv, Ukraine",via Djinni,Contractor,False,Ukraine,2026-08-22 02:42:50,False,True,Ukraine,,,
4998,46,Data Engineer,Power BI Developer,"Krakow, Poland",via NoFluffJobs,Full-time,False,Poland,2026-09-17 05:26:26,True,False,Poland,,,
4999,91,Data Analyst,Data Analyst (Marketing),"Cologne, Germany",via Djinni,Full-time,False,Germany,2026-09-02 08:00:19,False,True,Germany,,,
5000,38,Data Engineer,ETL Developer,Anywhere,via Pracuj.pl,Full-time,True,Ukraine,2026-08-25 09:28:25,False,True,Ukraine,,,
