job_id,skill_id
1,0
1,201
2,0
2,196
2,184
3,0
3,96
3,76
3,182
3,247
3,93
4,0
4,70
4,16
4,181
4,216
5,0
5,192
5,70
5,202
5,234
5,16
6,0
6,196
6,181
6,183
7,0
7,185
7,183
8,1
8,196
8,202
8,181
8,56
9,0
9,5
9,181
9,70
10,0
10,187
10,70
11,0
11,98
11,16
11,185
11,94
12,0
12,185
12,16
13,5
13,202
13,16
13,184
13,187
14,0
14,57
14,196
14,190
15,0
15,1
15,201
15,184
15,185
16,0
16,192
16,196
16,70
16,16
16,181
17,0
17,1
17,192
17,98
17,234
17,76
17,16
17,184
17,185
17,56
18,16
18,70
18,202
18,190
19,0
19,1
19,70
19,234
19,16
19,181
19,183
20,0
20,1
20,202
20,77
20,183
20,184
20,93
21,0
21,201
21,70
22,0
22,185
22,196
22,201
23,0
23,187
23,61
24,0
24,98
24,81
24,210
24,185
24,61
24,94
25,0
25,196
25,181
26,0
26,1
26,96
26,98
26,76
26,61
26,190
27,1
27,233
27,202
27,80
27,56
27,92
27,94
28,0
28,183
29,0
29,5
29,182
30,0
30,1
30,192
30,61
30,190
31,0
31,192
31,81
31,183
31,185
32,0
32,192
32,16
32,184
32,57
33,0
33,1
33,192
33,196
33,234
33,16
33,93
33,95
34,0
34,233
34,190
35,0
35,57
35,202
35,98
36,0
36,57
36,182
37,0
37,192
37,70
37,185
37,190
38,192
38,185
38,184
38,57
39,0
39,98
39,196
39,61
39,94
40,0
40,98
40,202
40,16
40,187
40,61
41,0
41,196
41,190
41,183
42,184
42,233
42,182
43,0
43,96
43,202
43,74
43,183
44,0
44,192
44,196
44,70
44,185
45,0
45,98
45,196
45,5
45,201
45,76
45,57
45,95
46,0
46,196
46,70
46,201
46,16
46,181
47,0
47,201
47,184
48,0
48,96
48,98
48,70
48,202
48,76
48,210
48,181
48,182
49,0
49,185
50,0
50,196
50,201
50,210
50,184
51,0
51,70
51,190
51,182
52,0
52,1
52,234
52,182
52,183
52,184
53,0
53,192
53,5
53,74
53,182
53,185
54,0
54,70
54,196
54,182
55,0
55,5
55,70
55,201
55,202
55,210
55,183
56,192
56,1
56,56
56,184
57,0
57,192
57,76
57,184
57,185
57,93
57,94
58,0
58,57
58,196
58,247
59,0
59,1
59,96
59,70
59,202
59,210
59,95
60,0
60,182
61,0
61,196
61,201
61,202
61,16
62,0
62,1
62,70
62,202
62,76
62,92
63,0
63,57
63,190
63,192
64,0
64,192
64,5
64,183
64,190
65,0
65,201
65,190
65,16
66,0
66,192
66,70
66,216
66,184
67,0
67,1
67,202
67,234
67,183
67,187
68,0
68,201
68,182
68,1
69,0
69,1
69,5
69,76
69,182
69,56
69,185
70,0
70,98
70,192
71,0
71,5
71,183
71,56
71,187
71,216
72,0
72,192
72,233
72,16
72,181
72,61
73,0
73,5
73,70
73,201
73,181
73,93
74,0
74,201
74,247
74,183
74,61
75,0
75,192
75,202
75,81
75,181
76,0
76,196
76,5
76,16
76,181
76,183
76,57
77,0
77,192
77,5
77,202
77,187
78,233
78,81
78,182
78,183
78,185
78,92
79,0
79,1
79,181
79,182
79,184
80,0
80,192
80,98
80,196
80,70
80,202
80,74
80,94
81,0
81,16
81,181
81,94
82,0
82,201
82,16
82,187
82,61
83,201
83,76
83,5
84,0
84,16
84,181
84,56
84,184
85,0
85,192
85,5
85,70
85,76
85,190
86,0
86,184
87,0
87,185
87,187
87,184
88,0
88,185
88,1
88,57
89,0
89,185
89,57
90,0
90,1
90,196
90,70
90,16
90,187
91,0
91,98
91,16
91,184
91,190
91,95
92,0
92,190
92,247
93,0
93,1
93,202
93,183
93,61
93,190
94,0
94,98
94,16
94,182
94,94
95,0
95,1
95,216
95,187
95,94
96,0
96,1
96,70
96,201
96,16
96,81
96,247
96,187
96,190
97,0
97,96
97,5
97,74
97,16
97,182
97,183
98,0
98,1
98,5
98,76
98,183
99,0
99,185
99,187
99,183
100,56
100,201
100,95
101,0
101,1
101,192
101,201
101,190
102,0
102,185
102,16
102,70
103,0
103,192
103,216
103,187
103,61
104,0
104,202
104,181
104,56
104,190
105,0
105,201
105,247
105,183
106,0
106,202
106,196
107,0
107,192
107,202
107,16
107,56
108,0
108,196
108,234
108,181
108,187
109,0
109,1
109,201
109,187
109,190
110,0
110,202
110,184
110,183
111,201
111,234
111,181
112,0
112,98
112,202
112,16
112,80
112,181
112,93
113,0
113,234
113,190
114,0
114,1
114,187
114,16
115,192
115,1
115,202
115,80
115,210
115,184
115,93
115,94
116,0
116,16
116,210
116,192
117,0
117,77
117,181
118,0
118,201
118,190
119,0
119,61
119,183
120,0
120,196
120,5
120,56
120,187
121,0
121,1
121,5
121,202
121,184
121,190
122,0
122,1
122,70
122,16
122,181
122,187
123,0
123,76
123,16
123,182
123,216
123,185
123,190
124,0
124,5
124,16
124,80
124,247
124,184
124,93
125,0
125,16
125,182
126,0
126,1
126,70
126,74
126,210
126,183
127,0
127,181
127,57
127,92
127,93
127,190
128,0
128,5
128,76
128,16
128,181
128,187
128,92
128,190
129,0
129,201
130,0
130,196
130,234
130,185
130,57
131,0
131,187
131,182
132,0
132,201
132,210
132,184
132,61
133,0
133,1
133,192
133,74
133,234
133,182
133,187
134,0
134,192
134,5
134,210
134,61
134,95
135,0
135,196
135,5
135,70
135,202
136,185
136,182
137,0
137,5
137,202
137,16
137,56
138,0
138,98
138,202
138,80
138,183
138,93
139,0
139,233
139,190
140,0
140,1
140,5
140,80
140,184
140,187
140,61
141,0
141,196
141,70
141,181
141,247
141,187
142,0
142,1
142,16
142,181
142,182
142,184
143,0
143,98
143,196
143,210
143,181
144,0
144,1
144,5
144,201
144,182
144,190
145,0
145,234
145,202
145,187
146,0
146,196
146,5
146,183
146,185
147,0
147,201
147,80
147,16
147,181
148,0
148,1
148,202
148,210
148,181
149,0
149,201
149,74
149,93
149,181
149,184
149,92
149,61
150,0
150,76
150,56
150,184
150,95
151,0
151,202
151,56
151,95
152,0
152,184
152,192
153,0
153,202
153,187
154,192
154,93
154,190
154,247
155,0
155,192
155,5
155,233
155,81
155,181
156,181
156,70
157,0
157,16
157,234
157,192
158,0
158,70
158,184
159,0
159,1
159,98
159,80
159,183
160,0
160,192
160,196
160,183
160,57
160,247
161,0
161,185
161,187
161,196
162,0
162,196
162,5
162,70
162,202
162,210
162,190
163,0
163,1
163,196
163,202
163,184
163,61
164,0
164,1
164,192
164,184
164,185
165,0
165,192
165,201
165,233
165,185
166,0
166,192
166,196
166,202
166,77
166,92
167,0
167,56
167,196
167,182
168,0
168,98
168,5
168,182
168,95
169,0
169,185
170,0
170,56
170,196
170,247
171,0
171,247
171,183
172,0
172,70
172,201
172,77
172,182
172,247
173,0
173,1
173,77
173,247
173,185
173,187
174,0
174,1
174,192
174,233
174,16
174,183
174,187
175,0
175,61
175,181
175,184
176,0
176,1
176,196
176,201
176,16
176,93
176,95
177,0
177,1
177,74
177,183
177,93
177,95
178,0
178,201
178,202
179,0
179,196
179,5
179,202
179,16
179,80
179,185
179,93
180,0
180,196
180,70
180,202
180,234
180,16
180,190
180,95
181,0
181,202
181,80
181,247
181,184
181,61
182,0
182,182
182,190
182,183
183,0
183,185
184,0
184,181
185,0
185,1
185,196
185,5
185,57
186,0
186,192
186,5
186,185
186,190
187,196
187,16
187,181
187,185
187,95
188,0
188,234
188,16
188,182
188,183
188,187
189,16
189,196
189,92
190,0
190,70
190,76
190,190
191,196
191,202
191,76
191,56
191,187
191,92
191,95
192,202
192,187
193,0
193,61
193,5
193,182
194,184
194,0
194,182
194,183
195,0
195,61
195,183
196,0
196,196
196,202
196,74
196,210
196,185
196,94
196,95
197,0
197,234
197,184
197,187
197,190
198,0
198,5
198,202
198,16
198,210
199,0
199,192
199,5
199,234
199,57
199,187
200,0
200,1
200,184
201,80
201,1
201,202
201,210
202,0
202,202
202,234
202,76
202,183
202,93
202,95
203,0
203,98
203,196
203,201
203,16
203,80
203,93
203,61
204,0
204,201
204,74
204,234
204,182
204,187
204,92
204,93
205,0
205,187
205,196
205,181
206,0
206,196
206,5
206,201
206,183
206,93
207,0
207,201
207,5
207,1
208,0
208,196
208,233
208,202
208,61
209,0
209,5
209,201
209,74
209,182
210,0
210,181
210,184
210,183
211,0
211,202
211,16
211,183
211,57
212,0
212,187
212,183
213,0
213,5
213,182
213,247
213,185
213,57
214,0
214,190
214,181
214,182
215,0
215,233
215,16
215,80
215,184
215,61
216,0
216,196
216,16
216,184
216,93
216,190
217,0
217,76
217,181
217,187
217,92
217,61
217,190
218,0
218,1
218,74
218,183
218,56
218,187
218,190
219,0
219,202
219,81
219,187
219,190
220,185
220,61
220,5
220,1
221,0
221,16
221,94
221,187
221,92
221,190
222,93
222,196
222,5
222,190
223,0
223,196
223,192
224,0
224,5
224,210
224,181
224,56
225,0
225,185
225,234
225,1
226,0
226,192
227,0
227,202
227,16
227,184
227,185
227,216
228,0
228,56
228,181
228,182
229,0
229,16
229,196
229,181
230,0
230,16
230,187
230,181
231,0
231,210
231,183
231,185
231,187
231,57
232,0
232,201
232,216
233,0
233,1
233,196
233,202
233,187
233,61
234,0
234,185
234,202
234,187
235,0
235,1
235,5
235,74
235,94
235,185
235,187
235,93
235,190
236,0
236,16
236,187
236,5
237,0
237,1
237,5
237,201
237,182
237,216
238,0
238,185
238,187
238,190
239,0
239,1
239,202
239,234
239,190
240,0
240,96
240,5
240,76
240,16
240,182
240,95
241,0
241,192
241,182
241,187
241,61
242,0
242,196
242,192
243,0
243,1
243,96
243,201
243,233
243,181
243,185
244,192
244,70
244,183
244,94
244,92
244,190
245,0
245,187
245,190
245,247
246,0
246,247
246,202
246,80
246,183
246,56
246,187
246,93
246,94
247,0
247,70
247,182
248,1
248,5
248,70
248,81
248,210
248,183
248,185
249,0
249,98
249,80
249,187
249,92
250,0
250,192
250,210
250,182
250,57
251,0
251,192
251,5
251,233
251,16
251,184
251,190
252,16
252,183
253,0
253,201
253,182
253,184
254,0
254,192
254,183
254,56
254,184
255,0
255,1
255,98
255,16
255,183
255,184
255,57
256,0
256,202
256,184
257,216
257,183
258,0
258,1
258,98
258,70
258,77
258,182
259,0
259,201
259,202
259,183
260,0
260,1
260,202
260,74
260,181
260,92
260,190
261,0
261,192
261,201
261,77
261,181
262,0
262,96
262,201
262,233
262,182
262,187
262,61
262,95
263,0
263,1
263,202
263,16
263,80
263,184
263,187
263,61
264,0
264,1
264,182
265,0
265,5
265,202
265,16
265,187
265,190
266,1
266,196
266,233
266,183
266,56
266,185
267,0
267,190
268,0
268,56
268,192
269,0
269,5
269,70
269,233
269,81
269,181
270,0
270,185
270,16
270,192
271,0
271,16
271,5
271,184
272,0
272,1
272,74
272,182
272,185
272,61
273,0
273,1
273,187
273,5
274,0
274,1
274,185
274,187
274,61
275,0
275,190
276,0
276,185
277,0
277,182
278,0
278,196
278,247
279,0
279,196
279,5
279,80
279,56
280,0
280,56
280,192
281,80
281,187
281,70
281,247
282,0
282,74
282,181
282,182
282,183
283,0
283,196
283,201
283,234
283,181
284,0
284,1
284,192
284,96
284,74
284,16
284,182
284,95
285,0
285,1
285,77
285,16
285,57
285,190
286,0
286,70
286,201
286,74
286,181
286,216
287,0
287,185
287,210
287,181
288,0
288,196
288,5
288,74
288,16
288,184
288,187
289,0
289,1
289,187
290,0
290,192
290,5
290,233
290,202
290,16
291,0
291,1
291,182
291,56
291,187
292,0
292,184
292,247
293,0
293,202
294,0
294,76
294,181
294,190
294,95
295,0
295,182
295,187
295,92
295,190
296,0
296,98
296,70
296,201
296,183
296,190
297,0
297,96
297,192
297,77
297,247
297,93
298,0
298,1
298,201
298,77
298,16
298,57
298,93
298,94
299,0
299,192
300,0
300,1
300,16
300,182
300,183
300,56
301,0
301,210
301,196
301,92
302,0
302,1
302,182
302,183
302,187
303,0
303,96
303,201
303,80
303,182
303,56
303,92
304,0
304,202
304,234
304,16
304,80
304,182
304,57
304,92
304,190
305,0
305,201
305,187
305,16
306,0
306,80
306,196
307,0
307,1
307,192
307,202
307,185
307,61
308,0
308,5
308,201
308,202
308,210
308,56
309,0
309,16
309,80
309,181
309,247
309,190
310,0
310,192
310,5
310,70
310,16
310,181
310,184
311,0
311,192
311,1
311,201
311,16
311,187
312,0
312,76
312,184
312,185
312,92
312,61
313,0
313,201
313,181
313,192
314,0
314,234
314,202
314,80
315,0
315,202
315,190
316,0
316,201
316,181
316,183
317,0
317,192
317,247
317,187
317,190
318,0
318,185
318,210
318,184
319,0
319,1
319,196
319,5
319,202
319,247
319,184
319,57
320,0
320,196
320,5
320,202
320,16
320,80
321,201
321,74
321,233
321,182
321,61
322,0
322,1
322,16
322,181
322,182
322,187
323,0
323,196
323,5
323,16
323,57
323,187
324,0
324,70
324,181
324,183
324,185
324,247
325,0
325,1
325,196
325,234
325,56
326,0
326,16
326,181
327,0
327,5
327,202
327,183
327,185
328,181
329,96
329,5
329,70
329,201
329,77
329,16
329,184
329,94
329,216
330,0
330,192
330,74
330,210
330,93
330,182
330,187
330,61
330,95
331,0
331,202
331,77
331,181
331,184
332,0
332,16
332,202
332,233
333,0
333,1
333,233
333,74
333,184
333,187
334,0
334,187
335,0
335,70
335,202
335,81
335,182
335,247
335,190
336,0
336,201
337,0
337,96
337,196
337,185
337,187
337,61
338,234
338,201
338,202
338,187
339,0
339,5
339,234
339,181
339,183
339,56
340,0
340,74
340,16
340,181
340,94
341,0
341,202
341,74
341,181
341,184
341,57
341,216
342,0
342,192
342,98
342,96
342,80
342,183
342,187
343,0
343,210
343,61
343,183
344,0
344,196
344,202
344,210
344,182
345,185
345,61
345,196
345,181
346,0
346,192
346,96
346,80
346,57
346,187
346,92
347,0
347,1
347,201
347,181
347,61
348,0
348,196
348,76
348,181
348,183
348,247
348,93
348,94
349,247
349,70
349,183
350,0
350,192
350,96
350,5
350,202
350,95
351,0
351,196
351,234
351,182
351,185
352,0
352,1
352,192
352,98
352,202
352,76
352,16
352,247
352,61
352,190
352,95
353,0
353,1
353,181
353,183
353,185
354,0
354,98
354,5
354,216
354,190
355,0
355,57
355,190
356,0
356,1
356,201
356,16
356,210
356,182
356,61
357,0
357,1
357,190
358,0
358,1
358,77
358,184
358,92
359,0
359,98
359,234
359,183
359,185
359,93
359,57
360,0
360,234
360,76
360,182
360,190
361,0
361,190
361,192
362,0
362,56
362,196
362,192
363,0
363,98
363,183
363,184
363,185
364,0
364,202
364,182
365,0
365,1
365,202
365,183
366,0
366,57
366,5
366,190
367,0
367,187
367,61
367,192
368,0
368,196
368,80
368,182
368,185
369,0
369,201
369,190
369,70
370,0
370,192
370,76
370,183
370,92
371,0
371,187
371,182
372,0
372,5
372,74
372,182
372,95
373,0
373,1
373,234
373,181
373,183
373,185
373,95
374,0
374,202
374,80
374,183
375,0
375,192
375,1
375,16
375,183
375,216
375,185
376,0
376,1
376,202
376,183
376,61
376,190
377,0
377,98
377,5
377,201
377,16
377,216
377,95
378,0
378,202
378,182
378,184
379,0
379,16
379,181
379,184
379,185
380,0
380,201
380,76
380,16
380,61
380,94
381,0
381,210
381,181
381,61
381,190
382,0
382,16
382,183
383,0
383,1
383,233
383,185
383,61
384,0
384,185
384,77
384,61
385,0
385,192
385,201
385,16
385,183
385,57
386,0
386,5
386,247
386,183
386,190
387,0
387,210
387,192
388,0
388,1
388,192
388,16
388,61
389,0
389,5
389,16
389,56
389,185
389,216
390,0
390,77
390,182
390,183
391,0
391,196
391,5
391,234
391,183
391,184
392,16
392,201
392,181
393,0
393,233
393,56
393,187
394,0
394,202
394,187
395,0
395,192
395,80
395,216
395,61
396,0
396,181
396,183
396,56
396,185
397,0
397,233
397,183
397,93
397,94
398,0
398,202
398,5
399,0
399,96
399,80
399,182
399,185
399,93
399,190
400,0
400,1
400,202
401,0
401,182
402,0
402,192
403,0
403,234
403,16
403,184
403,61
404,0
404,1
404,196
404,5
404,187
405,0
405,16
405,187
405,70
406,0
406,1
406,70
406,201
406,16
406,184
406,190
407,0
407,1
407,76
407,185
407,95
408,0
408,5
408,183
409,0
409,185
409,196
409,94
410,0
410,201
410,202
410,16
410,81
410,56
410,190
411,192
411,0
411,1
411,201
411,181
411,61
412,0
412,192
412,16
412,181
412,56
412,190
413,0
413,1
413,181
413,93
413,190
414,0
414,1
414,192
414,5
414,210
415,0
415,185
415,181
415,192
416,0
416,192
416,202
416,74
416,95
417,16
417,202
417,61
418,0
418,1
418,192
418,196
418,70
418,190
419,0
419,16
419,182
419,183
419,184
420,0
420,1
420,201
420,74
420,92
420,94
421,0
421,1
421,80
421,192
422,0
422,1
422,202
422,74
422,92
422,94
423,0
423,181
423,216
424,210
424,74
424,190
424,183
425,16
425,201
425,94
425,216
426,0
426,98
426,5
426,70
426,234
426,183
426,185
426,92
427,0
427,196
427,201
427,233
427,16
427,81
427,181
428,0
428,1
428,192
428,98
428,16
428,93
428,61
428,190
429,0
429,247
429,5
429,192
430,0
430,1
430,5
430,181
430,187
430,61
431,0
431,5
431,210
431,182
431,190
432,0
432,61
432,190
433,0
433,5
433,210
433,183
433,184
433,190
434,0
434,202
434,234
434,192
435,0
435,1
435,192
435,96
435,202
435,80
435,182
436,0
436,1
436,5
436,202
436,74
436,234
436,184
436,56
436,190
437,0
437,192
438,0
438,201
438,70
439,0
439,1
439,70
439,210
439,184
439,185
440,0
440,1
440,233
440,202
440,184
440,185
441,0
441,192
441,234
441,182
441,185
442,0
442,233
442,202
442,196
443,185
443,182
444,0
444,192
444,96
444,98
444,5
444,76
444,16
444,210
445,0
445,185
445,234
446,0
446,1
446,5
446,70
446,80
446,182
446,183
446,216
446,95
447,0
447,5
447,182
448,0
448,192
448,181
448,247
448,56
449,0
449,185
449,201
449,192
450,0
450,1
450,182
450,56
450,190
451,0
451,187
451,76
452,0
452,196
452,5
452,202
452,16
452,185
453,0
453,70
453,182
454,0
454,1
454,202
454,81
454,247
454,184
454,185
455,192
455,196
455,202
455,16
455,81
456,0
456,185
456,190
456,57
457,0
457,16
457,181
457,183
458,0
458,216
458,190
458,192
459,1
459,81
459,184
459,56
459,187
460,0
460,1
460,202
460,16
461,0
461,1
461,192
461,98
461,76
461,182
461,185
461,57
462,0
462,1
462,181
462,57
462,190
463,0
463,1
463,196
463,16
463,181
463,182
464,0
464,5
464,201
464,16
464,181
465,0
465,5
465,190
466,0
466,201
466,187
466,192
467,0
467,202
467,182
467,61
467,190
468,0
468,1
468,16
468,216
468,187
469,0
469,1
469,192
469,98
469,196
469,5
469,201
469,77
469,57
469,92
470,0
470,1
470,96
470,196
470,5
470,74
470,93
470,61
471,0
471,1
471,96
471,98
471,16
471,183
471,57
472,0
472,1
472,16
472,181
472,182
472,183
472,57
473,0
473,233
473,202
473,16
473,81
473,183
473,93
473,94
474,0
474,201
475,0
475,216
475,192
476,0
476,56
476,187
477,0
477,96
477,196
477,76
477,16
477,182
477,184
477,95
478,0
478,185
478,80
478,5
479,0
479,1
479,76
479,16
479,56
479,185
479,187
479,94
480,0
480,1
480,196
480,57
480,187
481,0
481,196
481,76
481,182
481,61
481,190
482,0
482,1
482,196
482,5
482,201
482,183
483,0
483,16
483,202
483,196
484,0
484,1
484,192
484,183
484,184
485,0
485,192
485,196
485,5
485,202
486,0
486,192
486,98
486,196
486,77
486,183
486,94
487,0
487,1
487,210
487,183
488,0
488,234
488,187
489,0
489,201
489,16
489,57
489,187
489,190
490,0
490,96
490,5
490,16
490,81
490,184
491,0
491,80
491,187
491,95
492,0
492,192
492,210
492,181
492,190
493,0
493,98
493,70
493,183
493,92
494,0
494,181
494,182
494,184
494,92
494,94
495,0
495,56
495,183
496,0
496,57
496,190
497,0
497,192
497,181
497,183
497,247
498,0
498,96
498,16
498,185
498,94
499,0
499,196
499,183
500,16
500,57
500,5
500,190
501,0
501,16
501,81
501,182
501,185
501,57
502,0
502,16
502,190
503,0
503,5
503,70
503,201
503,76
503,94
504,0
504,234
504,16
504,181
504,182
504,190
505,96
505,98
505,74
505,247
505,183
506,0
506,1
506,196
506,5
506,210
506,61
507,0
507,196
507,201
507,210
507,184
507,56
508,0
508,1
508,5
508,182
508,184
509,0
509,234
509,181
510,0
510,192
510,1
510,196
510,5
510,234
510,190
511,0
511,57
511,187
511,192
512,185
512,201
512,183
513,0
513,196
513,190
513,184
514,0
514,247
514,190
514,184
515,0
515,196
515,201
515,234
515,77
515,190
516,210
516,202
516,187
516,182
517,192
517,70
517,201
517,234
517,181
518,0
518,80
518,5
518,192
519,0
519,5
519,202
519,16
519,183
519,216
519,185
520,0
520,192
520,98
520,81
520,183
520,190
520,95
521,0
521,1
521,187
522,0
522,185
522,234
522,57
523,0
523,16
523,184
524,0
524,96
524,192
524,70
524,182
524,94
525,0
525,16
525,70
525,192
526,0
526,1
526,202
526,57
527,0
527,1
527,5
527,70
527,185
528,0
528,5
528,76
528,16
528,181
528,187
529,0
529,201
529,202
529,233
530,0
530,192
530,5
530,16
530,56
531,0
531,1
531,16
531,247
531,183
532,16
532,196
533,0
533,96
533,76
533,16
533,181
533,57
533,190
534,0
534,196
534,5
535,0
535,70
535,16
535,184
535,190
536,0
536,192
536,70
536,16
536,185
537,216
537,1
537,202
537,187
538,0
538,233
538,77
538,182
538,183
538,57
538,187
539,0
539,96
539,80
539,247
539,56
539,187
539,95
540,0
540,1
540,184
541,0
541,187
542,0
542,192
542,16
542,184
542,190
543,0
543,16
543,196
543,233
544,0
544,202
544,81
544,181
544,184
544,57
545,0
545,1
545,5
545,184
545,185
545,190
546,0
546,1
546,202
546,183
546,57
547,0
547,70
547,74
547,16
547,181
547,182
548,0
548,5
548,70
548,184
548,185
549,0
549,192
549,5
549,202
549,184
550,0
550,5
550,202
550,234
550,16
550,181
550,190
551,0
551,5
551,202
551,80
551,187
552,0
552,70
552,202
552,182
553,185
553,202
553,196
554,0
554,201
554,202
554,57
555,192
555,70
555,202
555,16
555,190
556,96
556,98
556,196
556,16
556,81
557,0
557,233
557,187
558,0
558,196
558,233
558,74
558,183
558,190
559,0
559,1
559,70
559,77
559,16
559,187
559,93
559,94
560,0
560,196
560,234
560,16
560,56
561,0
561,201
561,183
562,0
562,201
563,196
563,5
563,201
563,76
563,16
563,182
563,94
564,0
564,196
564,5
564,202
564,181
565,0
565,196
565,76
565,183
565,57
565,187
566,0
566,70
566,76
566,183
566,190
567,0
567,5
567,201
567,234
567,76
567,185
567,92
568,0
568,1
568,234
568,182
569,0
569,1
569,202
569,184
569,187
569,61
570,0
570,57
570,233
570,184
571,0
571,181
571,182
571,247
571,190
572,0
572,1
572,192
572,202
572,183
572,57
573,0
573,5
573,16
573,247
573,184
573,94
573,190
573,95
574,0
574,192
574,5
574,233
574,16
575,0
575,98
575,201
575,16
575,80
575,210
575,184
575,190
576,0
576,56
576,187
576,192
577,0
577,98
577,70
577,74
577,182
577,95
578,0
578,98
578,187
578,5
579,187
579,5
579,70
579,183
580,0
580,1
580,202
580,5
581,0
581,210
581,181
581,182
581,183
581,56
582,0
582,202
582,56
582,187
582,216
583,0
583,61
583,184
583,192
584,0
584,5
584,233
584,16
584,183
585,0
585,96
585,192
585,5
585,233
585,182
586,0
586,70
586,16
586,187
586,190
587,0
587,98
587,5
587,76
587,181
587,56
587,93
588,0
588,1
588,190
588,16
589,0
589,187
590,0
590,192
590,96
590,16
590,181
590,187
590,95
591,0
591,183
591,196
591,192
592,0
592,1
592,234
592,181
592,56
592,190
593,181
594,0
594,96
594,196
594,202
594,74
594,181
594,216
595,0
595,5
595,56
595,184
595,216
596,0
596,202
596,216
597,0
597,202
597,61
598,0
598,5
598,81
598,183
598,184
598,216
599,0
599,192
599,234
599,187
599,190
600,0
600,1
600,182
601,0
601,202
601,181
601,192
602,0
602,181
602,183
603,0
603,196
603,96
603,192
604,192
604,183
605,0
605,1
605,201
605,183
605,187
606,0
606,98
606,196
606,5
606,202
606,16
606,80
606,247
606,190
607,0
607,202
607,16
607,182
607,185
608,0
608,5
608,16
608,81
608,181
608,187
609,0
609,81
609,187
609,184
610,0
610,1
610,98
610,202
610,16
610,81
610,210
610,181
610,185
610,57
611,0
611,201
611,182
611,192
612,0
612,196
612,184
612,216
613,0
613,16
613,56
613,184
614,0
614,1
614,183
615,0
615,98
615,181
615,61
615,190
615,95
616,0
616,5
616,94
616,57
616,190
616,95
617,0
617,201
617,202
617,16
617,183
618,0
618,1
618,196
618,5
618,233
618,190
619,0
619,192
619,5
619,70
619,234
619,76
619,16
619,183
619,94
620,0
620,5
620,201
620,182
620,56
621,0
621,1
621,5
621,182
621,57
622,0
622,70
622,16
622,80
622,182
623,0
623,233
623,190
624,0
624,1
624,70
624,201
624,77
624,182
624,190
625,0
625,1
625,5
625,185
625,187
625,57
626,0
626,96
626,5
626,74
626,216
626,185
626,61
627,0
627,1
627,201
627,183
627,187
628,0
628,1
628,192
628,96
628,80
628,56
628,184
628,95
629,56
629,196
629,247
630,0
630,201
630,234
630,76
630,183
630,57
631,0
631,1
631,81
631,93
631,182
631,185
631,61
631,190
632,0
632,201
632,182
632,192
633,0
633,1
633,181
633,57
634,0
634,201
634,182
634,192
635,0
635,96
635,81
635,184
635,92
636,0
636,1
636,234
636,182
636,185
636,187
637,0
637,5
637,184
637,185
637,61
638,0
638,5
638,201
638,182
638,56
638,187
639,0
639,98
639,201
639,16
639,185
639,93
640,0
640,201
640,210
640,70
641,0
641,1
641,202
641,16
641,181
641,56
642,0
642,1
642,182
642,247
642,190
643,184
643,16
643,5
644,0
644,1
644,201
644,202
644,16
644,56
645,0
645,196
645,181
645,190
646,0
646,196
646,70
646,76
646,183
646,216
646,187
647,0
647,182
648,0
648,70
648,210
648,182
648,185
648,187
649,0
649,81
649,196
649,182
650,0
650,187
650,181
651,0
651,185
651,61
651,181
652,0
652,196
652,74
652,182
652,183
653,0
653,1
653,196
653,201
653,202
653,80
653,210
653,92
653,94
654,0
654,183
655,0
655,192
655,70
655,16
655,247
656,0
656,1
656,5
656,56
656,190
657,0
657,1
657,16
657,181
657,56
658,0
658,74
658,16
658,185
658,190
659,0
659,185
659,234
659,184
660,0
660,185
660,182
661,192
661,5
661,196
661,181
662,0
662,1
662,201
662,187
662,61
662,190
663,0
663,1
663,196
663,202
663,210
663,182
664,0
664,201
664,234
664,196
665,0
665,187
665,192
666,0
666,1
666,201
666,93
666,184
666,61
667,0
667,196
667,202
667,57
667,187
668,0
668,192
668,201
668,182
668,247
668,56
669,0
669,196
669,5
669,182
669,57
669,187
670,0
670,183
670,187
670,192
671,192
671,81
671,94
672,0
672,80
672,210
672,183
672,56
672,92
672,95
673,0
673,5
673,16
673,185
673,61
674,0
674,201
675,0
675,196
676,0
676,1
676,196
676,16
676,57
677,0
677,5
677,210
677,181
677,185
677,57
678,0
678,196
678,202
678,183
678,57
679,0
679,201
679,247
679,185
679,187
679,57
680,0
680,181
681,0
681,98
681,5
681,201
681,80
681,56
681,94
682,0
682,1
682,70
682,201
682,202
682,74
682,185
683,0
683,185
683,1
684,196
684,70
685,0
685,96
685,16
685,80
685,247
685,190
686,196
686,5
686,210
686,183
686,190
687,201
687,190
687,183
688,0
688,201
688,76
688,184
688,185
688,95
689,0
689,185
689,61
689,1
690,0
690,196
690,233
690,77
690,181
691,0
691,1
691,196
691,93
692,0
692,1
692,181
692,57
692,92
693,0
693,233
693,202
693,61
693,190
694,0
694,201
694,202
694,16
694,183
695,0
695,1
695,70
695,81
695,187
696,0
696,192
696,96
696,196
696,70
696,16
696,81
696,92
697,0
697,1
697,216
697,93
697,190
698,0
698,233
698,184
698,57
698,190
699,0
699,1
699,192
699,181
699,56
699,190
700,0
700,196
700,192
701,0
701,185
701,190
701,184
702,0
702,5
702,202
702,81
702,183
702,61
703,0
703,192
703,96
703,80
703,247
703,185
703,190
703,95
704,0
704,202
704,56
705,0
705,98
705,5
705,202
705,16
705,81
705,185
705,187
705,57
706,0
706,192
706,98
706,183
706,57
706,247
707,0
707,1
707,5
707,201
707,57
708,0
708,1
708,76
708,182
708,185
709,0
709,96
709,98
709,77
709,185
710,0
710,196
710,5
710,202
710,187
711,185
711,187
711,196
711,77
712,0
712,1
712,201
712,202
712,184
713,0
713,185
713,202
713,81
714,1
714,247
714,185
714,187
714,183
715,0
715,98
715,16
715,184
715,185
715,190
715,57
716,98
716,5
716,201
716,16
716,183
717,1
717,187
718,0
718,1
718,196
718,5
718,70
718,234
718,184
718,187
719,0
719,192
719,16
719,181
719,183
719,57
720,0
720,76
720,183
720,56
720,94
721,0
721,98
721,196
721,16
721,183
721,187
721,92
721,61
722,0
722,5
722,16
722,181
722,182
722,187
723,0
723,16
723,96
723,182
724,184
724,233
724,202
725,0
725,1
725,182
725,16
726,0
726,202
726,234
726,81
726,181
726,184
726,92
727,0
727,1
727,57
727,183
728,0
728,210
728,187
728,61
729,0
729,1
729,233
729,56
729,185
729,187
730,0
730,185
730,190
730,57
731,0
731,5
731,56
731,181
732,0
732,192
732,1
732,5
732,202
732,56
732,187
733,0
733,233
733,183
734,0
734,57
734,202
734,181
735,0
735,201
735,202
735,81
736,0
736,1
736,76
736,183
737,0
737,1
737,181
737,183
737,184
737,56
738,0
738,192
738,5
738,81
738,182
738,183
739,0
739,192
739,201
739,56
739,184
740,0
740,96
740,5
740,202
740,81
740,182
740,183
740,95
741,0
741,5
741,192
742,0
742,5
742,201
742,77
742,56
742,93
742,190
743,0
743,1
743,201
743,16
743,57
744,0
744,201
744,80
744,183
744,184
744,57
745,0
745,185
745,56
745,16
746,0
746,196
746,202
746,16
746,181
747,0
747,201
747,196
747,184
748,0
748,181
749,0
749,1
749,77
749,184
749,190
750,0
750,1
750,196
750,201
750,210
750,190
751,0
751,1
751,5
751,201
751,181
751,190
752,0
752,5
752,70
752,80
752,183
753,0
753,202
753,196
753,247
754,0
754,185
754,5
755,0
755,92
755,5
755,192
756,0
756,57
756,184
757,0
757,92
757,184
757,247
758,0
758,81
758,247
758,185
758,57
759,0
759,5
759,234
759,61
759,190
760,0
760,70
760,202
760,247
760,184
760,187
761,0
761,76
761,16
761,184
761,190
762,184
762,196
762,216
762,183
763,0
763,192
763,196
763,201
763,56
764,0
764,185
764,190
765,0
765,16
765,5
765,181
766,0
766,182
767,0
767,16
767,196
767,190
768,0
768,192
768,202
768,16
768,182
768,56
769,0
769,190
770,0
770,201
770,81
770,183
770,57
771,0
771,1
771,5
771,183
771,185
771,187
772,0
772,234
772,16
772,184
772,57
772,187
773,0
773,210
773,61
773,183
774,0
774,5
774,70
774,81
774,92
774,190
775,0
775,5
775,202
775,16
775,80
775,94
775,95
776,0
776,201
776,202
776,77
776,94
776,190
777,16
777,1
777,202
777,196
778,0
778,184
778,183
779,0
779,5
779,202
779,16
779,210
779,181
779,183
779,57
780,0
780,201
780,76
780,16
780,181
780,187
780,61
781,201
781,187
781,181
782,0
782,16
782,190
783,0
783,192
783,201
783,80
783,56
784,0
784,16
784,202
784,5
785,0
785,16
785,56
785,190
786,0
786,202
787,0
787,202
787,187
787,192
788,0
788,61
788,181
789,0
789,196
789,181
789,183
790,0
790,196
790,5
790,202
790,16
790,210
791,0
791,196
791,247
792,0
792,233
792,202
792,183
792,184
792,61
793,0
793,202
793,76
793,181
793,183
793,57
793,94
793,95
794,0
794,80
794,181
794,247
794,184
794,187
795,0
795,196
795,5
795,234
795,181
795,183
795,61
796,192
796,190
796,216
797,0
797,1
797,202
797,77
798,0
798,196
798,56
798,185
798,187
799,0
799,233
799,80
799,183
799,184
800,0
800,185
800,187
801,202
801,190
802,70
802,196
802,182
803,0
803,5
803,216
803,185
803,61
804,0
804,16
804,210
804,181
805,0
805,185
805,201
805,192
806,0
806,202
806,16
806,187
806,61
806,190
807,0
807,96
807,5
807,202
807,16
807,80
807,182
807,183
807,93
808,0
808,1
808,196
808,233
808,183
808,94
808,190
809,0
809,192
809,74
809,184
809,57
810,0
810,70
810,16
810,247
810,190
811,0
811,1
811,216
811,57
811,187
812,0
812,56
812,183
813,0
813,182
813,247
813,185
813,61
814,0
814,192
814,76
814,16
814,187
814,61
814,190
815,0
815,201
815,56
815,5
816,0
816,201
816,16
816,184
816,190
817,0
817,1
817,196
817,201
817,16
817,57
818,0
818,56
818,183
819,0
819,196
819,5
819,74
819,16
819,190
819,95
820,201
820,234
820,81
820,183
820,190
821,0
821,182
822,0
822,96
822,202
822,182
822,185
822,94
822,57
823,0
823,201
823,184
824,0
824,185
825,0
825,96
825,16
825,80
825,181
825,94
826,0
826,1
826,196
826,16
826,247
826,56
826,185
827,0
827,57
827,190
827,184
828,0
828,192
828,201
828,202
828,210
828,61
829,0
829,1
829,183
829,216
829,187
830,0
830,192
830,70
830,234
830,187
831,0
831,96
831,192
831,5
831,210
831,183
832,16
832,202
832,196
833,0
833,1
833,192
833,183
833,56
833,187
834,0
834,16
834,181
835,0
835,202
835,74
835,183
835,187
835,95
836,0
836,201
836,190
836,57
837,0
837,185
837,92
837,96
838,0
838,1
838,233
838,16
838,184
838,57
838,190
839,0
839,5
839,16
839,184
839,190
840,0
840,196
840,181
840,247
840,56
840,187
841,0
841,96
841,5
841,74
841,16
841,187
842,0
842,1
842,16
842,184
842,187
843,0
843,1
843,70
843,181
843,182
844,0
844,202
844,181
844,184
844,216
845,0
845,185
846,0
846,96
846,196
846,80
846,184
846,190
847,0
847,96
847,76
847,184
847,57
848,0
848,1
848,196
848,182
848,185
849,0
849,16
849,181
849,183
849,190
850,0
850,70
850,16
850,183
850,185
850,247
851,0
851,1
851,196
851,16
851,185
851,57
852,0
852,1
852,5
852,201
852,185
852,57
853,0
853,196
853,183
853,56
853,185
854,0
854,196
854,70
855,0
855,1
855,16
855,185
855,190
856,0
856,1
856,5
856,182
856,247
856,187
857,0
857,187
857,216
857,183
858,0
858,202
858,16
858,56
858,187
859,0
859,234
859,190
860,0
860,1
860,96
860,196
860,5
860,202
860,77
860,187
861,0
861,57
861,187
861,81
862,0
862,1
862,181
862,184
862,57
862,187
863,0
863,1
863,74
863,16
863,181
863,184
863,94
863,95
864,0
864,76
864,182
864,192
865,0
865,98
865,201
865,81
865,61
866,0
866,192
866,1
866,201
866,16
866,187
867,0
867,185
867,77
867,16
868,0
868,1
868,196
868,233
868,190
869,0
869,187
869,5
870,0
870,192
870,234
870,183
870,56
870,185
871,0
871,1
871,192
871,196
871,16
871,61
872,57
872,187
872,233
873,0
873,196
873,16
873,80
873,183
873,184
873,57
874,0
874,1
874,202
874,16
874,184
874,61
875,0
875,185
875,202
876,0
876,1
876,201
876,16
876,181
876,183
876,94
877,0
877,234
877,181
877,184
878,0
878,77
878,16
878,182
878,184
878,187
878,92
879,0
879,1
879,192
879,201
879,234
879,185
879,57
880,184
880,16
880,190
880,183
881,0
881,16
881,181
882,0
882,5
882,70
882,77
882,181
883,0
883,16
883,210
883,196
884,0
884,1
884,216
884,185
884,184
885,0
885,201
885,16
885,56
885,216
886,96
886,74
886,183
886,185
886,187
886,61
887,0
887,202
887,16
887,80
887,183
887,190
887,95
888,0
888,76
888,190
889,0
889,70
889,181
889,182
889,183
890,0
890,192
890,81
890,210
890,184
891,0
891,192
891,5
891,201
891,16
891,181
892,0
892,5
892,202
892,182
892,61
893,0
893,201
893,61
893,190
894,0
894,183
895,0
895,1
895,96
895,70
895,202
895,77
895,184
896,0
896,1
896,181
896,70
897,0
897,202
897,182
897,247
897,190
898,0
898,210
898,184
898,56
898,190
899,0
899,196
899,5
899,183
900,0
900,1
900,192
900,196
900,5
900,216
901,0
901,5
901,77
901,16
901,56
901,185
902,0
902,202
902,234
902,81
902,95
903,0
903,187
904,0
904,196
904,181
904,247
904,57
904,190
905,0
905,70
905,202
905,16
905,181
906,0
906,98
906,202
906,234
906,182
906,185
906,92
907,0
907,201
907,181
908,0
908,1
908,196
909,0
909,1
909,96
909,81
909,183
909,184
909,95
910,16
910,187
910,182
910,183
911,0
911,196
911,201
911,233
911,182
912,0
912,187
912,61
913,0
913,16
913,190
913,192
914,0
914,1
914,192
914,196
914,16
914,182
915,0
915,1
915,182
915,192
916,192
916,5
916,181
916,183
917,0
917,1
917,192
917,210
917,181
918,0
918,202
918,181
919,0
919,201
919,5
920,0
920,98
920,183
920,93
920,190
921,0
921,192
921,202
921,77
921,16
921,247
921,57
921,92
921,94
922,234
922,196
922,181
922,182
923,0
923,61
923,192
924,0
924,216
924,190
924,192
925,0
925,1
925,192
925,202
925,80
925,183
925,94
926,0
926,201
926,1
927,0
927,183
928,0
928,1
928,184
929,0
929,201
929,1
929,216
930,0
930,182
930,183
930,216
930,92
930,61
931,0
931,5
931,201
931,16
931,216
932,0
932,185
932,190
933,0
933,1
933,96
933,74
933,57
933,187
934,0
934,202
934,187
934,76
935,0
935,96
935,98
935,196
935,201
935,16
935,61
935,190
936,0
936,192
936,5
936,185
936,190
936,57
937,0
937,1
937,5
937,183
937,185
937,190
938,0
938,192
938,16
938,183
938,61
939,0
939,196
939,61
939,95
940,0
940,5
940,183
940,216
940,61
940,190
941,0
941,202
941,182
941,185
941,57
942,0
942,61
942,190
943,0
943,76
943,185
943,92
943,94
943,57
944,0
944,234
944,184
944,56
944,190
945,0
945,1
945,16
945,182
945,183
946,0
946,192
946,98
946,5
946,80
946,184
946,94
947,0
947,98
947,196
947,74
947,182
947,187
947,93
948,0
948,181
948,184
949,0
949,183
950,0
950,16
950,190
950,57
951,0
951,196
951,202
951,16
951,80
951,92
952,0
952,192
952,96
952,5
952,74
952,182
952,183
953,0
953,70
953,233
953,80
953,187
954,0
954,183
955,0
955,181
955,182
955,57
955,190
956,0
956,184
957,0
957,201
957,74
957,183
957,95
958,0
958,1
958,96
958,5
958,70
958,94
958,190
959,0
959,80
959,61
959,184
960,0
960,16
960,190
960,184
961,0
961,1
961,80
961,56
961,185
961,190
962,0
962,202
962,234
962,183
963,184
963,202
963,187
964,0
964,201
964,184
964,1
965,0
965,185
966,0
966,185
966,190
966,183
967,201
967,98
968,0
968,185
968,57
968,183
969,0
969,192
969,182
969,183
969,57
970,0
970,202
970,56
970,185
970,95
971,0
971,1
971,196
971,74
971,210
971,182
971,187
971,93
971,94
972,0
972,201
972,234
972,184
973,0
973,1
973,196
973,201
973,183
974,0
974,5
974,70
974,80
974,183
974,216
975,0
975,192
975,5
975,181
975,56
976,0
976,190
976,183
977,0
977,96
977,196
977,74
977,181
977,183
978,0
978,233
978,5
978,181
979,0
979,16
979,56
979,187
979,216
980,192
980,201
980,76
980,247
980,56
981,0
981,185
981,196
981,61
982,0
982,57
982,187
982,190
983,0
983,196
983,5
983,190
984,0
984,202
984,74
984,94
985,0
985,70
985,182
985,184
985,187
986,0
986,1
986,96
986,61
986,190
986,95
987,0
987,202
987,16
987,80
987,184
987,57
987,93
988,0
988,196
988,183
988,216
988,184
989,0
989,182
989,192
990,0
990,70
990,201
990,202
990,182
990,216
991,0
991,234
991,76
991,16
991,190
992,0
992,70
992,183
993,0
993,70
993,196
993,184
994,0
994,192
994,96
994,196
994,201
994,74
994,92
995,0
995,77
995,182
995,183
995,92
995,61
996,16
996,0
996,187
997,0
997,1
997,5
997,201
997,187
997,61
998,0
998,70
998,201
998,77
998,16
998,181
998,183
999,0
999,70
999,80
999,16
999,185
1000,0
1000,1
1000,192
1000,201
1000,216
1000,185
1001,0
1001,98
1001,247
1001,187
1001,92
1002,0
1002,1
1002,77
1002,56
1002,184
1003,0
1003,5
1003,181
1003,183
1003,190
1004,0
1004,96
1004,201
1004,81
1004,94
1005,0
1005,196
1005,70
1005,202
1005,76
1005,94
1005,92
1005,190
1006,0
1006,202
1006,74
1007,0
1007,247
1007,70
1007,192
1008,0
1008,196
1008,181
1008,192
1009,0
1009,192
1009,202
1009,181
1009,247
1010,0
1010,202
1010,196
1011,0
1011,196
1011,247
1012,0
1012,1
1012,81
1012,181
1012,247
1012,93
1013,0
1013,1
1013,202
1013,184
1013,187
1014,0
1014,196
1014,56
1014,185
1014,184
1015,0
1015,192
1015,196
1015,5
1015,70
1016,0
1016,201
1016,77
1016,16
1016,216
1016,185
1017,0
1017,1
1017,192
1017,5
1017,202
1017,77
1017,183
1017,56
1018,96
1018,5
1018,16
1018,185
1018,94
1018,57
1019,0
1019,61
1019,182
1019,184
1020,0
1020,98
1020,76
1020,184
1020,185
1020,92
1020,190
1021,0
1021,76
1021,16
1021,181
1021,56
1021,94
1022,0
1022,1
1022,5
1022,216
1022,187
1022,61
1023,0
1023,56
1023,184
1023,192
1024,0
1024,76
1024,182
1024,185
1024,61
1025,0
1025,1
1025,96
1025,5
1025,184
1025,94
1026,0
1026,192
1026,16
1026,247
1026,184
1027,0
1027,196
1027,192
1028,0
1028,183
1029,0
1029,202
1029,181
1029,187
1029,92
1029,61
1030,0
1030,5
1030,183
1030,216
1030,57
1031,0
1031,70
1031,201
1031,182
1031,184
1032,0
1032,1
1032,192
1032,98
1032,70
1032,201
1032,77
1033,0
1033,201
1033,5
1033,183
1034,0
1034,96
1034,196
1034,5
1034,234
1034,181
1034,94
1034,190
1035,0
1035,196
1035,77
1035,16
1035,184
1035,187
1035,92
1035,93
1036,0
1036,70
1036,76
1036,190
1037,0
1037,192
1038,0
1038,5
1038,77
1038,182
1038,57
1039,0
1039,201
1039,183
1040,0
1040,1
1040,192
1040,234
1040,181
1040,56
1040,190
1041,192
1042,0
1042,185
1042,77
1042,70
1043,0
1043,96
1043,202
1043,181
1043,182
1043,216
1043,94
1044,0
1044,182
1044,192
1045,0
1045,1
1045,5
1045,70
1045,202
1045,182
1045,185
1046,0
1046,192
1046,98
1046,76
1046,182
1046,185
1046,92
1046,61
1047,0
1047,192
1047,98
1047,77
1047,183
1048,0
1048,1
1048,192
1048,16
1048,61
1048,190
1049,0
1049,70
1049,202
1049,16
1049,181
1050,0
1050,192
1050,81
1050,182
1050,216
1051,0
1051,201
1051,202
1051,16
1051,185
1052,0
1052,202
1052,74
1052,183
1053,0
1053,1
1053,98
1053,201
1053,234
1053,16
1053,61
1054,0
1054,196
1054,181
1054,56
1054,93
1054,94
1055,0
1055,98
1055,70
1055,201
1055,183
1055,216
1056,0
1056,56
1056,190
1056,216
1057,0
1057,187
1057,183
1058,0
1058,1
1058,5
1058,201
1058,182
1058,56
1059,0
1059,185
1059,187
1059,183
1060,0
1060,201
1060,70
1061,0
1061,77
1061,182
1062,0
1062,201
1062,61
1062,182
1063,0
1063,1
1063,201
1063,234
1063,183
1063,184
1064,0
1064,202
1065,0
1065,192
1065,5
1065,76
1065,182
1065,187
1065,95
1066,0
1066,202
1066,196
1067,0
1067,201
1068,0
1068,70
1068,182
1068,192
1069,0
1069,1
1069,98
1069,202
1069,77
1069,16
1069,185
1069,93
1069,190
1069,57
1070,0
1070,1
1070,96
1070,70
1070,16
1070,81
1070,182
1070,187
1070,94
1071,0
1071,98
1071,81
1071,185
1071,94
1071,57
1072,0
1072,196
1072,16
1072,182
1072,57
1073,0
1073,1
1073,190
1073,57
1074,0
1074,201
1074,202
1074,16
1074,184
1075,0
1075,185
1075,190
1075,247
1076,0
1076,196
1076,233
1076,202
1076,74
1076,181
1076,56
1076,94
1077,0
1077,196
1077,181
1078,190
1079,0
1079,1
1079,192
1079,56
1079,187
1080,0
1080,1
1080,196
1080,81
1080,183
1080,187
1080,95
1081,0
1081,1
1081,202
1081,181
1081,184
1082,0
1082,1
1082,98
1082,80
1082,182
1082,184
1083,0
1083,192
1083,196
1083,210
1083,190
1084,0
1084,192
1084,98
1084,96
1084,5
1084,201
1084,202
1085,0
1085,185
1086,0
1086,185
1086,192
1087,0
1087,5
1087,183
1088,0
1088,1
1088,76
1088,16
1088,182
1088,185
1088,92
1088,190
1089,0
1089,1
1089,192
1089,70
1089,210
1089,183
1089,185
1089,92
1089,94
1090,0
1090,210
1090,56
1090,190
1091,187
1091,61
1092,0
1092,98
1092,196
1092,16
1092,81
1092,181
1092,182
1092,94
1093,0
1093,201
1093,234
1093,1
1094,0
1094,16
1094,202
1095,0
1095,1
1095,196
1095,181
1095,184
1096,0
1096,1
1096,192
1096,16
1096,183
1096,57
1097,0
1097,96
1097,201
1097,182
1097,184
1097,61
1098,0
1098,192
1098,196
1098,5
1098,210
1098,56
1099,0
1099,16
1099,202
1099,183
1100,0
1100,185
1101,0
1101,192
1101,98
1101,202
1101,234
1101,77
1101,16
1101,92
1101,61
1102,0
1102,190
1102,184
1103,0
1103,196
1103,5
1103,16
1103,184
1103,185
1103,56
1104,0
1104,201
1104,181
1104,184
1105,0
1105,76
1105,182
1105,216
1105,187
1105,61
1106,0
1106,1
1106,233
1106,202
1106,182
1106,183
1107,0
1107,5
1107,201
1107,202
1107,74
1107,187
1108,192
1108,77
1108,16
1108,183
1108,92
1109,0
1109,234
1109,16
1109,181
1109,183
1110,0
1110,201
1110,196
1110,183
1111,0
1111,96
1111,202
1111,77
1111,216
1111,57
1112,0
1112,185
1112,56
1113,0
1113,202
1113,187
1113,182
1114,0
1114,98
1114,202
1114,77
1114,16
1114,210
1114,182
1114,183
1114,95
1115,0
1115,16
1115,181
1115,216
1116,0
1116,234
1116,181
1116,56
1116,184
1117,0
1117,70
1117,16
1117,81
1117,182
1117,183
1117,247
1117,92
1118,0
1118,202
1118,184
1118,56
1118,190
1119,0
1119,192
1119,77
1119,181
1119,182
1120,0
1120,202
1120,81
1120,185
1120,187
1120,92
1120,95
1121,0
1121,70
1121,190
1122,0
1122,16
1122,182
1122,216
1122,185
1122,190
1123,0
1123,5
1123,70
1123,202
1123,184
1123,190
1124,0
1124,182
1124,184
1124,76
1125,0
1125,1
1125,196
1125,74
1125,56
1125,95
1126,0
1126,70
1126,77
1126,181
1126,183
1126,187
1127,0
1127,1
1127,70
1127,184
1127,187
1127,93
1127,190
1127,95
1128,0
1128,201
1128,202
1128,181
1128,57
1129,0
1129,5
1129,16
1129,182
1129,56
1130,0
1130,196
1130,70
1130,201
1130,202
1131,0
1131,202
1131,93
1131,95
1132,0
1132,1
1132,80
1132,184
1132,187
1133,0
1133,96
1133,5
1133,182
1133,216
1133,92
1134,0
1134,185
1134,92
1134,1
1135,1
1135,16
1135,181
1135,183
1135,61
1136,0
1136,1
1136,96
1136,201
1136,76
1136,184
1136,92
1136,216
1137,0
1137,98
1137,5
1137,70
1137,201
1137,202
1137,77
1137,190
1138,0
1138,1
1138,98
1138,70
1138,81
1138,184
1138,185
1138,92
1138,190
1139,0
1139,201
1139,61
1140,0
1140,196
1140,5
1140,181
1140,184
1141,0
1141,202
1141,16
1141,181
1141,94
1141,57
1141,92
1141,190
1142,0
1142,5
1142,202
1142,183
1142,184
1143,185
1143,187
1143,5
1143,1
1144,56
1144,233
1144,190
1144,183
1145,0
1145,96
1145,98
1145,192
1145,5
1146,0
1146,1
1146,5
1146,81
1146,210
1146,185
1146,93
1147,0
1147,185
1147,202
1148,0
1148,185
1148,192
1149,0
1149,196
1149,5
1149,80
1149,94
1149,92
1149,190
1150,0
1150,1
1150,181
1150,190
1151,0
1151,202
1152,0
1152,201
1152,56
1152,187
1152,190
1153,0
1153,1
1153,202
1153,16
1153,181
1154,0
1154,57
1154,184
1155,0
1155,1
1155,182
1156,0
1156,181
1157,0
1157,80
1157,187
1157,61
1158,0
1158,202
1158,182
1158,183
1159,196
1160,0
1160,201
1160,76
1160,210
1160,56
1160,94
1161,0
1161,181
1161,192
1162,0
1162,61
1162,5
1162,183
1163,0
1163,202
1163,16
1163,183
1163,185
1164,0
1164,5
1164,16
1164,181
1164,247
1165,0
1165,187
1165,196
1165,216
1166,1
1166,98
1166,202
1166,181
1166,94
1166,190
1167,0
1167,5
1167,16
1167,181
1167,184
1167,185
1168,184
1168,16
1168,202
1168,182
1169,0
1169,201
1169,56
1169,74
1170,0
1170,98
1170,5
1170,247
1170,184
1170,185
1171,0
1171,5
1171,202
1171,183
1171,216
1172,0
1172,96
1172,192
1172,202
1172,93
1172,190
1173,0
1173,201
1173,81
1173,183
1173,187
1174,0
1174,192
1174,1
1174,77
1174,16
1174,185
1174,190
1175,0
1175,96
1175,5
1175,77
1175,16
1175,181
1175,93
1176,184
1176,0
1176,181
1176,16
1177,0
1177,201
1177,5
1177,184
1178,0
1178,201
1178,98
1178,93
1179,0
1179,96
1179,98
1179,196
1179,234
1179,16
1179,81
1179,183
1179,61
1180,0
1180,201
1180,56
1181,0
1181,192
1181,1
1181,202
1181,16
1181,210
1181,185
1182,0
1182,247
1182,183
1183,0
1183,202
1183,192
1184,0
1184,192
1184,5
1184,202
1184,16
1184,57
1185,0
1185,192
1185,201
1185,16
1185,247
1185,185
1186,0
1186,96
1186,5
1186,202
1186,16
1186,182
1186,92
1187,0
1187,201
1187,210
1187,187
1188,0
1188,76
1188,61
1188,190
1189,0
1189,5
1189,192
1190,0
1190,98
1190,201
1190,81
1190,210
1190,184
1190,190
1191,0
1191,1
1191,98
1191,196
1191,5
1191,247
1191,92
1192,0
1192,5
1192,182
1193,0
1193,98
1193,5
1193,70
1193,182
1193,185
1194,0
1194,1
1194,247
1194,56
1194,185
1195,0
1195,185
1195,56
1195,192
1196,0
1196,5
1196,182
1197,0
1197,185
1197,201
1197,5
1198,0
1198,187
1199,16
1199,201
1199,1
1200,184
1200,57
1201,0
1201,187
1201,181
1201,182
1202,0
1202,192
1202,70
1202,202
1202,182
1203,0
1203,196
1203,5
1203,70
1203,16
1203,184
1203,187
1204,0
1204,192
1204,182
1204,247
1204,184
1204,57
1205,0
1205,192
1205,184
1205,93
1205,94
1206,0
1206,81
1206,185
1206,187
1206,61
1207,0
1207,57
1207,181
1207,190
1208,0
1208,1
1208,70
1208,16
1208,181
1208,184
1209,0
1209,1
1209,202
1209,183
1209,185
1210,0
1210,1
1210,70
1210,76
1210,181
1210,247
1210,184
1211,61
1211,5
1211,182
1212,192
1212,0
1212,196
1212,202
1212,216
1212,57
1213,0
1213,196
1213,70
1213,201
1213,74
1213,94
1214,0
1214,192
1214,70
1214,202
1214,181
1215,0
1215,192
1215,201
1215,233
1215,183
1216,0
1216,16
1216,5
1216,190
1217,0
1217,57
1217,187
1217,192
1218,0
1218,5
1218,202
1218,183
1218,57
1218,247
1219,0
1219,5
1219,201
1219,182
1219,183
1219,57
1220,0
1220,192
1220,5
1220,184
1220,190
1221,0
1221,185
1221,61
1221,184
1222,0
1222,201
1222,247
1222,57
1223,0
1223,77
1223,16
1223,183
1223,57
1223,190
1224,0
1224,192
1224,233
1224,182
1224,183
1224,56
1225,0
1225,185
1225,5
1225,183
1226,0
1226,1
1226,74
1226,181
1226,187
1227,0
1227,70
1227,181
1227,183
1227,185
1228,0
1228,96
1228,201
1228,184
1228,93
1229,0
1229,1
1229,190
1229,70
1230,0
1230,96
1230,77
1230,16
1230,187
1230,92
1231,0
1231,16
1231,74
1231,187
1232,0
1232,192
1232,76
1232,187
1232,94
1233,0
1233,192
1233,5
1233,81
1233,57
1234,0
1234,5
1234,201
1234,16
1234,181
1234,182
1234,56
1235,0
1235,196
1235,70
1235,182
1235,187
1236,0
1236,234
1236,77
1236,181
1236,183
1236,95
1237,0
1237,201
1237,182
1237,187
1237,61
1238,0
1238,1
1238,192
1238,5
1238,182
1238,61
1239,96
1239,1
1239,98
1239,76
1239,16
1239,184
1239,187
1240,0
1240,74
1240,187
1240,181
1241,0
1241,210
1241,76
1241,184
1242,185
1242,187
1242,5
1242,1
1243,0
1243,16
1243,181
1243,56
1243,187
1244,0
1244,1
1244,5
1244,182
1244,183
1244,184
1245,0
1245,1
1245,16
1245,183
1245,93
1246,0
1246,201
1246,182
1247,0
1247,1
1247,201
1247,16
1247,190
1248,0
1248,233
1248,187
1248,181
1249,185
1249,182
1250,192
1250,185
1250,181
1250,57
1251,0
1251,183
1252,0
1252,202
1252,93
1252,70
1253,0
1253,196
1253,201
1253,16
1253,185
1253,57
1254,0
1254,202
1254,210
1254,181
1254,184
1255,0
1255,5
1255,76
1255,16
1255,184
1255,185
1255,95
1256,190
1257,0
1257,98
1257,196
1257,81
1257,190
1257,95
1258,0
1258,192
1259,0
1259,185
1259,190
1259,16
1260,0
1260,5
1260,201
1260,183
1260,57
1260,187
1261,0
1261,1
1261,196
1261,202
1261,185
1261,57
1262,0
1262,192
1263,0
1263,196
1263,234
1263,80
1263,92
1263,61
1264,0
1264,184
1265,0
1265,70
1265,201
1265,183
1265,187
1266,0
1266,5
1266,202
1266,247
1266,184
1267,0
1267,234
1267,181
1267,183
1267,187
1268,0
1268,192
1268,202
1268,16
1268,187
1269,0
1269,16
1269,76
1269,182
1270,0
1270,1
1270,190
1270,184
1271,16
1271,56
1271,187
1271,196
1272,0
1272,1
1272,5
1272,233
1272,182
1272,56
1272,187
1272,190
1273,1
1273,183
1274,0
1274,201
1274,80
1274,181
1274,182
1275,0
1275,192
1275,96
1275,5
1275,201
1275,74
1275,16
1275,56
1275,93
1276,0
1276,57
1276,5
1276,184
1277,0
1277,1
1277,192
1277,5
1277,77
1277,56
1277,185
1277,190
1278,0
1278,5
1278,181
1279,0
1279,70
1279,181
1279,183
1279,187
1280,0
1280,187
1280,5
1280,182
1281,0
1281,70
1281,74
1281,181
1281,92
1282,0
1282,181
1282,190
1282,247
1283,0
1283,192
1283,77
1283,184
1283,190
1284,5
1284,70
1284,234
1284,16
1284,190
1285,0
1285,201
1285,202
1285,76
1285,61
1286,0
1286,202
1286,76
1286,98
1287,0
1287,201
1287,183
1287,56
1287,187
1288,0
1288,1
1288,70
1288,201
1288,234
1288,181
1289,0
1289,202
1289,80
1289,216
1289,185
1290,0
1290,196
1291,0
1291,1
1291,16
1291,184
1291,187
1292,0
1292,1
1292,76
1292,16
1292,210
1292,184
1293,0
1293,5
1293,56
1293,181
1294,0
1294,1
1294,201
1294,80
1294,210
1294,61
1294,95
1295,0
1295,192
1295,196
1295,76
1295,183
1295,92
1296,0
1296,181
1296,190
1297,0
1297,1
1297,201
1297,16
1297,247
1298,0
1298,5
1298,70
1298,182
1298,247
1298,185
1299,0
1299,202
1299,182
1300,0
1300,196
1300,5
1300,202
1300,56
1300,185
1301,0
1301,1
1301,192
1301,5
1301,201
1301,187
1302,0
1302,5
1302,181
1303,192
1303,185
1303,202
1303,96
1304,0
1304,192
1304,16
1304,184
1304,185
1304,57
1305,0
1305,1
1305,196
1305,76
1305,181
1305,56
1305,187
1306,0
1306,192
1306,210
1306,183
1306,56
1307,0
1307,70
1307,196
1307,182
1308,0
1308,16
1308,5
1308,181
1309,0
1309,192
1310,0
1310,190
1310,192
1311,0
1311,81
1311,181
1311,182
1312,0
1312,1
1312,5
1312,201
1312,77
1312,181
1312,182
1312,94
1313,16
1313,190
1313,216
1314,0
1314,210
1314,190
1314,184
1315,0
1315,201
1315,187
1315,70
1316,1
1316,196
1316,5
1316,201
1316,190
1317,0
1317,192
1317,196
1317,182
1317,216
1318,0
1318,192
1318,16
1318,247
1318,183
1319,0
1319,1
1319,192
1319,234
1319,184
1319,187
1320,0
1320,1
1320,196
1320,202
1320,183
1320,94
1321,201
1321,80
1321,94
1321,190
1321,95
1322,0
1322,96
1322,201
1322,202
1322,76
1322,16
1322,187
1322,94
1323,0
1323,201
1323,74
1323,1
1324,0
1324,1
1324,187
1325,0
1325,187
1325,5
1325,192
1326,0
1326,201
1326,77
1326,184
1326,187
1326,95
1327,0
1327,185
1327,187
1327,183
1328,0
1328,96
1328,80
1328,182
1328,183
1328,216
1328,185
1328,57
1329,0
1329,98
1329,182
1329,183
1329,92
1330,0
1330,1
1330,192
1330,76
1330,183
1330,216
1330,93
1330,190
1331,0
1331,1
1331,96
1331,196
1331,5
1331,202
1331,182
1331,56
1331,216
1332,0
1332,192
1333,0
1333,192
1333,1
1333,234
1333,16
1333,187
1333,190
1334,0
1334,202
1334,187
1334,181
1335,0
1335,1
1335,96
1335,70
1335,201
1335,80
1335,92
1335,190
1336,0
1336,192
1336,201
1336,76
1336,185
1337,56
1337,185
1337,187
1337,201
1338,0
1338,96
1338,202
1338,76
1338,183
1338,184
1338,94
1339,0
1339,201
1339,74
1339,16
1339,92
1339,61
1339,94
1340,0
1340,56
1340,196
1341,192
1341,0
1341,61
1341,16
1342,192
1343,0
1343,5
1343,201
1343,233
1343,56
1344,0
1344,202
1344,181
1344,70
1345,0
1345,233
1345,77
1345,182
1346,0
1346,187
1346,184
1346,183
1347,0
1347,233
1347,183
1347,92
1347,93
1348,0
1348,183
1348,184
1348,192
1349,0
1349,16
1349,202
1349,196
1350,0
1350,81
1350,182
1350,93
1350,94
1351,0
1351,1
1351,202
1351,181
1351,57
1352,0
1352,1
1352,196
1353,0
1353,201
1353,56
1354,0
1354,196
1354,16
1354,184
1354,185
1355,0
1355,201
1355,80
1355,16
1355,210
1356,0
1356,70
1356,210
1356,183
1356,187
1357,0
1357,1
1357,192
1357,74
1357,16
1357,187
1357,93
1357,95
1358,0
1358,192
1358,183
1358,184
1358,93
1359,0
1359,1
1359,192
1359,181
1359,185
1360,0
1360,201
1360,1
1361,0
1361,216
1361,61
1361,192
1362,0
1362,184
1363,16
1363,181
1363,182
1364,0
1364,201
1364,182
1364,216
1364,187
1364,61
1365,0
1365,201
1365,187
1365,57
1366,0
1366,181
1367,0
1367,192
1367,16
1367,210
1367,184
1367,185
1368,0
1368,201
1368,196
1368,70
1369,1
1369,196
1369,5
1369,202
1369,187
1369,94
1369,95
1370,0
1370,192
1370,202
1370,16
1370,182
1370,61
1371,0
1371,5
1371,201
1371,233
1371,183
1372,0
1372,1
1372,201
1372,80
1372,94
1372,190
1372,95
1373,0
1373,196
1373,190
1374,0
1374,182
1375,0
1375,1
1375,96
1375,98
1375,196
1375,182
1376,0
1376,1
1376,196
1376,182
1376,56
1377,0
1377,98
1377,5
1377,202
1377,76
1377,183
1377,184
1377,92
1378,0
1378,182
1379,0
1379,1
1379,196
1380,0
1380,202
1380,196
1381,0
1381,96
1381,196
1381,5
1381,181
1381,92
1382,0
1382,201
1382,98
1382,81
1383,0
1383,202
1383,61
1384,0
1384,98
1384,16
1384,181
1384,95
1385,0
1385,196
1385,5
1385,201
1385,80
1385,190
1386,184
1386,57
1386,5
1387,0
1387,233
1387,5
1387,182
1388,0
1388,202
1388,184
1388,183
1389,0
1389,185
1389,80
1390,0
1390,196
1390,202
1390,234
1390,76
1390,182
1391,0
1391,1
1391,196
1391,202
1391,77
1391,16
1391,183
1391,57
1391,92
1392,0
1392,192
1392,5
1392,16
1392,57
1392,190
1393,0
1393,57
1393,187
1393,196
1394,0
1394,1
1394,98
1394,5
1394,76
1394,183
1394,187
1394,92
1395,0
1395,185
1395,5
1395,16
1396,0
1396,1
1396,5
1396,201
1396,74
1396,210
1396,185
1396,61
1397,0
1397,196
1397,5
1397,234
1397,16
1397,184
1397,190
1398,0
1398,57
1398,202
1399,16
1399,201
1399,187
1399,190
1400,182
1401,0
1401,190
1402,0
1402,1
1402,192
1402,16
1402,57
1402,190
1403,0
1403,247
1403,190
1403,183
1404,0
1404,5
1404,16
1404,81
1404,183
1404,184
1404,56
1404,247
1405,196
1405,70
1406,0
1406,16
1406,187
1407,0
1407,192
1407,70
1407,202
1407,16
1408,0
1408,201
1408,234
1408,184
1408,185
1409,0
1409,185
1409,202
1409,190
1410,0
1410,201
1410,247
1411,0
1411,196
1411,5
1411,16
1411,247
1411,184
1411,56
1412,0
1412,183
1412,190
1412,184
1413,0
1413,5
1413,202
1413,16
1413,57
1413,190
1414,0
1414,70
1414,80
1414,181
1414,247
1415,0
1415,5
1415,70
1415,16
1415,185
1416,0
1416,76
1416,190
1416,192
1417,0
1417,1
1417,74
1417,184
1417,92
1418,0
1418,196
1418,80
1418,184
1418,185
1418,61
1419,0
1419,233
1419,16
1419,81
1419,184
1419,185
1419,190
1420,0
1420,201
1420,202
1420,74
1420,61
1421,0
1421,185
1421,181
1421,216
1422,0
1422,196
1422,183
1422,56
1422,190
1423,0
1423,201
1423,233
1424,0
1424,5
1424,201
1424,183
1424,61
1425,0
1425,96
1425,98
1425,201
1425,77
1425,210
1425,185
1425,187
1426,0
1426,96
1426,98
1426,202
1426,210
1426,187
1427,0
1427,1
1427,96
1427,16
1427,210
1427,182
1427,183
1427,92
1428,0
1428,192
1428,5
1428,16
1428,56
1428,187
1428,190
1429,0
1429,98
1429,202
1429,16
1429,94
1430,0
1430,1
1430,192
1430,98
1430,201
1430,210
1430,92
1430,190
1431,0
1431,202
1431,182
1431,184
1432,0
1432,1
1432,190
1433,196
1433,5
1433,70
1433,201
1433,16
1433,184
1434,0
1434,185
1434,210
1434,183
1435,0
1435,5
1435,201
1435,233
1435,16
1435,185
1436,0
1436,1
1436,98
1436,196
1436,16
1436,181
1436,190
1437,0
1437,1
1437,98
1437,96
1437,81
1437,184
1438,0
1438,187
1438,196
1438,192
1439,0
1439,98
1439,74
1439,184
1439,187
1440,0
1440,1
1440,210
1440,181
1440,187
1440,61
1440,190
1441,0
1441,184
1441,183
1442,0
1442,98
1442,5
1442,201
1442,76
1442,92
1442,190
1443,0
1443,1
1443,5
1443,234
1443,183
1444,0
1444,1
1444,70
1444,234
1444,187
1444,190
1445,0
1445,192
1445,202
1445,210
1445,61
1446,0
1446,190
1446,182
1446,192
1447,0
1447,1
1447,181
1447,192
1448,0
1448,185
1448,5
1449,0
1449,77
1449,185
1449,187
1449,93
1449,95
1450,0
1450,96
1450,201
1450,202
1450,234
1450,80
1450,184
1450,95
1451,0
1451,196
1451,16
1451,182
1451,190
1452,16
1452,0
1452,187
1452,183
1453,0
1453,183
1454,0
1454,1
1454,192
1454,181
1454,182
1455,0
1455,16
1455,182
1455,1
1456,0
1456,16
1456,187
1456,5
1457,0
1457,196
1457,234
1457,16
1457,182
1458,0
1458,234
1458,182
1458,183
1459,0
1459,196
1459,70
1459,182
1459,184
1460,0
1460,1
1460,192
1460,81
1460,216
1460,185
1460,92
1460,95
1461,0
1461,5
1461,16
1461,181
1461,187
1462,0
1462,192
1462,202
1462,16
1462,187
1462,61
1463,0
1463,1
1463,196
1463,181
1463,247
1464,0
1464,201
1464,183
1465,0
1465,201
1465,202
1465,16
1465,182
1465,61
1466,77
1466,183
1467,0
1467,56
1467,181
1467,192
1468,0
1468,74
1468,16
1468,183
1468,56
1469,233
1469,80
1469,182
1469,187
1469,190
1470,0
1470,201
1470,56
1470,1
1471,0
1471,1
1471,192
1471,181
1471,182
1471,61
1471,94
1471,95
1472,216
1472,185
1472,202
1473,0
1473,185
1473,61
1473,5
1474,0
1474,216
1474,181
1474,192
1475,0
1475,192
1475,5
1475,183
1475,93
1476,0
1476,98
1476,196
1476,5
1476,201
1476,16
1476,210
1476,184
1476,93
1477,0
1477,96
1477,5
1477,76
1477,210
1477,185
1477,93
1478,0
1478,192
1478,5
1478,201
1478,233
1478,16
1478,181
1479,0
1479,202
1479,185
1479,187
1479,61
1480,0
1480,5
1480,70
1480,233
1480,181
1480,182
1480,190
1481,0
1481,81
1481,181
1481,247
1481,184
1481,95
1482,184
1482,56
1482,192
1483,0
1483,70
1483,233
1483,202
1483,181
1484,0
1484,1
1484,196
1484,202
1484,81
1485,0
1485,16
1485,210
1485,181
1485,61
1486,0
1486,201
1487,0
1487,192
1487,5
1487,70
1487,190
1488,0
1488,5
1488,16
1488,182
1488,187
1489,0
1489,192
1489,182
1489,247
1489,187
1490,0
1490,1
1490,16
1490,56
1490,190
1491,0
1491,1
1491,202
1492,0
1492,192
1492,210
1492,182
1492,185
1493,0
1493,1
1493,5
1493,183
1493,61
1493,190
1494,0
1494,16
1494,5
1494,192
1495,0
1495,5
1495,201
1495,234
1495,81
1495,183
1495,185
1495,92
1496,0
1496,202
1496,16
1496,181
1496,57
1497,0
1497,1
1497,202
1497,76
1497,56
1498,187
1499,0
1499,196
1499,77
1499,182
1499,247
1499,185
1499,57
1500,0
1500,201
1500,187
1500,184
1501,0
1501,1
1501,96
1501,70
1501,16
1501,80
1501,247
1501,184
1501,187
1501,95
1502,0
1502,1
1502,202
1502,16
1502,247
1503,0
1503,96
1503,201
1503,77
1503,16
1503,184
1503,57
1503,93
1504,0
1504,201
1504,185
1504,184
1505,0
1505,201
1505,61
1505,190
1506,0
1506,196
1506,5
1506,81
1506,182
1506,184
1507,0
1507,183
1508,0
1508,1
1508,192
1508,183
1508,190
1509,0
1509,1
1509,187
1509,70
1510,0
1510,210
1510,187
1511,0
1511,16
1511,184
1511,192
1512,0
1512,196
1512,16
1512,80
1512,181
1512,56
1512,92
1513,0
1513,192
1513,16
1513,182
1513,56
1513,187
1514,0
1514,1
1514,96
1514,196
1514,202
1514,16
1514,92
1514,61
1514,190
1515,0
1515,5
1515,182
1515,183
1515,185
1516,0
1516,190
1516,182
1517,0
1517,16
1517,190
1518,0
1518,196
1518,201
1518,183
1518,57
1519,0
1519,201
1519,190
1519,1
1520,0
1520,5
1520,16
1520,81
1520,181
1520,93
1521,0
1521,16
1521,181
1522,192
1522,1
1522,5
1522,181
1522,61
1522,190
1523,0
1523,74
1523,196
1523,184
1524,0
1524,192
1524,70
1524,76
1524,183
1525,0
1525,57
1525,192
1526,0
1526,185
1527,0
1527,196
1527,5
1527,234
1527,181
1528,0
1528,1
1528,56
1528,192
1529,0
1529,201
1529,81
1529,56
1529,184
1530,0
1530,70
1530,210
1530,183
1530,187
1531,0
1531,1
1531,202
1531,70
1532,0
1532,187
1532,190
1532,183
1533,0
1533,1
1533,190
1533,183
1534,0
1534,1
1534,233
1534,202
1534,181
1534,183
1535,0
1535,201
1535,202
1535,184
1535,57
1535,216
1536,0
1536,202
1536,61
1537,192
1537,0
1537,1
1537,201
1537,74
1537,234
1537,181
1538,0
1538,192
1538,74
1538,16
1538,93
1538,61
1539,0
1539,182
1539,184
1539,185
1539,57
1540,0
1540,192
1540,234
1540,181
1540,184
1541,94
1541,74
1541,93
1541,190
1542,1
1542,202
1543,0
1543,201
1543,74
1543,92
1543,61
1544,0
1544,192
1544,233
1544,202
1544,185
1544,61
1545,0
1545,16
1545,196
1545,5
1546,0
1546,1
1546,74
1546,182
1546,183
1546,185
1547,0
1547,247
1547,76
1547,183
1548,0
1548,201
1548,234
1548,190
1549,0
1549,185
1549,16
1549,1
1550,0
1550,1
1550,202
1550,16
1550,216
1550,57
1550,190
1551,0
1551,1
1551,181
1551,185
1551,61
1552,0
1552,201
1552,196
1552,190
1553,0
1553,57
1553,182
1553,184
1554,0
1554,192
1555,0
1555,1
1555,184
1555,183
1556,0
1556,70
1556,77
1556,16
1556,182
1556,92
1557,0
1557,192
1557,98
1557,70
1557,81
1557,182
1557,187
1557,92
1558,0
1558,1
1558,182
1558,247
1558,184
1558,185
1558,56
1559,0
1559,16
1559,182
1560,0
1560,196
1560,183
1560,216
1560,61
1560,190
1561,184
1561,5
1561,181
1561,247
1562,0
1562,81
1562,96
1562,184
1563,0
1563,201
1563,202
1563,81
1563,210
1563,57
1563,93
1564,0
1564,16
1564,190
1565,0
1565,74
1565,94
1565,183
1566,0
1566,74
1566,183
1566,185
1566,187
1566,92
1566,94
1567,0
1567,1
1567,192
1567,233
1567,183
1567,61
1568,0
1568,202
1568,80
1568,181
1568,183
1568,57
1568,247
1569,0
1569,1
1569,201
1569,77
1569,16
1569,182
1569,184
1569,57
1570,0
1570,5
1570,247
1570,187
1570,93
1570,95
1571,0
1571,185
1571,210
1571,184
1572,0
1572,202
1572,56
1573,0
1573,192
1573,5
1573,70
1573,183
1573,185
1574,0
1574,187
1574,181
1574,184
1575,0
1575,185
1575,183
1576,0
1576,196
1577,0
1577,234
1577,5
1577,182
1578,0
1578,181
1578,192
1579,0
1579,5
1579,192
1580,0
1580,201
1580,5
1580,1
1581,0
1581,201
1581,5
1581,184
1582,0
1582,76
1582,182
1582,56
1582,187
1582,95
1583,0
1583,98
1583,81
1583,185
1583,95
1584,0
1584,1
1584,5
1584,74
1584,183
1584,93
1584,94
1585,0
1585,5
1585,70
1585,201
1585,202
1585,81
1585,181
1585,94
1586,0
1586,192
1586,96
1586,70
1586,16
1586,184
1586,190
1587,0
1587,201
1587,210
1587,184
1588,0
1588,202
1588,190
1589,0
1589,1
1589,192
1589,5
1589,202
1589,61
1590,0
1590,57
1590,5
1590,181
1591,0
1591,5
1591,192
1592,0
1592,185
1592,196
1592,216
1593,0
1593,5
1593,202
1593,80
1593,247
1594,0
1594,185
1594,190
1595,0
1595,185
1595,202
1595,187
1596,0
1596,77
1596,181
1596,183
1597,0
1597,202
1597,77
1597,61
1598,0
1598,196
1598,202
1598,234
1598,16
1598,80
1599,0
1599,201
1599,16
1599,182
1599,61
1599,190
1600,0
1600,196
1600,5
1600,16
1600,190
1601,0
1601,210
1601,93
1601,183
1602,0
1602,202
1602,210
1602,184
1602,57
1602,187
1603,0
1603,181
1604,187
1604,5
1604,247
1605,0
1605,196
1605,74
1605,182
1605,57
1605,187
1605,93
1606,0
1606,5
1606,181
1606,185
1606,187
1606,61
1607,0
1607,192
1607,5
1607,80
1607,57
1607,187
1607,190
1608,0
1608,98
1608,196
1608,74
1608,95
1609,0
1609,185
1609,202
1609,187
1610,0
1610,196
1610,5
1610,16
1610,56
1611,0
1611,234
1611,76
1611,181
1611,184
1611,190
1612,0
1612,56
1612,196
1612,247
1613,0
1613,5
1613,234
1613,187
1613,190
1614,0
1614,185
1614,187
1614,190
1615,0
1615,5
1615,77
1615,183
1615,187
1615,61
1615,94
1616,0
1616,1
1616,192
1616,5
1616,81
1616,184
1616,185
1616,92
1617,0
1617,1
1617,233
1617,182
1617,183
1617,187
1618,0
1618,1
1618,70
1618,16
1618,80
1618,184
1619,0
1619,202
1619,16
1619,181
1619,184
1619,57
1620,0
1620,234
1620,182
1621,0
1621,181
1622,0
1622,201
1622,182
1622,70
1623,0
1623,5
1623,184
1623,185
1623,187
1624,0
1624,77
1624,16
1624,182
1624,94
1624,95
1625,0
1625,5
1625,77
1625,16
1625,181
1625,187
1626,0
1626,187
1627,0
1627,192
1627,196
1627,70
1627,190
1628,0
1628,196
1628,81
1628,182
1628,216
1629,0
1629,185
1629,187
1629,5
1630,0
1630,1
1630,201
1630,16
1630,181
1631,0
1631,5
1631,202
1631,210
1631,184
1632,0
1632,98
1632,74
1632,16
1632,181
1632,185
1632,190
1633,0
1633,96
1633,233
1633,16
1633,181
1633,182
1633,184
1634,0
1634,16
1634,196
1634,70
1635,0
1635,210
1635,61
1635,190
1636,0
1636,196
1636,5
1636,16
1636,56
1637,0
1637,5
1637,201
1637,181
1637,190
1638,0
1638,202
1638,196
1638,182
1639,0
1639,247
1639,181
1639,192
1640,0
1640,196
1640,5
1641,0
1641,1
1641,181
1642,0
1642,98
1642,196
1642,16
1642,81
1642,94
1643,0
1643,1
1643,196
1643,16
1643,185
1643,61
1643,190
1644,0
1644,1
1644,181
1645,0
1645,96
1645,80
1645,247
1645,190
1645,95
1646,0
1646,1
1646,5
1646,192
1647,0
1647,247
1647,76
1647,183
1647,184
1647,187
1647,92
1648,96
1648,201
1648,77
1648,94
1649,0
1649,5
1649,201
1649,181
1649,182
1650,0
1650,202
1650,182
1650,192
1651,0
1651,1
1651,5
1651,183
1652,0
1652,201
1652,77
1652,61
1653,0
1653,181
1653,94
1653,192
1654,192
1654,234
1655,0
1655,187
1655,182
1655,183
1656,0
1656,192
1656,81
1656,182
1656,247
1656,184
1657,70
1657,202
1657,181
1657,185
1657,92
1657,93
1658,0
1658,1
1658,192
1658,96
1658,202
1658,182
1658,93
1659,1
1659,98
1659,5
1659,70
1659,202
1659,80
1659,184
1659,95
1660,0
1660,56
1660,190
1661,0
1661,233
1661,202
1661,16
1661,183
1661,185
1662,5
1662,233
1662,16
1662,183
1662,184
1663,0
1663,192
1663,196
1663,56
1663,216
1664,0
1664,5
1664,202
1664,81
1664,182
1664,187
1664,92
1664,93
1665,0
1665,70
1665,16
1665,216
1665,185
1666,0
1666,192
1666,96
1666,5
1666,182
1666,183
1666,94
1667,0
1667,81
1667,210
1667,187
1667,93
1668,0
1668,80
1668,182
1669,0
1669,196
1669,201
1669,77
1669,57
1670,0
1670,70
1670,16
1670,187
1670,190
1671,0
1671,1
1671,183
1671,216
1671,187
1671,190
1672,0
1672,96
1672,196
1672,5
1672,233
1672,76
1672,187
1673,0
1673,201
1673,76
1673,183
1673,92
1673,190
1674,0
1674,70
1674,201
1674,181
1674,183
1675,0
1675,185
1675,182
1675,216
1676,0
1676,96
1676,202
1676,74
1676,234
1676,183
1677,1
1677,57
1677,183
1678,0
1678,1
1678,5
1678,234
1678,182
1678,183
1679,0
1679,1
1679,196
1679,70
1679,201
1679,202
1679,16
1680,0
1680,192
1680,5
1680,201
1680,16
1680,81
1680,185
1681,0
1681,96
1681,77
1681,183
1681,56
1681,184
1681,95
1682,0
1682,98
1682,202
1682,77
1682,181
1682,183
1682,95
1683,0
1683,202
1684,0
1684,5
1684,201
1684,202
1684,210
1684,190
1685,0
1685,187
1685,192
1686,0
1686,5
1686,181
1686,182
1686,185
1687,192
1687,202
1687,16
1687,216
1687,185
1687,57
1688,0
1688,16
1688,184
1688,192
1689,0
1689,70
1689,201
1689,80
1689,184
1689,94
1689,93
1689,190
1690,0
1690,80
1690,56
1690,187
1691,0
1691,192
1691,183
1692,0
1692,201
1692,16
1692,182
1692,57
1692,187
1693,0
1693,1
1693,233
1693,182
1693,185
1693,187
1694,0
1694,196
1694,202
1694,16
1694,57
1694,187
1695,0
1695,185
1695,192
1696,1
1696,196
1696,5
1696,202
1696,181
1697,0
1697,1
1697,192
1697,201
1697,185
1698,192
1698,1
1699,0
1699,74
1699,234
1699,181
1699,187
1699,61
1699,95
1700,0
1700,1
1700,5
1700,201
1700,234
1701,0
1701,196
1701,70
1701,201
1701,234
1701,185
1702,0
1702,1
1702,5
1702,201
1702,182
1703,0
1703,1
1703,76
1703,181
1703,185
1703,187
1703,57
1704,0
1704,201
1704,187
1704,70
1705,0
1705,192
1705,202
1705,234
1705,184
1706,61
1706,181
1707,0
1707,1
1707,98
1707,16
1707,81
1707,57
1707,190
1708,0
1708,187
1708,196
1708,182
1709,0
1709,1
1709,192
1709,183
1709,92
1709,190
1710,0
1710,201
1710,196
1710,57
1711,0
1711,196
1711,247
1711,184
1711,190
1712,0
1712,5
1712,16
1712,181
1712,182
1712,56
1712,216
1713,0
1713,1
1713,202
1713,77
1713,183
1713,56
1713,95
1714,0
1714,61
1714,182
1714,184
1715,0
1715,1
1715,202
1715,16
1715,181
1715,190
1716,192
1716,1
1716,61
1716,247
1717,196
1717,5
1717,202
1717,56
1717,190
1718,0
1718,1
1718,202
1718,196
1719,0
1719,1
1719,70
1719,16
1719,81
1719,182
1719,93
1720,0
1720,202
1720,77
1720,16
1720,94
1721,0
1721,201
1721,183
1721,247
1721,61
1721,190
1722,0
1722,185
1722,92
1722,94
1723,0
1723,74
1723,183
1723,92
1723,94
1724,0
1724,202
1724,196
1725,0
1725,1
1725,192
1725,234
1725,183
1726,0
1726,201
1726,57
1726,183
1727,184
1727,190
1728,196
1728,5
1728,202
1728,210
1728,184
1729,0
1729,5
1729,202
1729,16
1729,184
1729,187
1730,0
1730,1
1730,181
1730,187
1730,190
1731,0
1731,96
1731,80
1731,210
1731,182
1731,183
1731,190
1732,0
1732,16
1732,187
1732,190
1733,0
1733,184
1734,0
1734,192
1734,196
1734,201
1734,210
1734,95
1735,0
1735,192
1735,77
1735,16
1735,185
1735,187
1735,92
1736,0
1736,196
1736,5
1736,70
1736,187
1737,0
1737,98
1737,5
1737,74
1737,16
1737,184
1737,92
1738,0
1738,1
1738,98
1738,74
1738,184
1738,57
1738,190
1739,0
1739,192
1739,234
1739,61
1739,190
1740,192
1740,5
1740,16
1740,182
1740,247
1740,190
1741,0
1741,192
1741,201
1741,202
1741,80
1742,0
1742,185
1743,0
1743,202
1743,16
1743,181
1743,56
1744,0
1744,202
1744,93
1745,0
1745,190
1746,0
1746,185
1746,210
1746,183
1747,0
1747,202
1747,80
1747,92
1748,0
1748,202
1748,56
1748,182
1749,0
1749,192
1749,187
1749,61
1749,190
1750,0
1750,1
1750,196
1750,187
1750,190
1751,0
1751,192
1751,96
1751,77
1751,210
1751,181
1751,56
1751,185
1751,95
1752,0
1752,70
1752,202
1752,234
1752,182
1752,187
1753,0
1753,201
1753,76
1753,187
1753,93
1754,0
1754,233
1754,192
1754,183
1755,0
1755,5
1755,233
1755,182
1755,185
1756,0
1756,192
1756,201
1756,77
1756,216
1757,0
1757,201
1757,233
1757,16
1757,182
1757,184
1757,61
1758,0
1758,96
1758,196
1758,93
1759,0
1759,183
1760,0
1760,16
1760,5
1760,184
1761,0
1761,5
1761,202
1761,181
1761,57
1762,0
1762,1
1762,196
1762,16
1763,0
1763,56
1763,181
1763,190
1764,0
1764,96
1764,201
1764,76
1764,182
1764,57
1765,0
1765,196
1765,234
1765,185
1765,61
1766,96
1766,1
1766,201
1766,234
1766,81
1766,181
1766,187
1766,61
1766,94
1767,0
1767,5
1767,202
1767,80
1767,187
1768,0
1768,185
1768,70
1769,0
1769,185
1770,0
1770,196
1770,5
1770,16
1770,210
1770,56
1771,0
1771,1
1771,5
1771,192
1772,81
1772,1
1772,5
1772,190
1773,0
1773,192
1773,96
1773,98
1773,201
1773,183
1773,56
1774,0
1774,192
1774,196
1774,80
1774,181
1775,0
1775,16
1775,196
1775,1
1776,0
1776,196
1776,181
1776,92
1777,0
1777,192
1777,96
1777,5
1777,181
1777,92
1777,61
1778,0
1778,202
1778,190
1778,192
1779,0
1779,192
1779,196
1779,234
1779,183
1780,0
1780,98
1780,5
1780,70
1780,77
1780,181
1780,184
1781,0
1781,5
1781,16
1781,183
1781,185
1782,0
1782,1
1782,192
1782,201
1782,210
1782,56
1783,0
1783,185
1783,201
1783,183
1784,0
1784,74
1784,182
1784,216
1784,185
1784,190
1785,0
1785,1
1785,192
1785,5
1785,202
1785,184
1786,0
1786,202
1786,74
1786,92
1786,94
1787,0
1787,201
1787,184
1787,192
1788,0
1788,1
1788,5
1788,70
1788,77
1788,247
1788,185
1788,93
1788,95
1789,233
1789,5
1789,190
1790,0
1790,182
1791,0
1791,96
1791,192
1791,16
1791,184
1791,93
1792,0
1792,1
1792,181
1792,247
1792,56
1792,190
1793,0
1793,96
1793,5
1793,181
1793,183
1793,190
1793,95
1794,0
1794,201
1794,185
1795,0
1795,190
1796,201
1796,185
1796,183
1797,0
1797,192
1797,5
1797,201
1797,210
1797,56
1797,185
1798,0
1798,192
1798,201
1798,56
1798,184
1799,0
1799,1
1799,196
1799,5
1799,80
1799,183
1800,187
1800,5
1800,182
1800,183
1801,0
1801,57
1801,190
1801,192
1802,0
1802,77
1802,181
1802,183
1802,190
1803,0
1803,234
1803,184
1803,61
1803,190
1804,0
1804,196
1804,192
1805,0
1805,201
1805,56
1805,77
1806,0
1806,201
1806,192
1807,0
1807,187
1808,0
1808,5
1808,77
1808,92
1808,190
1809,0
1809,16
1809,202
1809,187
1810,0
1810,1
1810,234
1810,182
1810,187
1811,16
1811,184
1811,61
1811,190
1811,216
1812,96
1812,5
1812,202
1812,16
1812,184
1812,92
1813,0
1813,1
1813,181
1813,183
1813,184
1813,57
1814,0
1814,1
1814,98
1814,96
1814,201
1814,202
1814,76
1814,190
1815,0
1815,181
1815,182
1815,192
1816,0
1816,202
1816,190
1816,184
1817,0
1817,56
1817,196
1817,183
1818,0
1818,185
1818,5
1818,81
1819,0
1819,202
1819,80
1820,0
1820,202
1821,0
1821,70
1821,182
1821,183
1821,185
1822,0
1822,1
1822,16
1822,181
1822,61
1823,0
1823,96
1823,5
1823,202
1823,94
1823,187
1823,190
1824,0
1824,16
1824,196
1825,0
1825,1
1825,98
1825,5
1825,77
1825,181
1825,56
1826,0
1826,1
1826,202
1826,210
1826,181
1827,0
1827,190
1827,183
1828,0
1828,1
1828,98
1828,5
1828,80
1828,183
1828,92
1829,0
1829,185
1830,0
1830,1
1830,5
1830,201
1830,187
1831,0
1831,98
1831,61
1831,181
1832,0
1832,196
1832,190
1832,192
1833,0
1833,196
1833,16
1833,184
1833,185
1834,0
1834,16
1834,196
1834,5
1835,0
1835,185
1835,70
1836,0
1836,201
1836,184
1836,187
1836,61
1837,0
1837,1
1837,5
1837,202
1837,234
1838,0
1838,185
1838,183
1839,0
1839,202
1839,184
1839,192
1840,0
1840,201
1840,196
1840,184
1841,0
1841,192
1841,182
1841,216
1841,187
1842,0
1842,247
1842,56
1842,187
1842,190
1843,0
1843,5
1843,181
1843,184
1843,190
1844,0
1844,5
1844,202
1844,234
1844,77
1844,183
1844,61
1845,0
1845,201
1845,61
1845,81
1846,0
1846,1
1846,196
1846,187
1846,190
1847,0
1847,70
1847,201
1847,187
1847,190
1848,0
1848,192
1848,5
1848,76
1848,16
1848,185
1849,0
1849,1
1849,182
1849,183
1850,0
1850,196
1850,190
1850,182
1851,0
1851,5
1851,16
1851,181
1851,182
1851,247
1851,185
1852,16
1852,5
1852,181
1853,0
1853,196
1853,80
1853,183
1853,56
1853,94
1853,95
1854,0
1854,5
1854,181
1854,182
1854,185
1855,1
1855,202
1855,81
1855,184
1855,56
1856,0
1856,81
1856,187
1856,5
1857,0
1857,185
1857,201
1857,182
1858,0
1858,196
1858,5
1858,183
1859,0
1859,201
1859,196
1859,57
1860,0
1860,1
1860,184
1861,0
1861,196
1861,233
1861,56
1861,185
1862,0
1862,16
1862,70
1862,192
1863,0
1863,98
1863,74
1863,16
1863,94
1863,57
1863,187
1863,190
1864,0
1864,201
1864,233
1864,80
1864,183
1864,184
1865,192
1865,0
1865,182
1865,57
1865,190
1866,0
1866,192
1866,98
1866,80
1866,182
1866,184
1867,0
1867,1
1867,5
1867,202
1867,57
1868,0
1868,5
1868,184
1869,0
1869,1
1869,77
1869,190
1870,0
1870,201
1870,81
1870,181
1870,57
1870,190
1871,0
1871,77
1871,181
1871,184
1872,0
1872,56
1872,196
1872,184
1873,0
1873,196
1873,70
1873,76
1873,185
1874,0
1874,185
1874,1
1875,0
1875,234
1875,181
1875,182
1875,187
1875,94
1876,0
1876,185
1876,181
1876,182
1877,0
1877,196
1877,5
1877,201
1877,181
1877,57
1878,0
1878,74
1878,182
1878,184
1878,187
1879,0
1879,61
1879,184
1880,0
1880,210
1880,182
1881,0
1881,202
1881,234
1881,183
1881,57
1882,0
1882,190
1883,0
1883,192
1883,196
1883,202
1883,57
1884,0
1884,192
1884,202
1884,182
1884,56
1884,92
1884,94
1885,0
1885,56
1885,190
1885,184
1886,0
1886,61
1886,5
1886,190
1887,0
1887,96
1887,16
1887,81
1887,181
1887,216
1887,185
1888,233
1888,181
1889,0
1889,81
1889,202
1889,234
1890,0
1890,1
1890,202
1890,187
1891,0
1891,181
1891,184
1892,0
1892,5
1892,181
1892,182
1892,187
1893,0
1893,1
1893,5
1893,202
1893,184
1893,185
1894,0
1894,5
1894,201
1894,234
1894,77
1894,16
1894,181
1894,182
1894,94
1895,0
1895,216
1895,61
1895,192
1896,0
1896,1
1896,98
1896,74
1896,184
1896,95
1897,192
1897,16
1897,184
1898,0
1898,16
1898,5
1898,182
1899,0
1899,196
1899,234
1899,16
1899,183
1899,57
1900,0
1900,1
1900,196
1900,74
1900,181
1900,184
1900,57
1901,0
1901,192
1901,196
1901,5
1901,183
1901,57
1902,0
1902,192
1902,196
1902,202
1902,16
1902,56
1903,0
1903,202
1903,196
1903,184
1904,0
1904,16
1904,80
1904,181
1905,0
1905,196
1905,61
1906,0
1906,192
1906,234
1906,182
1906,190
1907,0
1907,77
1907,5
1907,190
1908,0
1908,201
1908,183
1908,187
1908,61
1909,0
1909,5
1909,16
1909,183
1909,56
1910,0
1910,1
1910,181
1910,184
1910,185
1911,184
1911,56
1911,196
1911,247
1912,0
1912,1
1912,192
1912,5
1912,56
1912,187
1913,0
1913,202
1913,181
1913,98
1914,0
1914,192
1914,1
1914,5
1914,201
1914,56
1914,190
1915,0
1915,16
1915,181
1915,190
1916,192
1916,247
1917,0
1917,201
1917,202
1917,80
1917,181
1918,0
1918,1
1918,16
1918,182
1918,184
1919,0
1919,1
1919,5
1919,183
1920,0
1920,196
1920,70
1920,233
1920,202
1920,76
1920,190
1921,0
1921,1
1921,247
1921,16
1921,183
1921,187
1922,0
1922,70
1922,184
1923,0
1923,5
1923,202
1923,16
1923,183
1923,187
1924,0
1924,202
1924,76
1924,56
1924,94
1924,93
1924,184
1925,216
1925,185
1926,1
1926,98
1926,196
1926,80
1926,94
1927,0
1927,96
1927,182
1927,187
1927,61
1927,95
1928,0
1928,1
1928,96
1928,5
1928,181
1928,183
1928,185
1929,0
1929,1
1929,202
1929,70
1930,0
1930,201
1931,0
1931,1
1931,233
1931,202
1931,181
1931,94
1931,92
1931,190
1932,0
1932,56
1932,185
1932,187
1932,190
1933,0
1933,5
1933,202
1933,185
1933,92
1933,190
1934,0
1934,70
1934,202
1934,77
1934,183
1934,184
1935,0
1935,1
1935,201
1935,81
1935,61
1936,0
1936,1
1936,196
1936,5
1936,201
1936,182
1937,0
1937,192
1937,196
1937,5
1937,233
1937,202
1937,74
1938,201
1938,233
1938,5
1939,0
1939,201
1940,0
1940,196
1940,80
1940,181
1940,184
1940,93
1940,216
1941,0
1941,5
1941,16
1941,184
1941,61
1942,0
1942,5
1942,181
1943,0
1943,1
1943,192
1943,96
1943,70
1943,201
1943,95
1944,0
1944,80
1944,184
1944,57
1944,216
1945,0
1945,196
1946,0
1946,196
1946,16
1946,181
1946,185
1946,61
1947,0
1947,201
1947,16
1948,0
1948,1
1948,16
1948,216
1948,185
1948,93
1948,190
1948,95
1949,0
1949,182
1949,57
1949,187
1949,190
1950,0
1950,187
1951,0
1951,201
1951,234
1951,184
1951,187
1952,0
1952,5
1952,201
1952,234
1952,76
1952,95
1953,0
1953,5
1953,70
1953,77
1953,183
1953,93
1953,190
1954,0
1954,70
1954,16
1954,185
1954,187
1954,94
1955,0
1955,1
1955,192
1955,70
1955,77
1955,247
1955,190
1956,0
1956,1
1956,192
1956,181
1956,187
1957,0
1957,16
1957,183
1957,185
1957,187
1958,0
1958,185
1958,182
1958,192
1959,98
1959,81
1959,182
1959,187
1959,190
1960,0
1960,202
1960,16
1960,181
1960,247
1960,61
1960,190
1961,0
1961,56
1961,190
1962,0
1962,202
1962,74
1962,181
1962,183
1962,95
1963,0
1963,192
1963,96
1963,196
1963,16
1963,181
1963,93
1964,0
1964,201
1964,187
1964,1
1965,0
1965,1
1965,192
1965,196
1965,247
1966,0
1966,74
1966,182
1966,185
1966,187
1967,0
1967,187
1967,196
1967,190
1968,0
1968,1
1968,192
1968,98
1968,202
1968,187
1968,61
1969,0
1969,192
1969,202
1969,210
1969,185
1969,61
1970,0
1970,192
1970,96
1970,202
1970,77
1970,210
1970,185
1971,0
1971,1
1971,16
1971,80
1971,183
1972,0
1972,70
1972,80
1972,210
1972,181
1972,92
1972,93
1972,190
1973,0
1973,192
1973,5
1973,202
1973,185
1973,61
1974,0
1974,196
1975,0
1975,16
1975,202
1975,182
1976,16
1976,1
1976,202
1976,77
1977,0
1977,196
1977,181
1978,0
1978,192
1978,5
1978,70
1978,16
1978,185
1979,0
1979,16
1979,187
1980,192
1980,61
1980,5
1980,183
1981,0
1981,192
1981,5
1981,70
1981,233
1981,80
1981,181
1982,0
1982,202
1982,184
1982,216
1983,0
1983,192
1983,5
1983,202
1983,61
1984,0
1984,185
1984,1
1985,0
1985,185
1985,196
1985,233
1986,0
1986,192
1986,5
1986,70
1986,187
1987,0
1987,181
1988,0
1988,1
1988,196
1988,70
1989,0
1989,201
1989,202
1989,16
1989,181
1990,0
1990,5
1990,16
1990,183
1990,190
1991,0
1991,16
1991,202
1991,184
1992,0
1992,192
1992,5
1992,80
1992,184
1992,57
1992,93
1992,216
1993,0
1993,181
1993,182
1993,185
1993,57
1994,1
1994,70
1994,233
1994,202
1994,181
1994,187
1995,0
1995,5
1995,74
1995,16
1995,181
1995,184
1996,0
1996,1
1996,192
1996,5
1996,76
1996,185
1996,190
1997,0
1997,202
1997,77
1997,182
1997,185
1997,93
1997,94
1998,0
1998,192
1998,233
1998,16
1998,185
1998,190
1999,0
1999,1
1999,192
1999,80
1999,182
1999,184
1999,56
2000,0
2000,1
2000,192
2000,196
2000,70
2000,16
2000,210
2001,182
2002,0
2002,185
2002,181
2002,183
2003,0
2003,1
2003,98
2003,196
2003,233
2003,202
2003,92
2004,0
2004,56
2004,196
2004,5
2005,16
2005,1
2005,202
2005,56
2006,0
2006,185
2007,0
2007,77
2007,182
2007,247
2008,0
2008,187
2008,182
2008,216
2009,0
2009,202
2009,185
2009,190
2009,57
2010,0
2010,5
2010,76
2010,181
2010,216
2011,0
2011,96
2011,5
2011,181
2011,92
2012,192
2012,0
2012,5
2012,92
2012,190
2012,95
2013,0
2013,1
2013,196
2013,77
2013,16
2013,56
2014,0
2014,201
2014,181
2014,192
2015,0
2015,5
2015,202
2015,16
2015,181
2015,185
2016,0
2016,201
2016,16
2016,1
2017,0
2017,1
2017,192
2017,247
2017,56
2018,0
2018,1
2018,192
2018,96
2018,201
2018,80
2018,181
2018,247
2018,56
2018,92
2019,0
2019,5
2019,77
2019,181
2019,183
2019,190
2020,0
2020,1
2020,16
2020,183
2020,61
2021,0
2021,192
2021,201
2021,77
2021,247
2021,185
2021,92
2022,0
2022,92
2022,190
2022,192
2023,0
2023,202
2023,76
2023,181
2023,185
2024,0
2024,210
2024,184
2024,57
2024,187
2024,190
2025,0
2025,81
2025,61
2025,184
2026,0
2026,57
2026,216
2026,192
2027,0
2027,70
2027,202
2027,80
2027,181
2027,94
2027,190
2028,0
2028,1
2028,183
2028,184
2028,185
2029,0
2029,181
2030,0
2030,77
2030,210
2030,185
2030,95
2031,0
2031,185
2031,187
2031,57
2032,0
2032,1
2032,192
2032,16
2032,181
2032,57
2033,0
2033,1
2033,192
2033,196
2033,16
2033,183
2034,16
2034,5
2034,196
2034,181
2035,0
2035,1
2035,196
2035,70
2035,234
2035,182
2036,0
2036,202
2036,190
2037,0
2037,192
2037,80
2037,92
2037,190
2037,95
2038,0
2038,80
2038,181
2038,56
2038,93
2038,94
2039,0
2039,80
2039,192
2040,0
2040,57
2040,187
2041,0
2041,1
2041,233
2041,181
2041,184
2041,93
2042,0
2042,185
2042,202
2043,0
2043,201
2043,233
2043,183
2043,185
2043,57
2044,0
2044,57
2044,247
2044,183
2045,0
2045,184
2046,0
2046,5
2046,16
2046,80
2046,182
2046,57
2047,0
2047,196
2047,56
2047,185
2047,184
2048,0
2048,1
2048,70
2048,202
2048,210
2049,0
2049,196
2049,70
2049,202
2049,234
2049,181
2050,0
2050,192
2050,5
2050,182
2050,56
2050,185
2051,0
2051,196
2051,5
2051,181
2051,247
2051,56
2051,190
2052,0
2052,185
2052,196
2052,190
2053,0
2053,192
2053,98
2053,77
2053,182
2053,61
2053,190
2054,0
2054,1
2054,182
2054,190
2055,0
2055,16
2055,196
2055,184
2056,0
2056,1
2056,5
2056,80
2056,181
2056,182
2056,247
2056,190
2057,0
2057,187
2058,0
2058,1
2058,16
2058,182
2058,56
2059,5
2059,201
2059,76
2059,183
2059,56
2059,247
2060,0
2060,5
2060,233
2060,16
2060,183
2060,184
2060,185
2060,94
2060,95
2061,0
2061,185
2061,1
2061,57
2062,0
2062,5
2062,80
2062,183
2062,187
2062,61
2063,0
2063,57
2063,202
2063,210
2064,0
2064,1
2064,56
2064,196
2065,0
2065,70
2065,201
2065,80
2065,182
2065,187
2065,93
2066,0
2066,5
2066,74
2066,234
2066,16
2066,184
2066,185
2066,190
2067,0
2067,202
2067,234
2067,16
2067,183
2067,185
2068,0
2068,192
2068,80
2068,184
2068,185
2069,0
2069,5
2069,80
2069,185
2069,187
2069,61
2070,0
2070,1
2070,76
2070,16
2070,185
2071,0
2071,187
2071,5
2071,190
2072,0
2072,190
2073,0
2073,201
2073,56
2073,190
2074,56
2074,182
2075,0
2075,187
2075,182
2076,0
2076,192
2076,201
2076,16
2076,181
2076,61
2077,0
2077,196
2077,233
2077,74
2077,184
2078,0
2078,81
2078,190
2079,0
2079,16
2079,181
2079,183
2080,0
2080,185
2080,16
2081,0
2081,234
2081,16
2081,181
2081,185
2082,0
2082,201
2082,77
2082,183
2082,56
2083,0
2083,192
2083,5
2083,202
2083,76
2083,16
2083,95
2084,0
2084,16
2084,5
2084,190
2085,0
2085,185
2085,181
2085,192
2086,0
2086,98
2086,196
2086,76
2086,183
2086,93
2086,190
2087,0
2087,202
2087,81
2087,182
2087,247
2087,56
2087,190
2088,0
2088,192
2089,0
2089,5
2089,181
2089,182
2089,190
2090,0
2090,1
2090,202
2090,182
2091,0
2091,1
2091,5
2091,182
2091,190
2092,0
2092,202
2092,182
2092,56
2092,93
2092,94
2093,56
2093,201
2094,0
2094,196
2094,70
2094,77
2094,181
2094,187
2094,92
2094,93
2095,0
2095,187
2095,5
2095,94
2096,0
2096,192
2096,5
2096,74
2096,185
2096,187
2096,94
2097,0
2097,1
2097,182
2097,185
2097,190
2097,57
2098,0
2098,5
2098,183
2099,192
2099,196
2099,190
2100,0
2100,77
2100,16
2100,185
2100,93
2100,95
2100,57
2101,0
2101,1
2101,196
2101,5
2101,210
2101,181
2101,184
2102,0
2102,192
2102,5
2102,16
2102,190
2103,184
2103,187
2103,61
2104,0
2104,1
2104,5
2104,201
2104,81
2104,93
2104,92
2104,61
2105,185
2105,5
2105,181
2105,1
2106,0
2106,77
2106,182
2106,56
2106,187
2107,0
2107,98
2107,5
2107,201
2107,202
2107,183
2107,57
2107,92
2108,0
2108,185
2109,0
2109,1
2109,182
2109,187
2109,190
2110,0
2110,234
2110,5
2110,184
2111,0
2111,1
2111,96
2111,196
2111,76
2111,210
2111,182
2111,183
2111,95
2112,0
2112,202
2113,0
2113,201
2113,74
2113,233
2113,184
2114,0
2114,1
2114,192
2114,5
2114,202
2114,234
2114,56
2114,187
2115,0
2115,201
2115,183
2115,184
2115,61
2116,0
2116,234
2116,16
2116,181
2116,187
2117,0
2117,1
2117,5
2117,181
2117,182
2117,216
2117,185
2118,0
2118,202
2118,181
2118,56
2118,184
2119,0
2119,201
2119,187
2119,183
2120,0
2120,234
2120,190
2120,184
2121,0
2121,1
2121,196
2122,201
2122,187
2122,5
2123,0
2123,202
2123,76
2123,181
2123,183
2123,61
2124,0
2124,192
2124,201
2124,247
2124,56
2125,0
2125,1
2125,201
2125,202
2125,16
2125,182
2126,0
2126,192
2126,70
2126,201
2126,234
2127,0
2127,202
2127,181
2127,70
2128,0
2128,196
2128,233
2128,16
2128,183
2128,190
2129,0
2129,70
2129,201
2129,233
2129,80
2129,190
2130,192
2130,181
2131,0
2131,5
2131,181
2132,0
2132,5
2132,202
2132,16
2132,93
2132,190
2133,0
2133,201
2133,74
2133,234
2133,187
2133,94
2134,0
2134,1
2134,234
2134,81
2134,182
2134,183
2134,184
2134,56
2134,94
2135,1
2135,202
2135,74
2135,181
2135,183
2135,56
2136,0
2136,201
2136,16
2136,183
2136,57
2136,247
2137,0
2137,56
2137,74
2137,190
2138,0
2138,5
2138,16
2138,181
2138,182
2138,216
2138,187
2138,61
2139,0
2139,1
2139,5
2139,81
2139,185
2139,61
2139,94
2140,0
2140,196
2140,70
2140,201
2140,202
2141,98
2141,196
2141,16
2141,185
2141,92
2142,0
2142,61
2142,192
2143,0
2143,202
2143,56
2143,184
2144,0
2144,5
2144,181
2144,247
2144,56
2145,5
2145,70
2145,16
2145,210
2145,184
2145,185
2146,0
2146,1
2146,192
2146,182
2146,247
2146,184
2146,57
2147,0
2147,196
2147,201
2147,77
2147,190
2148,0
2148,70
2148,81
2148,187
2148,94
2148,95
2149,0
2149,96
2149,70
2149,182
2149,187
2149,93
2150,0
2150,76
2150,181
2150,56
2150,93
2150,94
2151,0
2151,5
2151,202
2151,185
2151,57
2152,0
2152,5
2152,181
2152,184
2152,190
2152,216
2153,0
2153,57
2153,187
2153,183
2154,0
2154,1
2154,80
2154,181
2154,247
2154,184
2154,56
2154,190
2155,0
2155,201
2155,181
2155,192
2156,0
2156,1
2156,192
2156,5
2156,201
2156,185
2157,0
2157,192
2157,183
2157,56
2157,190
2158,0
2158,185
2158,234
2158,1
2159,0
2159,210
2159,187
2159,181
2160,0
2160,1
2160,98
2160,184
2160,92
2161,0
2161,16
2161,184
2161,192
2162,0
2162,234
2162,16
2162,181
2162,185
2163,0
2163,1
2163,76
2163,183
2164,0
2164,190
2164,192
2165,0
2165,201
2165,80
2165,183
2165,92
2166,0
2166,196
2166,182
2166,247
2166,183
2167,0
2167,16
2167,202
2167,5
2168,0
2168,185
2168,202
2168,1
2169,0
2169,201
2169,16
2169,183
2170,0
2170,202
2170,16
2170,94
2170,185
2170,247
2170,93
2170,190
2171,0
2171,192
2171,98
2171,183
2171,94
2172,0
2172,98
2172,196
2172,234
2172,76
2172,184
2172,57
2172,93
2173,0
2173,184
2173,216
2174,0
2174,233
2174,187
2175,0
2175,233
2175,202
2175,181
2175,187
2176,0
2176,5
2176,201
2176,16
2176,56
2176,190
2177,0
2177,201
2177,1
2177,57
2178,0
2178,192
2178,5
2178,182
2178,190
2179,0
2179,1
2179,201
2179,233
2179,187
2180,0
2180,56
2180,187
2180,196
2181,0
2181,202
2181,181
2181,183
2182,0
2182,76
2182,61
2182,182
2183,0
2183,5
2183,184
2184,0
2184,182
2185,0
2185,1
2185,181
2185,187
2185,190
2186,0
2186,185
2186,187
2186,181
2187,0
2187,81
2187,181
2188,192
2188,5
2188,202
2188,16
2188,185
2189,0
2189,1
2189,202
2189,181
2189,190
2190,0
2190,1
2190,201
2190,187
2190,61
2190,190
2191,0
2191,1
2191,70
2191,76
2191,181
2192,0
2192,80
2192,210
2192,182
2192,183
2192,190
2193,0
2193,96
2193,201
2193,76
2193,16
2193,182
2193,216
2193,94
2193,190
2194,0
2194,187
2194,190
2194,183
2195,0
2195,70
2195,234
2195,16
2195,185
2196,0
2196,81
2196,196
2197,0
2197,196
2197,181
2198,0
2198,16
2198,182
2198,184
2198,185
2199,0
2199,16
2199,202
2199,192
2200,0
2200,196
2200,16
2200,184
2200,57
2200,187
2201,0
2201,192
2201,5
2201,201
2201,202
2201,16
2202,184
2202,1
2202,187
2202,183
2203,0
2203,182
2204,0
2204,196
2204,16
2204,80
2204,181
2204,182
2204,61
2205,0
2205,185
2205,76
2206,0
2206,16
2206,76
2206,183
2207,0
2207,192
2208,0
2208,76
2208,181
2208,187
2208,94
2209,0
2209,187
2209,196
2209,76
2210,0
2210,5
2210,192
2211,0
2211,181
2211,70
2212,0
2212,1
2212,196
2212,5
2212,201
2212,57
2213,0
2213,187
2213,192
2214,0
2214,5
2214,182
2214,183
2215,0
2215,16
2215,202
2215,57
2216,0
2216,201
2216,70
2217,0
2217,1
2217,196
2217,5
2217,81
2217,183
2217,187
2217,93
2217,94
2218,0
2218,181
2218,247
2218,184
2218,190
2219,0
2219,202
2219,192
2220,0
2220,70
2220,201
2220,202
2220,77
2220,16
2220,184
2220,92
2221,0
2221,1
2221,182
2221,184
2221,61
2222,0
2222,185
2222,196
2222,184
2223,0
2223,1
2223,187
2224,0
2224,1
2224,192
2224,70
2224,201
2224,202
2225,0
2225,1
2225,96
2225,5
2225,201
2225,93
2225,190
2226,0
2226,57
2226,187
2226,196
2227,0
2227,74
2227,182
2227,184
2228,0
2228,201
2228,187
2228,70
2229,0
2229,1
2229,202
2229,234
2229,61
2230,0
2230,247
2230,196
2230,76
2231,0
2231,185
2231,16
2231,192
2232,185
2232,202
2232,201
2233,0
2233,187
2234,0
2234,96
2234,201
2234,76
2234,183
2234,216
2234,57
2234,92
2235,0
2235,70
2235,202
2235,190
2236,0
2236,80
2236,184
2236,190
2236,94
2237,0
2237,196
2237,16
2237,81
2237,182
2237,184
2238,187
2239,0
2239,234
2239,77
2239,183
2239,61
2239,190
2240,0
2240,184
2241,0
2241,5
2241,233
2241,57
2241,190
2242,0
2242,192
2242,96
2242,80
2242,183
2242,56
2242,93
2242,184
2243,0
2243,1
2243,192
2243,5
2243,185
2244,0
2244,5
2244,183
2244,216
2244,187
2244,61
2245,0
2245,201
2245,182
2245,1
2246,0
2246,1
2246,196
2246,70
2246,190
2247,0
2247,201
2247,202
2247,74
2247,16
2247,187
2248,0
2248,202
2249,0
2249,1
2249,201
2249,202
2249,80
2249,181
2249,216
2249,57
2249,95
2250,0
2250,5
2250,202
2250,16
2250,183
2250,61
2251,0
2251,196
2251,201
2251,74
2251,181
2251,216
2252,96
2252,74
2252,187
2253,0
2253,1
2253,5
2253,201
2253,202
2253,183
2253,61
2254,0
2254,181
2254,247
2254,56
2254,184
2255,0
2255,185
2255,201
2255,16
2256,0
2256,70
2256,202
2256,190
2257,0
2257,1
2257,181
2257,61
2257,95
2258,0
2258,16
2258,210
2258,56
2258,185
2259,0
2259,184
2260,0
2260,1
2260,201
2260,233
2260,182
2261,0
2261,201
2261,181
2261,184
2262,1
2262,5
2262,202
2262,210
2262,182
2262,185
2262,92
2262,57
2263,0
2263,5
2263,70
2263,201
2263,202
2263,210
2263,190
2264,0
2264,1
2264,16
2264,182
2264,184
2264,56
2265,0
2265,185
2265,61
2265,184
2266,0
2266,185
2266,202
2266,181
2267,0
2267,201
2267,183
2267,216
2267,190
2268,0
2268,98
2268,181
2268,185
2268,93
2268,190
2269,182
2269,190
2270,0
2270,1
2270,201
2270,77
2270,182
2270,247
2270,56
2270,187
2271,0
2271,210
2271,181
2271,183
2271,57
2272,0
2272,1
2272,5
2272,233
2272,80
2272,187
2272,61
2273,0
2273,192
2273,1
2273,5
2273,202
2273,216
2273,94
2273,93
2273,190
2274,0
2274,1
2274,201
2274,16
2274,190
2275,5
2275,70
2275,202
2275,182
2275,187
2276,0
2276,98
2276,202
2276,234
2276,77
2276,16
2277,0
2277,1
2277,76
2277,190
2277,95
2278,0
2278,182
2278,56
2278,185
2278,187
2279,0
2279,96
2279,202
2279,182
2279,57
2279,190
2279,95
2280,0
2280,1
2280,202
2280,182
2280,183
2281,0
2281,81
2281,210
2281,57
2281,187
2282,0
2282,1
2282,98
2282,80
2282,183
2282,184
2282,94
2282,190
2283,0
2283,196
2283,201
2283,182
2283,57
2284,0
2284,1
2284,202
2284,61
2285,0
2285,183
2285,92
2285,61
2285,95
2286,192
2286,16
2286,80
2286,185
2286,187
2287,16
2287,1
2287,234
2287,190
2288,0
2288,233
2288,202
2288,74
2288,182
2289,0
2289,70
2289,182
2289,183
2289,184
2290,0
2290,201
2290,5
2291,0
2291,196
2291,5
2291,233
2291,183
2292,192
2292,233
2292,196
2292,190
2293,0
2293,190
2293,182
2294,0
2294,1
2294,196
2294,233
2295,0
2295,181
2295,183
2296,192
2296,1
2296,74
2296,16
2296,184
2296,190
2297,0
2297,5
2297,202
2297,234
2297,92
2297,190
2298,0
2298,187
2298,61
2298,183
2299,0
2299,196
2299,202
2299,184
2299,216
2300,0
2300,70
2300,201
2300,77
2300,16
2300,181
2300,184
2301,0
2301,70
2301,201
2301,181
2301,187
2302,0
2302,1
2302,183
2302,184
2302,190
2303,0
2303,61
2303,190
2304,0
2304,1
2304,202
2304,16
2304,81
2304,56
2304,187
2305,0
2305,5
2305,181
2306,0
2306,16
2306,184
2306,247
2307,0
2307,16
2307,185
2307,187
2307,190
2308,0
2308,192
2308,5
2308,210
2308,190
2309,0
2309,1
2309,196
2309,5
2309,56
2309,94
2310,0
2310,201
2310,16
2310,181
2310,184
2311,0
2311,1
2311,96
2311,76
2311,16
2311,247
2311,94
2311,187
2311,190
2312,0
2312,5
2312,81
2312,185
2312,187
2312,190
2312,57
2313,0
2313,1
2313,70
2313,201
2313,16
2313,182
2313,185
2314,0
2314,196
2314,201
2314,202
2314,92
2315,0
2315,1
2315,98
2315,182
2315,56
2315,187
2315,190
2316,0
2316,234
2316,76
2316,16
2316,93
2316,187
2316,92
2316,61
2317,0
2317,202
2317,56
2317,182
2318,0
2318,57
2318,184
2319,0
2319,5
2319,16
2319,183
2319,184
2319,61
2320,5
2320,201
2320,202
2320,210
2320,181
2321,0
2321,1
2321,5
2321,182
2322,0
2322,57
2322,202
2323,0
2323,1
2323,70
2323,201
2323,182
2323,216
2324,0
2324,96
2324,5
2324,80
2324,184
2324,94
2325,0
2325,1
2325,196
2325,81
2325,187
2325,93
2326,0
2326,5
2326,16
2326,185
2326,187
2327,0
2327,185
2327,190
2327,184
2328,0
2328,192
2328,234
2328,76
2328,93
2329,0
2329,201
2329,80
2329,181
2329,187
2330,98
2330,202
2330,74
2330,181
2330,247
2330,57
2331,0
2331,5
2331,182
2332,0
2332,77
2332,181
2332,183
2332,92
2332,94
2333,0
2333,1
2333,16
2333,185
2333,187
2333,61
2333,190
2334,0
2334,1
2334,247
2334,192
2335,0
2335,210
2335,196
2335,190
2336,201
2336,196
2336,1
2336,70
2337,0
2337,196
2337,182
2337,184
2337,57
2338,0
2338,196
2338,234
2338,182
2338,185
2338,57
2339,0
2339,192
2339,201
2339,80
2339,182
2339,94
2339,95
2340,0
2340,196
2341,196
2342,0
2342,1
2342,76
2342,16
2342,183
2342,185
2342,94
2343,0
2343,201
2344,0
2344,192
2344,5
2344,233
2344,182
2344,56
2344,95
2345,0
2345,210
2345,56
2345,184
2346,0
2346,183
2346,16
2346,192
2347,0
2347,185
2347,192
2348,0
2348,201
2348,16
2348,70
2349,0
2349,196
2349,5
2349,16
2349,190
2350,0
2350,192
2350,233
2350,202
2350,184
2350,57
2351,0
2351,1
2351,77
2351,181
2351,57
2351,187
2352,0
2352,16
2352,181
2352,81
2353,0
2353,196
2353,202
2353,234
2353,185
2354,190
2354,182
2355,0
2355,192
2355,77
2355,16
2355,181
2355,56
2356,0
2356,16
2356,181
2356,187
2356,92
2356,190
2356,95
2357,0
2357,1
2357,201
2357,74
2357,187
2358,0
2358,16
2358,182
2358,187
2358,190
2359,0
2359,182
2359,185
2359,61
2359,190
2360,0
2360,81
2360,183
2360,56
2360,95
2361,57
2361,190
2362,0
2362,201
2362,182
2363,0
2363,201
2363,181
2363,216
2363,190
2364,0
2364,187
2364,181
2365,0
2365,70
2365,16
2365,182
2365,183
2365,190
2366,0
2366,196
2366,77
2366,184
2366,61
2366,190
2367,0
2367,1
2367,98
2367,233
2367,77
2367,181
2367,182
2368,0
2368,192
2368,98
2368,5
2368,234
2368,80
2368,185
2368,92
2369,0
2369,187
2369,70
2370,0
2370,187
2370,93
2371,0
2371,192
2371,5
2371,202
2371,183
2372,0
2372,1
2372,192
2372,202
2372,234
2372,80
2372,181
2372,61
2373,0
2373,202
2373,181
2374,0
2374,187
2375,0
2375,1
2375,192
2375,5
2375,202
2375,190
2376,0
2376,202
2376,76
2376,94
2377,184
2377,210
2377,182
2378,0
2378,1
2378,70
2378,201
2378,187
2379,0
2379,196
2379,5
2379,184
2379,61
2380,0
2380,1
2380,61
2380,190
2381,0
2381,1
2381,201
2381,202
2381,16
2381,184
2381,216
2382,0
2382,192
2382,5
2382,182
2382,190
2383,0
2383,5
2383,202
2383,187
2383,190
2384,0
2384,76
2384,16
2384,181
2384,92
2385,0
2385,233
2385,190
2385,192
2386,0
2386,1
2386,98
2386,201
2386,187
2387,0
2387,201
2387,184
2387,192
2388,0
2388,5
2388,201
2388,202
2388,16
2388,210
2388,57
2389,0
2389,5
2389,70
2389,234
2389,183
2389,190
2390,0
2390,182
2391,0
2391,185
2391,5
2391,192
2392,0
2392,187
2392,184
2392,216
2393,0
2393,16
2393,57
2393,183
2394,0
2394,5
2394,181
2394,182
2394,61
2395,0
2395,185
2395,77
2395,182
2396,184
2396,187
2396,182
2397,0
2397,192
2397,210
2397,56
2397,92
2397,190
2398,0
2398,1
2398,234
2398,16
2398,182
2398,187
2399,192
2399,1
2399,5
2399,187
2399,61
2399,190
2400,0
2400,5
2400,16
2400,182
2400,216
2401,0
2401,5
2401,201
2401,56
2401,185
2401,190
2402,192
2402,16
2402,0
2402,247
2403,0
2403,1
2403,192
2403,70
2403,234
2403,181
2403,184
2404,0
2404,1
2404,5
2404,74
2404,181
2404,184
2404,56
2404,187
2404,94
2405,0
2405,233
2405,183
2405,184
2405,185
2405,94
2405,95
2406,0
2406,202
2406,182
2406,183
2407,0
2407,1
2407,202
2407,181
2407,183
2408,0
2408,16
2408,202
2408,61
2409,0
2409,57
2409,190
2410,0
2410,1
2410,192
2410,5
2410,234
2410,183
2411,0
2411,183
2412,0
2412,201
2412,185
2412,187
2412,57
2413,0
2413,210
2413,202
2413,76
2414,0
2414,201
2414,233
2414,181
2415,0
2415,202
2415,187
2415,182
2416,0
2416,5
2416,202
2416,16
2416,184
2417,0
2417,1
2417,192
2417,234
2417,16
2417,92
2417,95
2418,0
2418,192
2418,5
2418,74
2418,16
2418,247
2418,185
2418,92
2418,57
2419,0
2419,196
2419,81
2419,182
2419,216
2419,187
2420,0
2420,16
2420,95
2420,192
2421,0
2421,201
2421,57
2421,183
2422,0
2422,5
2422,56
2422,187
2422,184
2423,0
2423,96
2423,5
2423,202
2423,234
2423,92
2424,0
2424,56
2424,184
2424,216
2425,0
2425,16
2425,233
2425,182
2426,0
2426,196
2426,201
2426,81
2426,184
2427,0
2427,192
2427,98
2427,233
2427,76
2427,16
2427,181
2427,182
2427,56
2427,93
2428,0
2428,192
2428,5
2428,201
2428,233
2428,185
2428,95
2429,0
2429,184
2429,192
2430,0
2430,1
2430,181
2430,183
2430,184
2431,0
2431,201
2431,76
2431,57
2432,0
2432,192
2432,98
2432,16
2432,56
2432,94
2432,190
2433,0
2433,183
2434,0
2434,181
2434,184
2434,57
2434,187
2435,0
2435,202
2435,196
2436,0
2436,1
2436,96
2436,196
2436,5
2436,201
2436,74
2436,183
2436,56
2436,95
2437,0
2437,201
2437,77
2437,94
2437,216
2437,185
2437,190
2438,0
2438,1
2438,16
2438,181
2438,93
2438,95
2439,0
2439,192
2439,5
2439,202
2439,183
2440,0
2440,192
2440,196
2440,201
2440,16
2440,80
2440,95
2441,233
2441,196
2441,70
2442,0
2442,202
2442,93
2442,185
2442,61
2442,95
2443,0
2443,81
2443,181
2443,183
2443,185
2443,57
2444,0
2444,183
2445,0
2445,5
2445,202
2445,247
2445,184
2445,187
2446,0
2446,1
2446,202
2446,16
2446,210
2446,182
2446,183
2447,16
2447,196
2447,182
2448,187
2448,181
2449,0
2449,202
2449,77
2449,183
2449,94
2450,0
2450,192
2450,1
2450,5
2450,76
2450,181
2450,187
2451,0
2451,201
2451,181
2452,0
2452,185
2452,56
2452,181
2453,0
2453,5
2453,234
2453,181
2453,183
2453,190
2454,0
2454,187
2454,61
2454,95
2455,0
2455,1
2455,196
2455,5
2455,80
2456,0
2456,202
2456,80
2456,185
2456,57
2457,0
2457,1
2457,202
2457,16
2457,184
2457,185
2458,0
2458,96
2458,81
2458,183
2458,190
2459,0
2459,1
2459,210
2459,192
2460,0
2460,5
2460,202
2460,16
2460,247
2460,92
2460,190
2461,0
2461,201
2461,202
2461,57
2462,0
2462,1
2462,70
2462,16
2462,187
2463,16
2463,1
2463,181
2463,190
2464,0
2464,1
2464,210
2464,192
2465,0
2465,16
2465,202
2465,247
2466,0
2466,5
2466,201
2466,202
2466,210
2466,187
2467,0
2467,76
2467,183
2467,57
2467,187
2468,0
2468,196
2468,5
2468,81
2468,56
2468,94
2468,93
2468,190
2469,0
2469,57
2469,98
2469,187
2470,0
2470,1
2470,196
2470,70
2470,77
2470,184
2470,187
2471,0
2471,1
2471,202
2471,16
2471,183
2472,0
2472,70
2472,74
2472,210
2472,182
2472,185
2473,0
2473,96
2473,98
2473,201
2473,181
2473,190
2474,0
2474,1
2474,233
2474,16
2474,183
2474,185
2474,57
2475,0
2475,185
2475,98
2476,0
2476,77
2476,190
2476,93
2476,94
2477,0
2477,1
2477,5
2477,201
2477,182
2477,57
2477,190
2478,0
2478,96
2478,98
2478,202
2478,74
2478,182
2478,247
2478,61
2479,0
2479,74
2479,234
2479,182
2479,93
2479,94
2480,0
2480,182
2481,0
2481,1
2481,202
2481,81
2481,182
2481,183
2482,0
2482,16
2482,182
2483,0
2483,181
2483,192
2484,0
2484,196
2484,70
2484,74
2484,183
2484,94
2484,93
2484,190
2485,0
2485,1
2485,16
2485,181
2485,183
2485,185
2485,247
2486,1
2486,201
2486,16
2486,210
2486,182
2487,184
2487,61
2487,5
2487,183
2488,0
2488,16
2488,234
2488,187
2489,0
2489,1
2489,183
2490,187
2490,77
2491,0
2491,5
2491,182
2491,184
2491,185
2492,0
2492,185
2492,61
2493,0
2493,1
2493,16
2493,57
2493,190
2494,0
2494,201
2494,216
2494,57
2494,187
2494,190
2495,0
2495,1
2495,96
2495,74
2495,183
2495,95
2496,0
2496,201
2496,234
2496,181
2496,183
2497,0
2497,185
2497,202
2497,182
2498,0
2498,5
2498,234
2498,16
2498,182
2498,185
2499,0
2499,201
2499,184
2499,192
2500,185
2500,202
2500,187
2501,0
2501,192
2501,98
2501,5
2501,201
2501,56
2501,187
2502,0
2502,5
2502,182
2502,183
2502,185
2502,247
2503,0
2503,192
2503,196
2503,181
2503,94
2503,95
2504,0
2504,5
2504,16
2504,181
2504,187
2504,190
2505,184
2505,201
2505,202
2505,1
2506,0
2506,192
2506,16
2506,80
2506,56
2507,184
2507,57
2507,202
2507,182
2508,0
2508,192
2508,80
2508,181
2508,184
2508,57
2509,0
2509,5
2509,16
2509,80
2509,181
2509,185
2509,61
2510,0
2510,196
2510,184
2510,76
2511,0
2511,196
2511,93
2511,182
2511,187
2511,61
2512,0
2512,1
2512,192
2512,181
2512,182
2513,1
2513,16
2513,80
2513,183
2513,187
2514,0
2514,16
2514,181
2514,94
2515,0
2515,185
2515,202
2515,182
2516,0
2516,196
2516,181
2516,182
2517,0
2517,187
2517,182
2518,0
2518,192
2518,210
2518,182
2518,187
2518,61
2519,0
2519,5
2519,182
2519,216
2519,185
2520,0
2520,5
2520,190
2521,0
2521,201
2521,76
2521,182
2522,0
2522,196
2522,5
2522,70
2522,182
2522,216
2523,0
2523,1
2523,196
2523,5
2523,74
2524,5
2524,233
2524,77
2524,185
2524,187
2524,92
2524,190
2525,0
2525,192
2525,98
2525,70
2525,74
2526,0
2526,201
2526,202
2526,16
2526,81
2526,210
2526,181
2526,94
2527,0
2527,1
2527,187
2528,0
2528,201
2528,192
2528,183
2529,0
2529,5
2529,16
2529,181
2529,57
2530,0
2530,1
2530,70
2530,181
2530,182
2530,184
2531,192
2531,201
2531,187
2531,1
2532,0
2532,1
2532,192
2532,16
2532,80
2532,57
2533,0
2533,57
2533,77
2533,192
2534,0
2534,202
2534,16
2534,182
2534,61
2535,0
2535,233
2535,80
2535,185
2535,57
2535,95
2536,0
2536,1
2536,192
2536,181
2536,185
2537,0
2537,192
2537,5
2537,202
2537,16
2538,0
2538,182
2539,0
2539,1
2539,192
2539,96
2539,76
2539,16
2539,210
2539,185
2539,57
2540,0
2540,98
2540,202
2540,80
2540,184
2540,187
2541,0
2541,98
2541,76
2541,16
2541,184
2541,57
2541,95
2542,0
2542,98
2542,70
2542,201
2542,77
2542,182
2542,92
2543,0
2543,201
2543,16
2544,0
2544,192
2544,5
2544,184
2544,185
2544,61
2545,0
2545,16
2545,196
2546,0
2546,192
2546,5
2546,76
2546,247
2546,61
2547,0
2547,196
2547,201
2547,202
2547,57
2548,0
2548,185
2548,5
2548,190
2549,0
2549,196
2549,234
2549,181
2549,185
2550,0
2550,192
2550,233
2550,181
2550,187
2551,0
2551,56
2551,182
2551,184
2552,0
2552,16
2552,202
2552,183
2553,0
2553,187
2553,70
2554,0
2554,202
2554,216
2555,0
2555,1
2555,70
2555,233
2555,190
2556,0
2556,1
2556,192
2556,196
2556,234
2556,187
2557,0
2557,201
2557,1
2557,183
2558,0
2558,201
2558,202
2558,56
2558,185
2559,0
2559,201
2559,233
2559,77
2559,93
2559,182
2559,184
2559,61
2559,95
2560,0
2560,185
2561,0
2561,16
2561,56
2561,185
2561,187
2562,0
2562,233
2562,81
2562,181
2562,185
2562,95
2563,0
2563,196
2563,70
2564,0
2564,16
2564,182
2564,190
2565,0
2565,192
2565,201
2565,76
2565,56
2565,187
2566,0
2566,196
2566,5
2566,16
2566,181
2567,0
2567,185
2567,181
2567,16
2568,0
2568,5
2568,181
2568,184
2568,57
2568,95
2569,0
2569,1
2569,202
2569,182
2569,184
2569,61
2570,0
2570,202
2570,16
2570,210
2570,185
2571,0
2571,233
2571,76
2571,182
2571,185
2572,56
2572,233
2572,202
2573,0
2573,196
2573,190
2573,184
2574,0
2574,1
2574,192
2574,70
2574,181
2574,183
2575,0
2575,185
2575,190
2575,192
2576,0
2576,233
2576,16
2576,181
2576,61
2576,190
2577,0
2577,1
2577,70
2577,233
2577,81
2577,187
2577,92
2577,95
2578,0
2578,16
2578,181
2578,1
2579,0
2579,1
2579,192
2579,98
2579,77
2579,16
2579,247
2579,92
2580,0
2580,201
2580,202
2580,74
2580,56
2580,93
2581,0
2581,196
2581,5
2581,182
2582,0
2582,192
2582,196
2582,70
2582,234
2582,190
2583,0
2583,1
2583,196
2583,201
2583,74
2583,57
2583,94
2584,0
2584,190
2584,247
2585,0
2585,16
2585,181
2585,192
2586,0
2586,16
2586,5
2586,192
2587,0
2587,77
2587,16
2587,181
2587,184
2587,185
2588,0
2588,1
2588,16
2588,81
2588,56
2588,187
2588,92
2588,94
2589,0
2589,182
2590,0
2590,185
2590,196
2590,190
2591,0
2591,196
2591,70
2592,0
2592,96
2592,201
2592,184
2592,61
2592,95
2593,0
2593,202
2593,5
2593,70
2594,0
2594,201
2594,190
2594,70
2595,0
2595,1
2595,181
2595,16
2596,0
2596,1
2596,5
2596,202
2596,74
2596,56
2596,187
2596,93
2596,94
2597,0
2597,181
2598,0
2598,192
2598,98
2598,196
2598,70
2598,80
2598,92
2598,190
2599,201
2599,80
2599,56
2599,187
2599,93
2600,0
2600,5
2600,77
2600,94
2600,184
2600,185
2600,190
2601,0
2601,1
2601,202
2601,57
2601,190
2602,0
2602,192
2602,196
2602,5
2602,181
2602,56
2603,0
2603,74
2603,181
2603,216
2604,184
2604,0
2604,196
2604,181
2605,0
2605,5
2605,201
2605,202
2605,16
2605,183
2606,0
2606,234
2606,187
2606,181
2607,192
2607,187
2607,77
2607,181
2608,56
2608,201
2608,196
2608,182
2609,0
2609,1
2609,190
2609,57
2610,0
2610,1
2610,96
2610,202
2610,81
2610,57
2610,93
2611,0
2611,192
2611,5
2611,70
2611,201
2611,16
2611,190
2612,0
2612,202
2612,182
2612,187
2612,61
2613,0
2613,192
2613,233
2613,16
2613,61
2614,184
2614,196
2615,0
2615,192
2615,196
2615,5
2615,201
2615,234
2615,16
2616,0
2616,201
2616,80
2616,56
2616,185
2616,92
2617,0
2617,192
2617,70
2617,77
2617,184
2618,0
2618,5
2618,233
2618,184
2618,185
2619,0
2619,196
2619,202
2619,16
2619,185
2620,0
2620,185
2620,187
2620,70
2621,0
2621,182
2622,0
2622,5
2622,181
2622,182
2622,57
2623,0
2623,5
2623,247
2623,184
2623,187
2623,93
2624,0
2624,233
2624,56
2624,182
2625,0
2625,190
2625,183
2626,0
2626,202
2626,210
2626,184
2626,56
2627,0
2627,201
2627,80
2627,182
2627,185
2627,61
2628,0
2628,192
2628,202
2628,77
2628,184
2628,94
2629,0
2629,201
2629,181
2629,182
2629,57
2630,0
2630,196
2630,5
2630,16
2630,61
2631,0
2631,5
2631,70
2631,77
2631,185
2631,93
2632,0
2632,1
2632,192
2632,196
2632,16
2632,57
2632,187
2633,0
2633,1
2633,196
2633,201
2633,16
2634,0
2634,181
2635,0
2635,96
2635,70
2635,74
2635,184
2635,92
2636,0
2636,16
2636,1
2636,192
2637,0
2637,192
2637,76
2637,181
2637,182
2637,61
2637,95
2638,0
2638,187
2638,184
2638,247
2639,0
2639,247
2639,184
2639,185
2639,190
2640,192
2640,202
2640,181
2641,0
2641,201
2641,181
2642,0
2642,1
2642,192
2642,98
2642,96
2642,5
2642,233
2642,184
2642,57
2643,0
2643,196
2643,77
2643,181
2643,190
2644,0
2644,185
2644,181
2644,247
2645,0
2645,5
2645,70
2645,16
2645,183
2645,185
2646,0
2646,196
2646,201
2646,182
2646,56
2647,0
2647,196
2647,61
2647,192
2648,0
2648,201
2648,234
2648,196
2649,0
2649,192
2649,5
2649,183
2649,216
2649,185
2650,0
2650,96
2650,202
2650,77
2650,16
2650,210
2650,184
2650,94
2651,0
2651,16
2651,183
2652,0
2652,192
2652,5
2652,16
2652,210
2652,181
2653,0
2653,185
2653,234
2653,187
2654,0
2654,201
2654,182
2654,247
2654,190
2654,95
2655,184
2655,185
2655,187
2656,0
2656,57
2656,202
2656,234
2657,0
2657,96
2657,98
2657,196
2657,70
2657,74
2658,0
2658,1
2658,182
2658,187
2658,190
2659,0
2659,196
2659,70
2659,201
2659,187
2660,0
2660,1
2660,201
2660,57
2660,187
2661,0
2661,1
2661,192
2661,5
2661,77
2661,181
2661,57
2662,185
2662,5
2662,1
2662,247
2663,0
2663,1
2663,5
2663,181
2664,0
2664,233
2664,80
2664,196
2665,0
2665,70
2665,182
2665,184
2665,190
2665,216
2666,0
2666,81
2666,216
2666,185
2666,92
2667,0
2667,1
2667,196
2667,202
2667,182
2667,247
2668,0
2668,192
2668,96
2668,5
2668,201
2668,76
2668,16
2668,182
2669,0
2669,1
2669,234
2669,181
2669,56
2669,190
2670,0
2670,201
2670,74
2670,93
2670,183
2670,92
2670,61
2671,0
2671,185
2671,183
2672,0
2672,5
2672,74
2672,16
2672,181
2672,183
2672,56
2673,0
2673,201
2673,183
2673,56
2673,216
2674,0
2674,187
2675,0
2675,1
2675,5
2675,185
2675,187
2675,93
2675,190
2676,0
2676,1
2676,70
2676,16
2676,187
2676,190
2677,0
2677,61
2677,184
2677,183
2678,0
2678,196
2678,5
2678,16
2678,184
2678,56
2678,190
2679,0
2679,234
2679,181
2679,184
2679,187
2679,61
2680,233
2680,183
2681,0
2681,182
2681,247
2682,0
2682,202
2682,92
2682,5
2683,0
2683,98
2683,70
2683,210
2683,181
2683,187
2684,0
2684,98
2684,5
2684,233
2684,77
2684,182
2684,183
2685,98
2685,233
2685,202
2685,16
2685,80
2685,184
2685,187
2686,0
2686,184
2687,0
2687,1
2687,81
2687,184
2687,190
2688,0
2688,201
2688,202
2688,16
2688,184
2689,0
2689,1
2689,70
2689,76
2689,181
2689,190
2690,0
2690,202
2690,181
2690,216
2690,190
2691,0
2691,81
2691,181
2691,182
2691,184
2692,0
2692,192
2692,5
2692,182
2692,216
2692,61
2693,0
2693,185
2693,1
2693,247
2694,0
2694,1
2694,181
2694,185
2694,187
2695,0
2695,1
2695,196
2696,184
2696,81
2696,182
2696,192
2697,0
2697,96
2697,196
2697,201
2697,202
2697,234
2698,0
2698,192
2698,196
2698,76
2698,183
2699,0
2699,201
2700,0
2700,196
2700,61
2700,185
2700,93
2701,0
2701,5
2701,233
2701,16
2701,80
2701,182
2701,57
2701,95
2702,0
2702,192
2702,201
2702,233
2702,185
2703,0
2703,16
2703,202
2703,187
2704,0
2704,202
2704,210
2704,182
2704,57
2704,187
2705,0
2705,5
2705,210
2705,181
2705,190
2706,0
2706,1
2706,5
2706,187
2706,61
2707,94
2707,190
2708,0
2708,185
2708,196
2709,0
2709,192
2710,0
2710,202
2710,234
2710,181
2711,0
2711,192
2711,98
2711,196
2711,77
2711,56
2711,94
2711,184
2712,0
2712,202
2712,77
2712,210
2712,183
2712,190
2713,0
2713,202
2713,187
2713,190
2714,0
2714,201
2714,16
2714,181
2714,182
2714,56
2715,0
2715,185
2715,80
2715,190
2716,0
2716,1
2716,192
2716,5
2716,202
2716,181
2717,0
2717,234
2717,16
2717,183
2717,184
2718,0
2718,201
2718,77
2718,16
2718,185
2718,187
2719,0
2719,1
2719,196
2719,77
2719,57
2719,187
2719,190
2720,16
2720,185
2720,98
2720,183
2721,0
2721,16
2721,234
2721,192
2722,0
2722,96
2722,5
2722,201
2722,16
2722,210
2722,181
2722,187
2722,61
2722,95
2723,0
2723,233
2723,181
2723,183
2724,0
2724,185
2725,192
2725,70
2725,74
2725,210
2725,183
2725,190
2726,0
2726,185
2726,74
2727,0
2727,1
2727,201
2727,234
2727,182
2727,183
2727,57
2727,92
2727,93
2728,0
2728,98
2728,5
2728,202
2728,234
2728,182
2728,185
2728,92
2728,57
2729,0
2729,1
2729,187
2729,216
2730,0
2730,16
2730,182
2730,57
2731,0
2731,1
2731,196
2731,181
2731,247
2731,184
2731,56
2732,0
2732,1
2732,196
2733,0
2733,192
2733,70
2733,16
2733,216
2734,0
2734,185
2734,183
2735,0
2735,196
2735,202
2735,56
2735,190
2736,184
2736,0
2736,234
2736,5
2737,0
2737,192
2737,16
2737,182
2737,216
2737,187
2737,61
2738,0
2738,98
2738,5
2738,201
2738,202
2738,185
2738,92
2739,0
2739,1
2739,192
2739,181
2739,184
2740,0
2740,184
2740,216
2741,0
2741,210
2741,93
2741,181
2741,183
2741,61
2742,0
2742,196
2742,202
2742,16
2742,182
2742,57
2743,0
2743,187
2743,182
2744,0
2744,81
2744,196
2744,182
2745,0
2745,201
2745,234
2745,16
2745,184
2745,57
2746,0
2746,202
2746,16
2746,182
2746,216
2746,61
2747,0
2747,185
2747,16
2748,0
2748,16
2748,196
2748,184
2749,0
2749,185
2749,94
2749,95
2750,0
2750,185
2750,202
2750,196
2751,0
2751,185
2751,247
2752,0
2752,1
2752,192
2752,5
2752,187
2752,190
2753,0
2753,1
2753,202
2753,181
2754,0
2754,1
2754,202
2754,187
2755,0
2755,70
2755,16
2755,210
2755,181
2755,185
2756,0
2756,57
2756,184
2757,0
2757,76
2757,181
2757,247
2757,61
2758,0
2758,185
2758,202
2758,182
2759,0
2759,56
2759,182
2760,0
2760,1
2760,192
2760,5
2760,76
2760,216
2761,0
2761,5
2761,202
2761,77
2761,181
2761,216
2761,185
2762,0
2762,1
2762,201
2762,77
2762,92
2762,93
2763,0
2763,202
2763,234
2763,16
2763,181
2763,190
2764,0
2764,1
2764,184
2765,233
2765,81
2765,181
2765,183
2765,187
2765,94
2766,0
2766,233
2766,202
2766,183
2766,185
2766,61
2767,0
2767,202
2767,61
2767,183
2768,0
2768,196
2768,70
2768,247
2768,190
2769,0
2769,190
2769,183
2770,0
2770,1
2770,181
2770,182
2770,187
2771,0
2771,210
2771,187
2772,0
2772,5
2772,202
2772,16
2772,182
2772,57
2773,0
2773,1
2773,196
2773,5
2773,234
2774,0
2774,16
2774,181
2774,184
2775,1
2775,234
2775,185
2775,190
2775,94
2776,0
2776,201
2776,16
2777,56
2777,1
2777,202
2777,182
2778,0
2778,182
2778,190
2778,183
2779,0
2779,57
2779,202
2779,190
2780,0
2780,187
2780,182
2780,190
2781,0
2781,98
2781,202
2781,77
2781,182
2781,247
2781,184
2781,92
2781,61
2782,0
2782,16
2782,57
2782,183
2783,0
2783,181
2783,184
2783,192
2784,0
2784,16
2784,187
2784,70
2785,0
2785,210
2785,181
2785,192
2786,0
2786,1
2786,16
2786,182
2786,183
2786,92
2786,95
2787,0
2787,192
2787,70
2787,16
2787,81
2787,93
2787,94
2788,0
2788,16
2788,202
2788,184
2789,0
2789,181
2789,184
2789,57
2789,216
2790,0
2790,182
2791,0
2791,201
2791,181
2791,247
2791,56
2791,184
2792,0
2792,81
2792,185
2792,187
2792,57
2793,0
2793,196
2793,201
2793,16
2793,184
2794,0
2794,234
2794,202
2794,74
2794,181
2795,0
2795,202
2795,182
2796,0
2796,1
2796,196
2796,183
2796,187
2797,0
2797,1
2797,70
2797,210
2797,182
2797,185
2797,190
2798,0
2798,61
2798,190
2798,184
2799,0
2799,5
2799,70
2799,233
2799,182
2800,196
2800,201
2800,74
2800,16
2800,181
2800,247
2800,61
2801,0
2801,233
2801,202
2801,16
2801,182
2801,190
2802,0
2802,1
2802,202
2802,182
2803,0
2803,192
2803,201
2803,81
2803,185
2803,61
2804,0
2804,196
2804,5
2804,184
2805,0
2805,1
2805,96
2805,201
2805,80
2805,182
2805,185
2805,61
2806,0
2806,16
2806,56
2806,187
2807,0
2807,1
2807,5
2807,181
2807,183
2807,190
2808,0
2808,192
2808,5
2808,202
2808,77
2808,187
2809,0
2809,192
2809,196
2809,56
2809,187
2810,0
2810,70
2810,182
2811,0
2811,96
2811,70
2811,182
2811,185
2811,93
2811,190
2812,1
2812,201
2812,202
2812,183
2812,56
2813,0
2813,182
2814,0
2814,196
2814,16
2814,183
2814,185
2815,0
2815,182
2815,184
2816,192
2816,202
2816,61
2816,181
2817,0
2817,1
2817,5
2817,234
2817,181
2818,0
2818,61
2818,182
2818,183
2819,0
2819,81
2819,181
2819,183
2819,92
2819,95
2820,0
2820,201
2820,210
2820,183
2820,57
2821,0
2821,96
2821,16
2821,81
2821,183
2821,61
2821,190
2822,0
2822,182
2823,0
2823,5
2823,181
2824,0
2824,192
2824,196
2824,76
2824,16
2824,247
2824,61
2825,0
2825,201
2825,96
2826,0
2826,96
2826,196
2826,16
2826,187
2826,93
2827,0
2827,184
2828,1
2828,5
2828,181
2828,247
2828,56
2829,0
2829,5
2829,181
2829,56
2829,185
2829,216
2830,0
2830,210
2830,182
2830,184
2830,185
2830,61
2831,0
2831,201
2831,182
2832,0
2832,74
2832,187
2832,181
2833,0
2833,1
2833,192
2833,80
2833,187
2834,0
2834,196
2834,70
2834,74
2834,184
2834,187
2835,1
2835,5
2835,70
2835,185
2835,93
2835,95
2836,0
2836,201
2836,234
2836,183
2837,0
2837,192
2837,196
2837,5
2837,202
2837,16
2838,0
2838,5
2838,70
2838,202
2838,16
2838,210
2839,0
2839,56
2839,192
2840,98
2840,5
2840,70
2840,74
2840,181
2840,216
2840,94
2841,0
2841,1
2841,210
2841,181
2842,0
2842,192
2842,202
2842,16
2842,56
2842,187
2843,0
2843,1
2843,202
2844,0
2844,196
2844,184
2844,192
2845,0
2845,185
2845,233
2845,181
2846,0
2846,1
2846,202
2846,184
2846,187
2847,0
2847,1
2847,70
2847,201
2847,202
2847,81
2847,247
2848,0
2848,196
2848,182
2849,5
2849,202
2849,77
2849,16
2849,92
2849,93
2850,0
2850,202
2850,70
2851,0
2851,1
2851,96
2851,81
2851,182
2851,184
2851,187
2851,93
2852,0
2852,1
2852,201
2852,16
2852,210
2852,190
2853,0
2853,98
2853,196
2853,5
2853,184
2853,94
2853,190
2854,0
2854,192
2854,202
2854,81
2854,190
2855,0
2855,182
2856,0
2856,5
2856,202
2856,210
2856,57
2857,0
2857,57
2857,5
2857,181
2858,1
2858,196
2858,210
2858,183
2858,184
2859,0
2859,1
2859,202
2859,70
2860,0
2860,57
2860,216
2860,183
2861,0
2861,202
2861,196
2861,182
2862,0
2862,201
2862,5
2862,16
2863,0
2863,192
2863,76
2863,183
2863,185
2863,93
2864,0
2864,201
2864,182
2864,184
2865,0
2865,57
2865,187
2865,182
2866,0
2866,16
2866,216
2866,185
2866,57
2867,0
2867,5
2867,201
2867,202
2867,190
2868,0
2868,1
2868,5
2868,202
2868,181
2868,182
2869,0
2869,182
2870,0
2870,16
2870,5
2870,182
2871,0
2871,181
2872,0
2872,201
2872,202
2872,76
2872,210
2872,184
2872,92
2872,61
2872,95
2873,0
2873,80
2873,182
2874,0
2874,98
2874,202
2874,76
2874,184
2874,93
2874,190
2875,0
2875,184
2876,0
2876,181
2876,184
2876,56
2876,190
2877,0
2877,16
2877,190
2877,216
2878,0
2878,1
2878,196
2878,5
2878,233
2878,94
2878,92
2878,61
2878,190
2879,0
2879,5
2879,76
2879,182
2879,183
2879,56
2879,187
2880,0
2880,196
2880,5
2880,202
2880,80
2881,0
2881,1
2881,234
2881,183
2881,187
2881,190
2882,0
2882,1
2882,182
2882,16
2883,0
2883,192
2883,5
2883,16
2883,183
2884,0
2884,187
2884,61
2884,247
2885,0
2885,5
2885,201
2885,16
2885,181
2885,247
2885,190
2886,0
2886,98
2886,5
2886,80
2886,247
2886,185
2886,92
2886,57
2887,0
2887,187
2888,0
2888,16
2888,196
2888,190
2889,0
2889,201
2889,56
2889,184
2890,0
2890,201
2890,182
2891,184
2891,201
2891,61
2891,1
2892,187
2892,182
2893,0
2893,1
2893,201
2893,181
2893,56
2893,190
2894,0
2894,210
2894,187
2894,181
2895,0
2895,76
2895,16
2895,183
2895,187
2896,0
2896,201
2896,185
2896,182
2897,0
2897,81
2897,182
2898,0
2898,96
2898,5
2898,192
2899,0
2899,185
2899,181
2899,192
2900,0
2900,1
2900,196
2900,183
2900,185
2901,0
2901,1
2901,182
2902,0
2902,192
2903,0
2903,76
2903,216
2903,56
2903,187
2903,92
2903,190
2903,95
2904,0
2904,1
2904,182
2904,183
2904,56
2905,0
2905,70
2905,202
2905,81
2905,181
2905,182
2906,0
2906,1
2906,5
2906,192
2907,0
2907,5
2907,201
2907,202
2907,182
2908,0
2908,16
2908,184
2908,185
2908,187
2909,0
2909,16
2909,190
2909,184
2910,0
2910,56
2910,202
2910,187
2911,0
2911,16
2911,202
2911,233
2912,0
2912,1
2912,183
2912,184
2912,185
2912,56
2912,247
2913,0
2913,202
2913,234
2913,61
2914,0
2914,192
2914,80
2914,181
2914,183
2915,192
2915,81
2915,182
2915,183
2915,95
2916,0
2916,1
2916,81
2916,184
2916,57
2916,187
2916,94
2916,95
2917,201
2917,247
2917,181
2917,183
2918,0
2918,201
2918,181
2918,1
2919,0
2919,16
2919,183
2920,0
2920,201
2920,234
2921,0
2921,74
2921,192
2922,0
2922,1
2922,201
2922,202
2922,74
2922,16
2923,0
2923,16
2923,181
2923,182
2924,0
2924,5
2924,201
2924,202
2924,76
2924,56
2925,0
2925,1
2925,95
2925,192
2926,16
2926,1
2926,61
2926,190
2927,0
2927,1
2927,201
2927,80
2927,183
2927,92
2928,0
2928,16
2928,61
2928,190
2929,0
2929,196
2929,184
2929,192
2930,0
2930,5
2930,16
2930,182
2930,56
2930,187
2931,0
2931,5
2931,201
2931,233
2931,57
2932,192
2932,190
2933,0
2933,1
2933,196
2933,5
2933,202
2933,190
2934,0
2934,202
2934,74
2934,16
2934,210
2934,94
2935,0
2935,1
2935,202
2935,16
2935,182
2935,183
2935,57
2935,95
2936,0
2936,80
2936,61
2936,182
2937,0
2937,185
2937,190
2937,192
2938,0
2938,57
2938,77
2938,184
2939,210
2939,187
2939,70
2939,183
2940,0
2940,201
2940,183
2940,61
2940,190
2941,0
2941,181
2942,0
2942,5
2942,201
2942,16
2942,184
2942,185
2943,0
2943,190
2944,0
2944,81
2944,190
2944,192
2945,0
2945,185
2946,0
2946,1
2946,192
2946,233
2946,181
2946,93
2946,95
2947,56
2947,185
2948,0
2948,1
2948,201
2948,202
2948,16
2948,190
2949,0
2949,192
2949,5
2949,70
2949,234
2949,16
2950,0
2950,56
2950,5
2950,192
2951,0
2951,93
2951,184
2951,192
2952,16
2952,185
2952,187
2952,233
2953,0
2953,1
2953,196
2953,182
2953,185
2954,0
2954,201
2954,16
2955,5
2955,201
2955,234
2955,16
2955,182
2955,183
2956,0
2956,5
2956,234
2956,16
2956,183
2956,184
2956,57
2956,187
2957,0
2957,196
2958,0
2958,201
2958,187
2958,196
2959,0
2959,187
2959,183
2960,0
2960,196
2960,81
2960,181
2960,182
2961,0
2961,1
2961,196
2961,182
2962,0
2962,1
2962,80
2962,181
2962,183
2962,187
2963,0
2963,74
2963,187
2963,92
2963,95
2964,0
2964,192
2964,196
2964,5
2964,70
2965,0
2965,182
2965,192
2966,0
2966,192
2966,196
2966,16
2966,181
2966,57
2967,0
2967,201
2967,196
2967,181
2968,56
2968,187
2968,183
2969,0
2969,16
2969,202
2969,210
2970,0
2970,1
2970,202
2970,56
2970,92
2970,95
2971,0
2971,1
2971,5
2971,182
2972,0
2972,192
2972,201
2972,16
2972,93
2973,0
2973,1
2973,70
2973,210
2973,184
2974,0
2974,185
2974,187
2974,57
2975,0
2975,98
2975,5
2975,202
2975,80
2975,95
2976,0
2976,74
2976,184
2976,56
2976,187
2976,190
2977,0
2977,5
2977,202
2977,183
2977,184
2978,0
2978,77
2978,16
2978,187
2978,190
2979,0
2979,185
2979,187
2979,61
2980,0
2980,196
2980,183
2980,184
2980,57
2981,0
2981,1
2981,202
2981,16
2981,182
2981,183
2982,0
2982,202
2983,0
2983,184
2983,247
2984,0
2984,1
2984,16
2984,57
2984,187
2985,0
2985,185
2985,61
2985,16
2986,0
2986,1
2986,202
2987,0
2987,1
2987,192
2987,181
2987,185
2988,0
2988,98
2988,70
2988,77
2988,210
2988,183
2988,185
2988,93
2989,0
2989,1
2989,192
2989,202
2989,77
2989,190
2990,0
2990,16
2990,192
2991,0
2991,187
2991,192
2992,0
2992,201
2992,16
2992,184
2992,185
2993,0
2993,196
2993,70
2993,16
2993,81
2994,0
2994,181
2994,56
2994,185
2994,184
2995,0
2995,56
2995,184
2995,183
2996,0
2996,196
2996,201
2996,81
2996,183
2996,56
2997,0
2997,196
2997,192
2998,0
2998,192
2998,80
2998,181
2998,56
2998,185
2998,94
2999,0
2999,5
2999,81
2999,210
2999,93
2999,182
2999,184
2999,61
2999,190
3000,98
3000,5
3000,16
3000,183
3000,185
3001,0
3001,196
3001,76
3001,16
3001,181
3001,184
3001,92
3001,94
3002,0
3002,192
3003,192
3003,1
3004,0
3004,187
3005,0
3005,202
3005,70
3005,183
3006,0
3006,1
3006,233
3006,184
3007,0
3007,81
3007,183
3008,0
3008,5
3008,16
3008,181
3008,61
3009,0
3009,80
3009,210
3009,183
3009,185
3009,94
3009,95
3010,0
3010,74
3010,181
3011,0
3011,77
3011,181
3011,184
3011,185
3012,0
3012,201
3012,184
3013,0
3013,192
3013,96
3013,5
3013,187
3013,61
3014,0
3014,5
3014,81
3014,183
3014,57
3015,0
3015,94
3015,93
3015,190
3016,0
3016,192
3016,5
3016,201
3016,183
3016,247
3017,0
3017,1
3017,5
3017,192
3018,0
3018,16
3018,182
3018,247
3019,0
3019,192
3019,196
3019,201
3019,74
3020,0
3020,185
3020,192
3021,0
3021,1
3021,192
3021,181
3021,183
3022,0
3022,5
3022,77
3022,210
3022,184
3022,185
3022,92
3022,57
3023,0
3023,196
3023,77
3023,190
3024,0
3024,96
3024,5
3024,56
3024,184
3024,95
3025,0
3025,233
3025,16
3025,184
3025,190
3026,0
3026,96
3026,201
3026,77
3026,182
3027,0
3027,16
3027,80
3027,196
3028,0
3028,185
3028,56
3028,247
3029,16
3029,0
3029,202
3029,182
3030,0
3030,1
3030,196
3030,5
3030,201
3030,182
3030,57
3031,0
3031,1
3031,234
3031,184
3032,0
3032,192
3032,196
3032,5
3032,16
3032,187
3032,61
3033,0
3033,181
3033,182
3033,57
3033,190
3034,0
3034,196
3034,5
3034,74
3034,183
3034,61
3034,190
3035,0
3035,185
3035,1
3035,183
3036,0
3036,184
3036,192
3037,196
3037,5
3037,202
3037,16
3037,56
3037,185
3038,0
3038,5
3038,16
3038,187
3038,95
3039,0
3039,201
3039,202
3039,16
3040,81
3040,185
3040,187
3041,0
3041,201
3041,233
3041,1
3042,0
3042,201
3043,0
3043,233
3043,202
3043,5
3044,0
3044,192
3044,5
3044,201
3044,202
3044,61
3045,0
3045,201
3045,70
3046,0
3046,96
3046,98
3046,181
3046,57
3046,187
3047,0
3047,185
3047,233
3047,16
3048,0
3048,1
3048,192
3048,5
3048,202
3048,183
3049,0
3049,1
3049,233
3049,81
3049,182
3050,216
3050,201
3050,183
3051,0
3051,1
3051,70
3051,201
3051,74
3051,16
3051,181
3051,187
3051,93
3051,94
3052,0
3052,187
3052,196
3052,182
3053,0
3053,5
3053,202
3053,16
3053,93
3053,95
3054,0
3054,70
3054,202
3054,183
3054,187
3055,0
3055,1
3055,190
3055,182
3056,0
3056,201
3056,202
3056,16
3056,185
3057,0
3057,5
3057,182
3057,184
3057,56
3057,187
3058,0
3058,16
3058,182
3058,56
3058,190
3059,185
3059,202
3059,187
3059,1
3060,0
3060,96
3060,196
3060,187
3060,94
3061,0
3061,196
3061,190
3062,0
3062,16
3062,182
3063,16
3063,185
3063,5
3063,183
3064,0
3064,70
3064,16
3064,181
3064,182
3065,0
3065,182
3065,183
3065,56
3065,185
3066,0
3066,1
3066,80
3066,196
3067,0
3067,202
3067,181
3068,0
3068,192
3068,76
3068,183
3068,190
3069,0
3069,196
3069,5
3069,80
3069,182
3069,56
3069,190
3069,95
3070,0
3070,5
3070,234
3070,81
3070,185
3071,0
3071,1
3071,202
3071,56
3071,185
3071,187
3072,0
3072,1
3072,201
3072,202
3072,16
3072,184
3073,0
3073,201
3073,190
3073,182
3074,0
3074,190
3075,0
3075,202
3075,16
3075,210
3075,57
3076,192
3076,0
3076,5
3076,184
3076,190
3077,0
3077,96
3077,202
3077,80
3077,210
3077,93
3078,0
3078,233
3078,98
3078,190
3079,0
3079,1
3079,5
3079,233
3079,202
3079,76
3079,183
3080,0
3080,192
3080,247
3080,185
3080,190
3081,196
3082,0
3082,98
3082,202
3082,74
3082,94
3083,0
3083,234
3083,183
3084,0
3084,190
3084,183
3085,0
3085,210
3085,202
3086,0
3086,196
3086,5
3086,182
3086,94
3087,0
3087,201
3087,196
3087,1
3088,184
3088,94
3088,247
3089,0
3089,1
3089,98
3089,182
3089,57
3090,1
3090,201
3090,247
3090,184
3090,185
3091,0
3091,187
3091,190
3091,192
3092,0
3092,196
3092,234
3092,181
3092,56
3093,0
3093,185
3093,183
3094,0
3094,185
3095,0
3095,5
3095,233
3095,56
3095,190
3096,0
3096,61
3096,184
3097,0
3097,181
3098,0
3098,1
3098,61
3098,181
3099,0
3099,202
3100,0
3100,185
3100,74
3101,0
3101,201
3101,77
3101,181
3101,185
3101,92
3102,0
3102,57
3102,187
3102,184
3103,0
3103,1
3103,234
3103,77
3103,56
3103,190
3103,95
3104,0
3104,1
3104,81
3104,181
3104,183
3105,0
3105,181
3106,192
3106,1
3106,98
3106,202
3106,182
3106,216
3106,57
3107,0
3107,181
3108,0
3108,202
3108,81
3108,181
3108,56
3108,93
3108,190
3108,95
3109,0
3109,202
3109,16
3109,183
3109,187
3110,0
3110,57
3110,182
3110,184
3111,247
3111,196
3111,61
3111,76
3112,0
3112,201
3112,187
3112,70
3113,0
3113,74
3113,183
3113,184
3113,61
3113,95
3114,0
3114,187
3114,216
3115,0
3115,1
3115,16
3115,182
3115,61
3115,190
3115,95
3116,0
3116,16
3116,233
3116,182
3117,0
3117,1
3117,202
3117,182
3118,0
3118,1
3118,192
3118,202
3118,190
3119,0
3119,196
3119,202
3119,16
3119,187
3120,0
3120,192
3120,16
3120,81
3120,184
3120,92
3120,190
3120,95
3121,0
3121,185
3121,56
3121,1
3122,1
3122,5
3122,202
3122,74
3122,182
3123,0
3123,1
3123,98
3123,196
3123,234
3123,80
3123,184
3123,185
3123,92
3123,57
3124,201
3124,183
3125,0
3125,201
3125,56
3125,210
3126,0
3126,1
3126,16
3126,182
3126,187
3126,190
3127,0
3127,98
3127,201
3127,16
3127,185
3128,0
3128,196
3128,184
3128,247
3129,0
3129,192
3129,1
3129,5
3129,202
3129,74
3129,190
3130,0
3130,185
3130,181
3131,0
3131,1
3131,234
3131,183
3131,187
3132,0
3132,56
3132,181
3132,192
3133,0
3133,57
3133,234
3133,181
3134,0
3134,76
3134,16
3134,181
3134,182
3134,190
3135,0
3135,196
3135,201
3135,16
3135,182
3136,0
3136,192
3136,70
3136,181
3136,183
3136,247
3137,0
3137,192
3137,5
3137,181
3137,247
3137,187
3138,0
3138,5
3138,183
3138,185
3138,187
3139,0
3139,196
3139,5
3139,70
3139,182
3139,190
3140,0
3140,1
3140,196
3140,5
3140,201
3140,187
3140,61
3141,0
3141,201
3141,210
3141,57
3142,0
3142,5
3142,181
3142,216
3142,185
3143,0
3143,1
3143,196
3143,181
3144,0
3144,16
3144,181
3144,183
3145,0
3145,5
3145,16
3145,182
3145,216
3146,0
3146,184
3147,0
3147,192
3147,96
3147,5
3147,202
3147,76
3148,0
3148,70
3148,183
3149,0
3149,16
3149,190
3150,0
3150,185
3150,74
3150,98
3151,0
3151,98
3151,70
3151,233
3151,183
3152,0
3152,234
3152,187
3153,0
3153,192
3153,183
3154,0
3154,57
3154,5
3154,183
3155,0
3155,216
3155,181
3155,183
3156,0
3156,1
3156,201
3156,76
3156,93
3156,185
3156,61
3156,94
3157,0
3157,5
3157,201
3157,16
3157,185
3158,0
3158,202
3158,76
3158,181
3159,0
3159,70
3159,202
3159,185
3159,187
3160,0
3160,185
3160,210
3160,16
3161,0
3161,202
3161,56
3162,0
3162,1
3162,182
3162,185
3162,95
3163,0
3163,5
3163,16
3163,184
3163,57
3164,0
3164,1
3164,5
3164,70
3164,181
3164,187
3165,0
3165,192
3165,201
3165,182
3165,57
3165,95
3166,1
3166,5
3166,70
3166,182
3166,185
3167,0
3167,196
3167,80
3167,185
3167,92
3167,94
3167,57
3168,0
3168,1
3168,202
3168,233
3169,1
3169,201
3169,234
3169,182
3169,187
3170,0
3170,1
3170,5
3170,184
3170,61
3171,0
3171,192
3171,196
3171,5
3171,76
3171,182
3172,0
3172,201
3172,202
3172,16
3172,181
3172,57
3173,0
3173,96
3173,196
3173,74
3173,185
3173,93
3174,0
3174,96
3174,192
3174,5
3174,202
3174,94
3175,0
3175,196
3175,16
3175,80
3175,185
3175,92
3175,93
3175,190
3175,57
3176,0
3176,5
3176,16
3176,184
3176,185
3177,0
3177,201
3177,16
3177,183
3177,216
3177,61
3178,192
3178,185
3178,196
3178,5
3179,0
3179,1
3179,5
3179,201
3179,202
3179,184
3180,0
3180,196
3180,5
3180,16
3180,184
3180,185
3181,0
3181,187
3181,61
3182,0
3182,196
3182,181
3182,70
3183,0
3183,16
3183,181
3183,56
3183,185
3184,0
3184,196
3184,5
3184,202
3184,16
3184,181
3185,0
3185,196
3185,202
3185,234
3185,16
3185,185
3186,0
3186,182
3186,187
3186,93
3186,190
3186,95
3187,0
3187,185
3187,216
3188,0
3188,57
3188,187
3188,196
3189,0
3189,5
3189,16
3189,80
3189,184
3189,187
3189,93
3189,94
3190,0
3190,196
3190,233
3190,56
3190,187
3190,190
3191,0
3191,16
3191,187
3191,1
3192,0
3192,201
3192,181
3193,0
3193,70
3193,184
3194,0
3194,202
3194,5
3195,0
3195,192
3195,76
3195,16
3195,184
3195,95
3196,0
3196,201
3196,183
3196,216
3196,184
3197,0
3197,96
3197,202
3197,16
3197,80
3197,57
3197,95
3198,0
3198,1
3198,192
3198,196
3198,80
3198,181
3199,0
3199,196
3199,5
3199,16
3199,182
3199,247
3200,0
3200,1
3200,192
3200,182
3200,184
3200,61
3201,0
3201,16
3201,81
3201,182
3201,183
3201,247
3201,190
3202,0
3202,185
3202,5
3202,182
3203,0
3203,1
3203,196
3203,201
3203,16
3203,183
3204,0
3204,5
3204,77
3204,181
3204,184
3205,0
3205,192
3205,80
3205,187
3205,190
3206,0
3206,1
3206,196
3206,181
3206,247
3206,184
3206,57
3207,0
3207,196
3207,80
3207,181
3207,187
3207,61
3208,0
3208,201
3208,61
3208,183
3209,201
3209,234
3209,196
3210,0
3210,1
3210,192
3210,201
3210,16
3211,0
3211,196
3211,16
3211,80
3211,182
3211,185
3211,61
3211,94
3212,0
3212,196
3212,181
3212,192
3213,0
3213,16
3213,233
3213,183
3214,0
3214,1
3214,5
3214,190
3215,0
3215,1
3215,70
3215,202
3215,247
3216,0
3216,196
3216,77
3216,182
3216,187
3217,0
3217,56
3217,196
3217,5
3218,0
3218,5
3218,181
3218,57
3218,187
3218,190
3219,0
3219,98
3219,202
3219,76
3219,57
3219,93
3220,0
3220,196
3220,16
3220,184
3220,57
3221,0
3221,5
3221,181
3222,1
3222,202
3222,16
3222,181
3222,183
3222,61
3222,94
3223,0
3223,183
3223,247
3223,185
3223,190
3224,0
3224,185
3224,57
3225,0
3225,96
3225,201
3225,80
3225,183
3225,56
3226,0
3226,201
3226,181
3226,16
3227,0
3227,1
3227,196
3227,184
3227,190
3227,216
3228,0
3228,201
3228,1
3228,70
3229,0
3229,1
3229,77
3229,182
3229,57
3229,93
3229,190
3230,0
3230,5
3230,196
3230,181
3231,0
3231,70
3231,201
3231,77
3231,181
3231,92
3231,93
3232,0
3232,201
3232,202
3232,184
3233,0
3233,192
3233,70
3233,77
3233,182
3233,183
3234,0
3234,190
3235,0
3235,76
3235,16
3235,182
3235,185
3236,0
3236,185
3236,190
3236,182
3237,0
3237,5
3237,202
3237,77
3237,187
3238,0
3238,1
3238,192
3238,70
3238,202
3238,80
3238,94
3238,95
3239,16
3239,182
3239,183
3239,57
3239,190
3239,95
3240,0
3240,196
3240,185
3240,187
3240,61
3241,0
3241,74
3241,190
3242,0
3242,16
3242,183
3243,0
3243,192
3243,5
3243,70
3243,77
3243,16
3243,182
3244,0
3244,5
3244,76
3244,181
3244,182
3245,0
3245,5
3245,247
3245,56
3245,184
3246,0
3246,192
3246,247
3246,185
3246,187
3247,0
3247,187
3248,0
3248,1
3248,201
3248,16
3248,182
3248,56
3249,0
3249,98
3249,5
3249,74
3249,16
3249,187
3249,190
3250,0
3250,76
3250,183
3250,56
3250,94
3250,184
3251,0
3251,202
3251,56
3252,0
3252,192
3252,5
3252,202
3252,183
3253,0
3253,1
3253,202
3253,77
3253,210
3253,183
3253,57
3253,93
3254,0
3254,1
3254,96
3254,98
3254,70
3254,233
3254,202
3254,16
3254,182
3255,0
3255,16
3255,81
3255,247
3255,184
3255,187
3255,92
3255,190
3255,95
3256,0
3256,1
3256,192
3256,77
3256,93
3257,0
3257,202
3257,187
3257,196
3258,0
3258,196
3258,16
3258,210
3258,190
3259,0
3259,1
3259,192
3259,70
3259,181
3259,247
3260,0
3260,1
3260,182
3261,0
3261,5
3261,16
3261,210
3261,185
3262,0
3262,5
3262,201
3262,16
3262,81
3262,210
3263,0
3263,16
3263,182
3263,70
3264,0
3264,192
3264,233
3264,182
3264,183
3264,56
3265,0
3265,196
3265,201
3265,77
3265,183
3265,56
3266,0
3266,201
3266,16
3266,183
3266,184
3266,56
3267,0
3267,202
3267,80
3267,182
3267,57
3267,187
3268,70
3268,210
3268,182
3268,184
3268,187
3269,0
3269,192
3269,1
3269,16
3269,81
3269,182
3269,187
3270,0
3270,183
3271,0
3271,201
3271,1
3272,0
3272,190
3273,0
3273,201
3273,74
3273,184
3274,192
3274,196
3274,233
3274,56
3274,190
3275,0
3275,5
3275,202
3275,16
3275,182
3276,0
3276,1
3276,5
3276,70
3276,202
3276,247
3277,0
3277,56
3277,196
3278,0
3278,1
3278,196
3278,70
3278,183
3278,187
3279,0
3279,1
3279,192
3279,201
3279,181
3280,192
3280,70
3280,202
3280,16
3280,81
3280,183
3281,0
3281,1
3281,196
3281,5
3281,201
3281,210
3281,61
3282,0
3282,202
3282,187
3282,61
3283,184
3283,187
3283,181
3284,0
3284,201
3284,190
3284,192
3285,0
3285,184
3286,0
3286,5
3286,233
3286,181
3286,184
3286,190
3287,0
3287,1
3287,196
3287,184
3287,185
3287,216
3288,192
3288,70
3288,201
3288,77
3288,182
3289,0
3289,70
3289,182
3290,0
3290,185
3290,77
3290,181
3291,0
3291,201
3291,5
3291,184
3292,0
3292,96
3292,196
3292,5
3292,201
3292,74
3292,16
3292,57
3292,187
3292,95
3293,0
3293,202
3293,184
3294,0
3294,201
3294,76
3294,210
3294,185
3294,187
3294,57
3295,0
3295,187
3295,196
3295,183
3296,0
3296,1
3296,196
3296,201
3296,234
3296,16
3296,184
3297,0
3297,1
3297,196
3297,74
3297,184
3297,61
3297,94
3297,95
3298,0
3298,1
3298,5
3298,182
3298,247
3298,184
3299,0
3299,5
3299,201
3299,202
3299,81
3299,247
3300,0
3300,98
3300,74
3300,181
3300,57
3301,0
3301,202
3301,5
3302,0
3302,1
3302,192
3302,96
3302,196
3302,80
3302,183
3302,94
3303,0
3303,1
3303,5
3303,192
3304,0
3304,96
3304,202
3304,16
3304,81
3304,184
3304,185
3304,93
3305,0
3305,16
3305,247
3305,183
3306,0
3306,234
3306,192
3307,0
3307,16
3307,184
3308,202
3308,61
3308,190
3309,0
3309,16
3309,5
3309,182
3310,0
3310,1
3310,81
3310,181
3310,183
3310,93
3311,196
3312,0
3312,202
3312,5
3312,247
3313,0
3313,70
3313,210
3313,185
3313,190
3314,0
3314,1
3314,70
3314,233
3314,16
3314,182
3314,183
3314,185
3315,0
3315,234
3315,182
3315,184
3316,0
3316,192
3316,201
3316,210
3316,182
3317,0
3317,196
3317,183
3318,0
3318,210
3318,182
3319,0
3319,185
3319,187
3319,192
3320,0
3320,192
3320,196
3320,16
3320,185
3321,0
3321,185
3321,233
3322,0
3322,5
3322,201
3322,247
3322,184
3322,185
3323,57
3323,202
3324,0
3324,192
3324,70
3324,202
3324,234
3324,16
3325,0
3325,98
3325,233
3325,16
3325,190
3326,0
3326,196
3326,201
3326,184
3326,57
3327,0
3327,16
3327,202
3327,183
3328,0
3328,16
3328,181
3328,182
3328,187
3329,0
3329,201
3329,210
3329,96
3330,0
3330,5
3330,196
3330,181
3331,0
3331,187
3332,0
3332,201
3332,202
3332,77
3332,181
3332,56
3333,0
3333,184
3334,0
3334,1
3334,5
3334,184
3334,190
3335,0
3335,80
3335,95
3335,192
3336,0
3336,201
3336,233
3336,182
3336,185
3337,0
3337,96
3337,98
3337,5
3337,70
3337,202
3337,181
3338,0
3338,192
3338,196
3338,70
3338,202
3338,234
3339,0
3339,5
3339,201
3339,16
3339,184
3339,190
3340,0
3340,202
3340,74
3340,184
3340,92
3341,202
3341,181
3341,183
3341,216
3341,61
3342,0
3342,196
3342,5
3342,210
3342,183
3342,185
3343,0
3343,1
3343,192
3343,196
3343,5
3343,183
3343,247
3344,16
3344,81
3344,216
3344,185
3344,187
3344,190
3345,0
3345,1
3345,182
3345,185
3345,187
3346,0
3346,210
3346,183
3346,57
3346,187
3347,0
3347,192
3347,196
3347,5
3347,16
3347,57
3347,190
3348,0
3348,1
3348,74
3348,181
3348,183
3348,93
3349,0
3349,1
3349,196
3349,182
3350,0
3350,5
3350,201
3350,181
3350,216
3351,0
3351,5
3351,184
3351,183
3352,0
3352,16
3352,182
3353,0
3353,5
3353,56
3353,187
3353,216
3354,0
3354,234
3354,187
3354,70
3355,0
3355,5
3355,201
3355,202
3355,233
3355,182
3356,0
3356,16
3356,190
3356,183
3357,0
3357,192
3357,5
3357,185
3357,190
3358,0
3358,76
3358,182
3358,184
3358,57
3358,187
3358,92
3358,93
3359,184
3359,185
3359,182
3359,16
3360,0
3360,70
3360,77
3360,247
3360,185
3360,187
3360,92
3360,94
3361,0
3361,202
3361,61
3362,0
3362,201
3362,185
3363,0
3363,181
3363,182
3363,57
3363,190
3364,0
3364,1
3364,181
3364,70
3365,0
3365,76
3365,16
3365,182
3365,183
3366,0
3366,187
3366,183
3367,0
3367,1
3367,183
3368,0
3368,1
3368,70
3368,201
3368,182
3368,190
3369,0
3369,1
3369,98
3369,210
3369,182
3369,61
3369,190
3370,202
3370,5
3370,182
3370,183
3371,0
3371,5
3371,201
3371,74
3371,181
3371,187
3371,94
3371,95
3372,0
3372,247
3372,192
3373,0
3373,182
3373,192
3374,0
3374,5
3374,183
3374,185
3374,57
3375,192
3375,70
3376,0
3376,201
3376,181
3376,187
3376,93
3377,0
3377,202
3377,187
3377,182
3378,0
3378,1
3378,234
3378,182
3379,1
3379,196
3379,202
3379,16
3379,190
3380,0
3380,70
3380,234
3380,77
3380,184
3381,0
3381,184
3382,74
3382,182
3383,0
3383,5
3383,182
3383,183
3383,216
3384,0
3384,1
3384,202
3384,76
3385,0
3385,201
3385,185
3385,181
3386,0
3386,16
3386,57
3386,183
3387,0
3387,201
3387,196
3387,1
3388,0
3388,201
3388,77
3388,182
3388,92
3388,93
3389,0
3389,187
3389,181
3389,192
3390,0
3390,16
3390,196
3390,61
3391,0
3391,1
3391,192
3391,181
3391,216
3391,61
3392,0
3392,98
3392,196
3392,16
3392,247
3393,0
3393,202
3393,187
3393,184
3394,0
3394,1
3394,98
3394,16
3394,181
3394,182
3394,184
3394,61
3394,94
3395,0
3395,1
3395,98
3395,76
3395,247
3395,185
3395,92
3395,61
3396,0
3396,183
3396,210
3396,192
3397,0
3397,16
3397,196
3397,182
3398,57
3398,74
3398,187
3398,5
3399,0
3399,187
3399,196
3400,0
3400,201
3401,201
3401,210
3401,196
3401,181
3402,0
3402,5
3402,16
3402,183
3402,184
3403,0
3403,1
3403,233
3403,80
3403,56
3403,92
3403,93
3403,184
3404,0
3404,1
3404,16
3404,80
3404,247
3404,56
3404,185
3405,0
3405,1
3405,96
3405,74
3405,16
3405,181
3405,56
3405,187
3406,0
3406,192
3406,5
3406,201
3406,77
3406,216
3406,187
3407,0
3407,196
3407,70
3407,81
3407,183
3407,187
3408,0
3408,96
3408,98
3408,5
3408,233
3408,202
3408,16
3408,80
3408,184
3409,16
3409,201
3409,234
3409,181
3410,0
3410,233
3410,202
3410,182
3410,187
3411,185
3411,201
3411,77
3412,0
3412,56
3412,181
3413,0
3413,96
3413,98
3413,196
3413,201
3413,181
3413,216
3414,0
3414,182
3414,181
3414,190
3415,0
3415,216
3415,192
3416,0
3416,182
3416,190
3416,184
3417,0
3417,16
3417,74
3417,182
3418,0
3418,201
3418,202
3418,181
3419,0
3419,233
3419,16
3419,181
3419,184
3419,56
3420,1
3420,201
3420,181
3420,57
3420,93
3421,0
3421,96
3421,202
3421,234
3421,16
3421,182
3421,183
3421,95
3422,0
3422,187
3422,196
3422,5
3423,0
3423,201
3423,210
3423,196
3424,0
3424,74
3424,181
3424,182
3424,56
3424,93
3424,216
3425,0
3425,190
3425,183
3426,0
3426,201
3426,182
3426,183
3426,92
3426,95
3427,0
3427,1
3427,5
3427,182
3427,184
3427,190
3428,0
3428,1
3428,181
3428,16
3429,0
3429,1
3429,233
3429,182
3429,56
3430,192
3430,0
3430,16
3430,182
3430,183
3431,1
3431,5
3431,182
3431,57
3431,190
3432,0
3432,1
3432,192
3432,81
3432,182
3433,0
3433,61
3433,183
3434,16
3434,57
3434,187
3434,216
3435,185
3435,61
3436,0
3436,182
3436,247
3436,57
3436,95
3437,0
3437,192
3437,202
3437,76
3437,16
3437,56
3438,0
3438,77
3438,181
3438,183
3438,57
3439,0
3439,1
3439,5
3439,202
3439,183
3440,0
3440,74
3440,234
3440,61
3440,183
3440,93
3440,94
3441,0
3441,96
3441,98
3441,196
3441,16
3441,185
3442,0
3442,70
3442,234
3442,182
3442,184
3442,185
3443,0
3443,5
3443,202
3443,16
3443,185
3444,0
3444,61
3444,192
3445,0
3445,5
3445,77
3445,16
3445,187
3445,61
3445,94
3446,0
3446,56
3446,196
3447,0
3447,1
3447,202
3447,181
3447,183
3447,56
3448,0
3448,1
3448,187
3448,5
3449,0
3449,192
3449,201
3449,81
3449,183
3450,0
3450,61
3450,196
3450,5
3451,0
3451,196
3451,183
3451,216
3451,61
3452,0
3452,5
3452,233
3452,184
3452,190
3453,0
3453,1
3453,181
3453,183
3453,56
3453,94
3454,0
3454,1
3454,196
3454,202
3454,76
3454,57
3454,187
3455,0
3455,5
3455,210
3455,182
3455,61
3456,0
3456,201
3456,202
3456,56
3457,0
3457,196
3457,61
3457,190
3458,0
3458,187
3458,181
3459,0
3459,16
3459,74
3459,187
3460,0
3460,16
3460,182
3460,247
3460,184
3460,61
3460,190
3461,0
3461,196
3461,5
3461,16
3461,80
3461,56
3461,187
3462,0
3462,202
3462,5
3462,181
3463,0
3463,96
3463,5
3463,201
3463,184
3463,57
3463,93
3464,0
3464,70
3464,184
3465,0
3465,5
3465,183
3465,187
3465,92
3466,0
3466,76
3466,181
3466,185
3466,187
3466,92
3466,93
3467,0
3467,234
3467,183
3467,184
3467,187
3467,93
3467,94
3468,0
3468,202
3468,182
3468,184
3468,56
3469,0
3469,1
3469,196
3469,201
3469,187
3470,0
3470,16
3470,56
3470,183
3471,0
3471,196
3471,202
3471,74
3471,16
3471,181
3472,0
3472,1
3472,56
3472,182
3473,0
3473,16
3473,61
3473,184
3474,0
3474,80
3474,185
3474,187
3474,190
3475,0
3475,1
3475,192
3475,98
3475,181
3475,56
3475,95
3476,0
3476,192
3476,56
3476,92
3476,94
3477,0
3477,1
3477,192
3477,201
3477,233
3477,16
3477,57
3477,190
3478,0
3478,183
3478,202
3478,192
3479,0
3479,192
3479,98
3479,5
3479,181
3479,183
3480,0
3480,81
3480,182
3480,94
3481,16
3481,185
3481,202
3481,0
3482,0
3482,196
3482,233
3482,16
3482,183
3483,0
3483,201
3483,196
3483,81
3484,0
3484,182
3484,192
3485,0
3485,192
3485,16
3485,184
3485,94
3485,95
3486,0
3486,192
3486,196
3486,70
3486,201
3486,234
3487,0
3487,5
3487,16
3487,56
3487,187
3488,0
3488,76
3488,182
3488,247
3488,56
3489,0
3489,192
3489,70
3489,202
3489,187
3490,0
3490,201
3490,182
3491,98
3491,74
3491,181
3491,184
3491,187
3491,92
3491,61
3492,0
3492,16
3492,182
3492,184
3493,0
3493,1
3493,192
3493,98
3493,185
3493,187
3493,92
3494,0
3494,196
3494,16
3494,183
3494,187
3495,0
3495,1
3495,192
3495,80
3495,181
3496,0
3496,201
3496,81
3496,57
3496,95
3497,0
3497,5
3497,201
3497,184
3497,61
3497,190
3498,0
3498,5
3498,202
3498,181
3498,185
3499,0
3499,1
3499,196
3499,5
3500,0
3500,1
3500,98
3500,56
3500,190
3501,192
3501,0
3501,210
3502,0
3502,5
3502,181
3503,0
3503,16
3503,181
3503,183
3504,0
3504,183
3504,57
3504,192
3505,0
3505,96
3505,98
3505,196
3505,76
3505,16
3505,182
3505,183
3506,0
3506,185
3506,1
3507,0
3507,185
3507,196
3508,0
3508,1
3508,61
3508,183
3509,0
3509,192
3509,96
3509,98
3509,70
3509,16
3509,184
3510,0
3510,201
3510,182
3510,183
3510,216
3511,0
3511,81
3511,202
3511,196
3512,0
3512,187
3512,216
3512,183
3513,0
3513,181
3513,56
3513,185
3513,190
3514,16
3514,196
3514,5
3515,0
3515,96
3515,5
3515,182
3515,185
3515,93
3516,0
3516,192
3516,202
3516,216
3516,187
3517,0
3517,70
3517,187
3517,92
3517,190
3517,95
3518,201
3518,70
3518,182
3518,1
3519,0
3519,1
3519,192
3519,70
3519,210
3520,0
3520,192
3520,16
3520,81
3520,184
3520,216
3521,0
3521,201
3521,196
3522,0
3522,1
3522,182
3522,192
3523,0
3523,1
3523,201
3523,202
3523,57
3523,187
3524,0
3524,74
3524,184
3525,184
3525,210
3525,182
3525,183
3526,0
3526,196
3526,76
3526,94
3526,187
3526,92
3526,190
3527,0
3527,57
3527,183
3528,0
3528,70
3528,202
3528,16
3528,184
3529,0
3529,234
3529,16
3529,181
3529,182
3529,184
3530,0
3530,98
3530,196
3530,16
3530,94
3531,0
3531,201
3531,202
3531,182
3531,61
3532,0
3532,201
3532,16
3532,92
3532,61
3533,0
3533,1
3533,77
3533,181
3533,187
3533,93
3533,95
3534,0
3534,1
3534,192
3534,233
3534,16
3534,183
3534,56
3534,190
3535,0
3535,81
3535,181
3535,183
3536,0
3536,1
3536,192
3536,210
3536,181
3536,182
3536,61
3537,0
3537,192
3537,196
3537,5
3537,80
3537,56
3537,185
3538,0
3538,1
3538,234
3538,76
3538,187
3539,0
3539,192
3539,196
3539,76
3539,56
3539,185
3539,92
3540,0
3540,1
3540,202
3540,234
3540,80
3540,184
3540,92
3540,93
3541,0
3541,1
3541,181
3542,0
3542,185
3542,1
3543,192
3543,1
3543,196
3543,16
3543,81
3543,185
3544,0
3544,16
3544,196
3544,81
3545,0
3545,201
3545,202
3546,0
3546,1
3546,192
3546,183
3546,187
3547,0
3547,70
3547,16
3547,81
3547,182
3547,183
3547,92
3547,190
3548,0
3548,56
3548,74
3548,181
3549,0
3549,192
3549,1
3549,96
3549,74
3549,183
3549,185
3550,0
3550,201
3550,216
3550,183
3551,0
3551,61
3551,187
3551,181
3552,0
3552,1
3552,192
3552,16
3552,247
3552,185
3552,93
3553,0
3553,196
3553,16
3553,210
3553,181
3554,0
3554,181
3554,183
3555,0
3555,5
3555,202
3555,16
3555,182
3555,92
3556,0
3556,1
3556,202
3556,16
3556,183
3556,190
3557,0
3557,201
3557,187
3558,0
3558,96
3558,80
3558,184
3558,92
3558,61
3558,190
3559,0
3559,196
3559,76
3559,183
3559,56
3560,0
3560,1
3560,202
3560,76
3560,190
3561,0
3561,233
3561,202
3561,181
3561,57
3561,94
3562,0
3562,201
3562,202
3562,16
3563,0
3563,210
3563,202
3564,0
3564,98
3564,210
3564,183
3564,57
3565,0
3565,1
3565,202
3565,16
3565,183
3565,56
3565,216
3566,0
3566,247
3566,187
3566,192
3567,0
3567,1
3567,5
3567,233
3567,181
3567,56
3567,185
3567,190
3568,0
3568,196
3568,70
3568,181
3568,182
3568,247
3569,0
3569,1
3569,196
3569,184
3569,56
3569,216
3570,0
3570,70
3570,201
3570,182
3570,184
3571,0
3571,5
3571,202
3571,185
3571,190
3572,0
3572,61
3572,187
3572,5
3573,0
3573,74
3573,181
3574,0
3574,192
3574,202
3574,74
3574,181
3575,0
3575,5
3575,181
3575,192
3576,0
3576,201
3576,233
3576,16
3577,0
3577,181
3577,184
3578,0
3578,196
3578,5
3578,202
3578,210
3579,0
3579,196
3579,70
3579,234
3579,16
3579,181
3580,0
3580,184
3581,0
3581,1
3581,196
3581,201
3581,234
3581,61
3582,192
3582,190
3582,183
3583,0
3583,5
3583,16
3583,210
3583,183
3583,57
3584,0
3584,202
3584,80
3584,93
3584,94
3585,0
3585,185
3585,184
3586,0
3586,185
3586,56
3587,0
3587,192
3587,16
3587,181
3587,61
3588,0
3588,1
3588,80
3588,56
3588,187
3589,0
3589,182
3590,0
3590,1
3590,202
3590,182
3590,247
3591,0
3591,70
3591,202
3591,187
3591,190
3592,0
3592,1
3592,202
3592,5
3593,0
3593,5
3593,202
3593,74
3593,16
3594,0
3594,1
3594,70
3594,77
3594,182
3594,185
3595,1
3595,5
3595,201
3595,183
3595,185
3596,0
3596,5
3596,233
3596,77
3596,16
3596,182
3597,0
3597,185
3597,183
3597,192
3598,5
3598,74
3598,16
3598,181
3598,247
3599,0
3599,196
3599,5
3599,201
3599,185
3599,57
3600,185
3600,202
3600,77
3600,190
3601,0
3601,201
3601,196
3601,181
3602,0
3602,192
3602,183
3602,187
3602,92
3603,0
3603,1
3603,247
3603,184
3603,183
3604,0
3604,202
3604,16
3604,181
3604,187
3605,0
3605,201
3605,184
3605,247
3606,0
3606,56
3606,80
3606,181
3607,0
3607,1
3607,16
3607,182
3607,57
3608,0
3608,192
3608,196
3608,5
3608,16
3608,185
3609,0
3609,16
3609,216
3609,192
3610,0
3610,1
3610,196
3610,5
3610,70
3610,185
3610,190
3611,0
3611,16
3611,181
3611,182
3611,187
3612,0
3612,184
3613,192
3613,70
3613,202
3613,76
3613,190
3614,0
3614,202
3614,77
3614,184
3614,190
3615,0
3615,1
3615,234
3615,16
3615,185
3616,0
3616,96
3616,196
3616,5
3616,76
3616,247
3616,184
3616,185
3616,95
3616,57
3617,0
3617,1
3617,196
3617,80
3617,57
3618,0
3618,16
3618,95
3618,192
3619,0
3619,185
3619,187
3620,0
3620,196
3621,0
3621,1
3621,16
3621,184
3621,187
3621,190
3622,0
3622,1
3622,196
3622,201
3622,181
3622,57
3623,0
3623,1
3623,192
3623,202
3623,16
3623,81
3623,187
3624,0
3624,202
3624,181
3624,182
3625,196
3625,77
3625,93
3625,183
3625,184
3625,61
3626,0
3626,1
3626,192
3626,196
3626,5
3626,57
3626,190
3627,0
3627,1
3627,192
3627,181
3627,187
3628,0
3628,187
3628,93
3629,0
3629,1
3629,96
3629,196
3629,183
3629,56
3630,0
3630,201
3630,5
3630,183
3631,0
3631,185
3631,5
3631,1
3632,0
3632,1
3632,196
3632,70
3632,183
3632,187
3633,0
3633,210
3633,182
3633,184
3633,190
3634,0
3634,185
3634,56
3634,184
3635,0
3635,16
3635,81
3635,185
3635,93
3635,190
3636,0
3636,1
3636,196
3636,5
3636,185
3636,190
3637,0
3637,1
3637,192
3637,5
3637,81
3637,210
3637,57
3638,0
3638,1
3638,98
3638,196
3638,5
3638,81
3638,181
3638,183
3638,93
3639,1
3639,5
3639,181
3639,183
3639,185
3640,0
3640,196
3640,182
3640,247
3640,184
3641,0
3641,16
3641,196
3641,5
3642,202
3642,5
3643,202
3643,234
3644,0
3644,1
3644,196
3644,5
3644,70
3644,202
3644,216
3644,187
3645,0
3645,16
3645,192
3646,0
3646,1
3646,5
3646,201
3646,184
3646,185
3646,56
3647,0
3647,196
3647,5
3647,183
3647,184
3648,0
3648,5
3648,201
3648,247
3648,185
3649,0
3649,185
3649,1
3649,16
3650,1
3650,201
3650,16
3650,184
3650,56
3650,187
3651,0
3651,16
3651,182
3652,0
3652,5
3652,201
3652,182
3652,183
3653,0
3653,192
3653,181
3653,187
3653,61
3654,0
3654,1
3654,181
3654,185
3654,187
3654,95
3655,0
3655,192
3655,70
3655,201
3655,74
3655,16
3655,184
3655,92
3655,94
3656,0
3656,5
3656,182
3656,184
3657,0
3657,183
3657,56
3657,187
3657,184
3658,0
3658,5
3658,74
3658,183
3658,56
3658,247
3659,0
3659,1
3659,196
3659,5
3659,70
3659,233
3659,202
3659,76
3660,0
3660,1
3660,98
3660,202
3660,81
3660,93
3661,0
3661,187
3661,190
3662,0
3662,98
3662,196
3662,182
3662,57
3662,95
3663,0
3663,192
3663,5
3663,185
3663,190
3664,0
3664,201
3664,76
3665,185
3665,234
3665,187
3665,181
3666,0
3666,192
3666,196
3666,234
3666,16
3666,187
3667,0
3667,234
3667,181
3667,183
3668,0
3668,57
3668,202
3669,0
3669,5
3669,201
3669,181
3669,183
3670,0
3670,196
3670,5
3670,182
3670,184
3670,61
3671,0
3671,1
3671,5
3671,181
3671,56
3672,0
3672,201
3672,184
3672,192
3673,0
3673,96
3673,196
3673,5
3673,16
3673,181
3673,247
3673,185
3673,57
3674,0
3674,247
3674,190
3674,192
3675,0
3675,181
3675,183
3676,0
3676,192
3676,196
3676,210
3676,181
3677,0
3677,57
3677,182
3678,192
3678,233
3678,182
3679,0
3679,185
3679,184
3680,0
3680,70
3680,81
3680,181
3680,183
3680,184
3680,216
3681,16
3681,185
3681,196
3681,5
3682,0
3682,233
3682,202
3682,5
3683,0
3683,98
3683,5
3683,74
3683,94
3683,190
3684,0
3684,196
3684,181
3684,182
3684,56
3685,0
3685,202
3685,187
3685,184
3686,0
3686,1
3686,96
3686,184
3686,185
3686,61
3687,0
3687,192
3687,98
3687,5
3687,77
3687,92
3688,0
3688,185
3688,1
3688,16
3689,0
3689,192
3689,1
3689,70
3689,202
3689,16
3689,183
3690,0
3690,201
3690,5
3691,0
3691,5
3691,16
3691,187
3691,61
3692,0
3692,210
3692,196
3693,0
3693,196
3693,201
3693,74
3693,16
3693,181
3693,93
3693,95
3694,0
3694,192
3694,196
3694,5
3694,16
3694,183
3694,57
3695,192
3695,185
3695,187
3696,0
3696,5
3696,16
3696,181
3696,56
3697,0
3697,1
3697,192
3697,16
3697,247
3697,187
3697,61
3698,0
3698,182
3699,0
3699,202
3699,196
3700,0
3700,192
3700,98
3700,184
3700,190
3701,0
3701,98
3701,16
3701,81
3701,56
3701,187
3702,0
3702,196
3702,210
3702,187
3702,190
3703,0
3703,16
3703,61
3703,190
3704,0
3704,1
3704,192
3704,5
3704,81
3704,181
3704,185
3705,0
3705,201
3705,233
3705,184
3705,190
3706,0
3706,185
3706,190
3706,192
3707,0
3707,81
3707,181
3707,56
3707,216
3708,0
3708,1
3708,192
3708,5
3708,70
3708,202
3708,190
3709,0
3709,96
3709,5
3709,185
3709,92
3710,184
3710,56
3710,196
3711,0
3711,98
3711,5
3711,81
3711,183
3712,0
3712,96
3712,192
3712,201
3712,80
3712,216
3712,95
3713,0
3713,5
3713,234
3713,16
3713,183
3713,61
3714,202
3714,187
3714,70
3714,183
3715,0
3715,98
3715,233
3715,185
3715,190
3715,95
3716,0
3716,1
3716,202
3716,210
3716,57
3717,0
3717,192
3717,196
3717,183
3717,216
3718,0
3718,192
3718,182
3718,184
3719,0
3719,181
3720,0
3720,202
3720,187
3721,0
3721,16
3721,81
3721,183
3722,0
3722,1
3722,201
3722,16
3722,181
3722,183
3723,0
3723,1
3723,202
3724,181
3724,190
3725,0
3725,16
3725,187
3726,0
3726,185
3726,181
3726,57
3727,0
3727,196
3727,234
3727,56
3727,187
3727,184
3728,0
3728,182
3729,0
3729,192
3729,196
3729,5
3729,70
3729,16
3729,182
3730,0
3730,201
3730,202
3730,181
3731,0
3731,16
3731,61
3731,184
3732,0
3732,202
3732,187
3732,61
3733,0
3733,74
3733,181
3733,182
3733,183
3734,0
3734,192
3734,16
3734,183
3734,216
3734,185
3735,0
3735,5
3735,181
3735,190
3736,0
3736,185
3736,5
3736,190
3737,0
3737,234
3737,183
3738,0
3738,81
3738,202
3739,0
3739,61
3739,192
3740,0
3740,192
3741,0
3741,1
3741,196
3741,5
3742,0
3742,196
3742,233
3742,202
3742,182
3742,92
3742,94
3743,0
3743,1
3743,196
3743,201
3743,233
3743,16
3743,80
3743,184
3744,0
3744,202
3744,196
3744,190
3745,0
3745,196
3745,233
3745,184
3745,187
3746,1
3746,70
3746,77
3746,181
3746,247
3746,93
3747,0
3747,1
3747,201
3747,233
3747,77
3747,183
3747,57
3748,0
3748,81
3748,92
3748,184
3749,0
3749,201
3749,1
3749,70
3750,0
3750,196
3750,70
3750,202
3750,77
3751,0
3751,192
3751,5
3751,234
3751,182
3752,0
3752,192
3752,16
3752,182
3752,184
3753,0
3753,187
3753,192
3754,0
3754,96
3754,201
3754,81
3754,187
3755,0
3755,81
3755,182
3755,183
3756,0
3756,201
3756,94
3757,0
3757,185
3757,61
3758,0
3758,1
3758,196
3758,5
3758,185
3759,1
3759,187
3759,5
3759,190
3760,0
3760,201
3760,233
3760,1
3761,0
3761,202
3762,0
3762,5
3762,182
3762,216
3762,184
3763,0
3763,1
3763,70
3763,201
3763,184
3763,190
3764,0
3764,70
3764,181
3764,182
3764,95
3765,184
3765,0
3765,196
3765,192
3766,0
3766,233
3766,56
3766,185
3766,187
3766,184
3767,0
3767,61
3767,5
3767,192
3768,0
3768,70
3768,202
3768,80
3768,184
3768,94
3768,190
3768,95
3769,0
3769,16
3769,181
3769,81
3770,0
3770,196
3770,190
3770,183
3771,0
3771,234
3771,182
3772,0
3772,187
3772,181
3773,0
3773,187
3773,192
3774,0
3774,187
3774,190
3774,184
3775,0
3775,216
3775,70
3775,192
3776,0
3776,74
3776,16
3776,183
3776,92
3777,0
3777,61
3777,182
3777,183
3778,0
3778,1
3778,196
3778,247
3779,0
3779,196
3779,16
3779,182
3779,187
3780,0
3780,196
3780,5
3780,70
3780,181
3780,185
3780,94
3780,95
3781,0
3781,1
3781,196
3781,5
3781,70
3781,183
3781,187
3782,0
3782,181
3783,0
3783,96
3783,98
3783,196
3783,5
3783,70
3784,0
3784,1
3784,184
3784,185
3784,187
3785,0
3785,187
3786,0
3786,1
3786,5
3786,201
3786,182
3786,185
3787,0
3787,1
3787,202
3788,0
3788,16
3788,196
3788,192
3789,0
3789,5
3789,183
3789,216
3789,187
3790,0
3790,1
3790,98
3790,196
3790,81
3790,184
3790,216
3790,61
3790,95
3791,0
3791,192
3792,0
3792,1
3792,5
3792,192
3793,0
3793,192
3793,5
3793,182
3793,183
3793,57
3794,0
3794,201
3794,233
3795,0
3795,192
3795,196
3795,16
3795,57
3795,187
3796,0
3796,61
3796,5
3796,184
3797,0
3797,201
3797,202
3797,182
3798,0
3798,201
3798,80
3798,93
3799,0
3799,196
3799,77
3799,16
3799,182
3800,0
3800,1
3800,181
3801,0
3801,181
3801,182
3801,247
3801,184
3802,0
3802,81
3802,187
3802,184
3803,0
3803,16
3803,5
3803,183
3804,0
3804,1
3804,196
3804,5
3804,70
3804,201
3804,247
3805,0
3805,182
3805,190
3805,184
3806,0
3806,5
3806,201
3806,76
3806,16
3806,210
3806,181
3806,187
3806,94
3806,95
3807,0
3807,1
3807,201
3807,16
3807,183
3808,1
3808,196
3808,5
3808,234
3808,81
3808,92
3809,0
3809,182
3809,247
3809,185
3809,190
3810,0
3810,187
3810,247
3811,16
3811,187
3811,61
3811,182
3812,0
3812,1
3812,234
3812,56
3812,185
3813,0
3813,1
3813,196
3813,183
3813,56
3813,187
3814,0
3814,196
3814,201
3814,181
3814,216
3815,0
3815,210
3815,202
3815,196
3816,0
3816,96
3816,81
3816,210
3816,182
3817,0
3817,185
3817,234
3817,196
3818,0
3818,192
3818,196
3818,80
3818,185
3819,0
3819,185
3819,5
3820,0
3820,201
3820,210
3820,61
3820,190
3821,0
3821,192
3821,70
3821,210
3821,182
3821,187
3822,0
3822,192
3822,183
3822,187
3822,92
3822,61
3823,0
3823,234
3823,190
3824,0
3824,201
3824,202
3824,16
3824,210
3824,185
3825,0
3825,5
3825,184
3826,0
3826,192
3826,98
3826,96
3826,181
3826,185
3827,0
3827,201
3827,202
3827,81
3827,182
3827,56
3828,0
3828,202
3828,16
3828,81
3828,185
3828,57
3829,0
3829,196
3829,70
3829,76
3829,184
3829,92
3829,93
3830,0
3830,182
3830,192
3831,0
3831,185
3831,1
3831,57
3832,0
3832,96
3832,196
3832,77
3832,16
3832,181
3832,183
3832,94
3833,0
3833,61
3833,192
3834,0
3834,196
3834,5
3834,202
3834,185
3835,0
3835,196
3835,16
3835,181
3835,184
3836,0
3836,210
3836,80
3836,181
3837,0
3837,196
3837,210
3837,181
3837,182
3837,61
3838,0
3838,70
3838,202
3838,76
3838,181
3838,94
3839,0
3839,201
3839,202
3839,57
3839,187
3840,0
3840,96
3840,192
3840,196
3840,233
3840,92
3840,190
3841,0
3841,192
3841,76
3841,184
3841,92
3841,95
3842,0
3842,70
3842,201
3842,16
3842,183
3842,216
3842,190
3843,0
3843,182
3843,192
3844,0
3844,5
3844,201
3844,233
3844,182
3844,187
3845,0
3845,5
3845,202
3845,183
3845,93
3845,95
3846,1
3846,77
3846,210
3846,181
3846,187
3846,92
3846,93
3846,190
3847,0
3847,202
3847,56
3847,190
3848,0
3848,1
3848,247
3848,185
3848,183
3849,0
3849,81
3849,202
3849,70
3850,0
3850,1
3850,192
3850,76
3850,216
3850,187
3850,61
3851,0
3851,192
3851,201
3851,247
3851,184
3852,0
3852,192
3852,98
3852,201
3852,234
3852,16
3852,184
3853,0
3853,1
3853,5
3853,183
3853,184
3854,0
3854,1
3854,210
3854,182
3855,0
3855,196
3855,202
3855,234
3855,190
3856,0
3856,210
3856,187
3857,0
3857,16
3857,202
3858,192
3858,202
3858,181
3859,0
3859,1
3859,192
3859,5
3859,234
3859,94
3860,0
3860,16
3860,187
3861,0
3861,196
3862,0
3862,1
3862,196
3862,183
3862,247
3862,190
3863,0
3863,201
3863,5
3864,0
3864,201
3864,56
3864,76
3865,0
3865,5
3865,77
3865,210
3865,182
3865,184
3865,61
3865,190
3866,0
3866,182
3867,0
3867,1
3867,183
3868,0
3868,70
3868,234
3868,81
3868,185
3869,0
3869,185
3869,196
3869,181
3870,0
3870,202
3870,196
3870,70
3871,0
3871,185
3871,5
3871,190
3872,0
3872,234
3872,183
3872,184
3872,185
3873,0
3873,201
3873,187
3873,1
3874,0
3874,181
3874,70
3874,247
3875,0
3875,234
3875,181
3875,182
3876,0
3876,1
3876,201
3876,234
3876,80
3876,57
3877,0
3877,16
3877,5
3877,184
3878,0
3878,196
3878,5
3878,201
3878,187
3879,0
3879,201
3879,5
3879,182
3880,0
3880,1
3880,196
3880,70
3880,184
3881,0
3881,185
3881,181
3882,0
3882,61
3882,181
3883,0
3883,5
3883,201
3883,202
3883,247
3884,0
3884,185
3884,202
3885,0
3885,192
3885,1
3885,98
3885,196
3885,5
3885,234
3885,56
3885,190
3886,0
3886,192
3886,5
3886,201
3886,16
3887,80
3887,185
3887,61
3888,0
3888,1
3888,202
3888,16
3888,80
3888,184
3888,190
3889,0
3889,56
3889,181
3890,0
3890,1
3890,196
3890,202
3890,184
3890,56
3891,0
3891,201
3891,182
3891,1
3892,0
3892,5
3892,185
3892,187
3892,61
3892,190
3893,0
3893,187
3893,190
3894,0
3894,1
3894,202
3894,81
3894,61
3894,94
3894,95
3895,0
3895,70
3895,201
3895,234
3895,184
3895,185
3896,0
3896,16
3896,196
3896,183
3897,0
3897,201
3897,74
3897,16
3897,183
3897,184
3897,247
3898,0
3898,5
3898,76
3898,183
3898,95
3899,0
3899,16
3899,80
3899,181
3899,184
3900,0
3900,1
3900,201
3900,184
3900,57
3900,93
3900,190
3900,95
3901,0
3901,201
3901,202
3901,181
3902,0
3902,1
3902,182
3902,183
3902,57
3903,0
3903,16
3903,5
3903,192
3904,0
3904,5
3904,201
3904,182
3904,190
3905,0
3905,183
3905,5
3905,192
3906,0
3906,76
3906,183
3906,185
3906,187
3907,0
3907,1
3907,196
3907,201
3907,77
3907,16
3907,184
3907,95
3908,0
3908,196
3908,187
3908,61
3908,190
3909,0
3909,202
3909,234
3909,16
3909,185
3909,187
3910,0
3910,196
3910,5
3910,216
3911,0
3911,16
3911,202
3912,0
3912,181
3912,190
3913,0
3913,98
3913,196
3913,5
3913,16
3913,81
3913,185
3913,187
3913,92
3914,0
3914,16
3914,210
3914,182
3914,184
3914,187
3915,0
3915,16
3915,184
3915,192
3916,0
3916,201
3916,196
3916,16
3917,0
3917,57
3917,183
3918,0
3918,16
3918,183
3919,0
3919,5
3919,201
3919,210
3919,182
3919,61
3920,0
3920,56
3920,196
3920,182
3921,0
3921,1
3921,196
3921,5
3921,202
3921,187
3921,61
3922,0
3922,187
3923,0
3923,1
3923,201
3923,81
3923,181
3923,184
3924,0
3924,1
3924,196
3924,5
3924,201
3924,185
3925,0
3925,181
3925,56
3925,187
3925,184
3926,0
3926,1
3926,181
3926,57
3927,0
3927,196
3927,81
3927,210
3927,56
3928,0
3928,202
3928,80
3928,184
3928,190
3929,0
3929,201
3929,192
3930,0
3930,70
3930,74
3930,185
3930,93
3931,0
3931,56
3931,182
3931,184
3932,0
3932,80
3932,182
3932,56
3932,93
3932,95
3933,0
3933,201
3933,184
3934,0
3934,16
3934,234
3934,182
3935,0
3935,201
3935,190
3935,94
3936,0
3936,181
3937,0
3937,1
3937,96
3937,16
3937,80
3937,94
3937,190
3938,192
3938,70
3939,0
3939,1
3939,70
3939,233
3939,202
3939,184
3939,190
3940,0
3940,5
3940,202
3940,16
3940,57
3941,184
3941,1
3941,233
3942,0
3942,1
3942,201
3942,233
3942,184
3942,61
3943,0
3943,74
3943,5
3943,184
3944,0
3944,196
3944,16
3944,181
3944,190
3945,0
3945,1
3945,196
3945,5
3945,233
3945,190
3946,0
3946,16
3946,202
3946,94
3947,0
3947,183
3947,56
3947,185
3947,216
3948,0
3948,1
3948,196
3948,210
3948,61
3949,0
3949,70
3949,202
3949,80
3949,182
3949,247
3949,187
3950,0
3950,1
3950,5
3950,202
3950,183
3950,187
3950,61
3951,0
3951,201
3951,190
3952,0
3952,192
3952,5
3952,77
3952,94
3952,190
3953,0
3953,16
3953,196
3954,0
3954,1
3954,210
3954,182
3955,0
3955,1
3955,192
3955,70
3955,185
3956,0
3956,5
3956,70
3956,16
3956,182
3957,0
3957,185
3957,57
3958,0
3958,98
3958,196
3958,70
3958,81
3958,182
3958,92
3959,0
3959,202
3960,0
3960,1
3960,233
3960,183
3960,185
3961,0
3961,210
3961,181
3961,183
3961,187
3962,0
3962,187
3962,70
3963,0
3963,181
3963,190
3963,184
3964,0
3964,1
3964,181
3964,182
3965,0
3965,185
3965,201
3965,61
3966,0
3966,192
3966,77
3966,57
3966,94
3967,0
3967,184
3968,0
3968,192
3968,182
3968,185
3968,92
3969,0
3969,1
3969,5
3969,70
3969,185
3969,187
3969,190
3970,0
3970,196
3970,201
3970,233
3970,16
3970,181
3970,57
3971,0
3971,196
3971,5
3972,0
3972,202
3972,77
3972,185
3972,94
3973,0
3973,196
3973,202
3973,16
3973,57
3973,187
3974,0
3974,5
3974,182
3974,56
3974,185
3974,190
3975,0
3975,5
3975,76
3975,183
3975,94
3975,187
3975,93
3975,190
3976,0
3976,201
3976,185
3976,1
3977,0
3977,5
3977,234
3977,16
3977,181
3977,182
3977,185
3977,92
3978,0
3978,192
3978,5
3978,234
3978,184
3979,0
3979,192
3979,233
3979,182
3979,56
3980,184
3980,201
3980,192
3981,0
3981,1
3981,96
3981,16
3981,61
3981,190
3982,0
3982,185
3982,56
3982,183
3983,0
3983,81
3983,183
3983,57
3983,187
3983,92
3984,0
3984,5
3984,70
3984,201
3984,16
3984,181
3984,247
3984,185
3985,192
3985,181
3985,182
3985,93
3985,95
3986,0
3986,96
3986,5
3986,202
3986,181
3987,0
3987,77
3987,182
3988,0
3988,187
3988,77
3988,192
3989,0
3989,74
3989,247
3989,184
3989,57
3989,187
3990,0
3990,80
3990,181
3990,182
3991,0
3991,192
3991,98
3991,80
3991,183
3991,93
3991,190
3992,0
3992,1
3992,210
3992,181
3992,61
3993,0
3993,196
3993,184
3993,183
3994,0
3994,1
3994,70
3994,216
3994,190
3995,0
3995,5
3995,201
3995,16
3995,187
3996,0
3996,16
3996,181
3996,183
3996,56
3997,0
3997,98
3997,202
3997,16
3997,187
3998,0
3998,1
3998,210
3998,182
3998,183
3998,185
3999,0
3999,201
3999,202
3999,76
3999,182
4000,0
4000,201
4001,0
4001,70
4001,202
4001,16
4001,190
4002,0
4002,56
4002,185
4002,187
4002,190
4003,0
4003,201
4003,61
4003,184
4004,0
4004,196
4004,61
4005,0
4005,74
4005,16
4005,187
4005,93
4005,95
4006,0
4006,92
4006,96
4006,182
4007,0
4007,16
4007,181
4007,184
4008,192
4008,201
4008,196
4008,247
4009,0
4009,5
4009,202
4009,80
4009,184
4009,187
4009,92
4010,0
4010,98
4010,196
4010,233
4010,202
4010,16
4010,92
4011,0
4011,187
4011,5
4011,70
4012,0
4012,1
4012,5
4012,76
4012,182
4012,183
4013,0
4013,5
4013,184
4014,0
4014,201
4014,247
4014,185
4014,183
4015,0
4015,16
4015,234
4015,183
4016,0
4016,1
4016,184
4016,216
4016,190
4017,0
4017,5
4017,16
4017,182
4017,247
4018,16
4018,185
4018,202
4018,181
4019,0
4019,182
4019,216
4019,57
4019,184
4020,184
4020,201
4020,233
4021,0
4021,16
4021,202
4021,1
4022,0
4022,196
4022,16
4022,184
4022,57
4023,0
4023,196
4024,0
4024,16
4024,76
4024,190
4025,0
4025,182
4025,190
4026,0
4026,61
4026,184
4027,0
4027,201
4027,210
4027,190
4028,0
4028,96
4028,196
4028,181
4028,94
4028,61
4028,190
4029,0
4029,98
4029,201
4029,185
4029,93
4030,0
4030,192
4030,74
4030,16
4030,94
4030,185
4030,190
4031,0
4031,196
4031,5
4031,201
4031,182
4031,94
4032,0
4032,190
4033,0
4033,1
4033,192
4033,182
4033,190
4034,0
4034,196
4034,201
4034,181
4034,56
4035,0
4035,201
4035,181
4035,184
4036,0
4036,192
4036,5
4036,70
4036,185
4036,187
4037,0
4037,201
4037,57
4038,0
4038,1
4038,16
4038,181
4038,182
4038,184
4039,192
4039,80
4039,94
4039,56
4039,185
4039,190
4040,0
4040,201
4040,16
4040,182
4040,56
4041,0
4041,202
4041,184
4041,192
4042,0
4042,182
4043,0
4043,96
4043,98
4043,5
4043,77
4043,16
4043,184
4044,0
4044,98
4044,70
4044,210
4044,185
4045,0
4045,192
4045,5
4045,181
4045,92
4045,93
4045,190
4046,0
4046,187
4047,0
4047,1
4047,5
4047,81
4047,190
4048,0
4048,192
4048,5
4048,201
4048,16
4048,181
4048,57
4049,0
4049,196
4049,201
4049,190
4049,95
4050,0
4050,1
4050,201
4050,181
4050,56
4050,190
4051,0
4051,5
4051,16
4051,57
4051,190
4052,0
4052,202
4052,196
4053,0
4053,5
4053,183
4053,184
4053,57
4053,190
4054,0
4054,56
4054,184
4055,0
4055,202
4055,5
4056,201
4056,234
4056,5
4056,1
4057,0
4057,202
4057,183
4057,184
4057,61
4058,0
4058,1
4058,184
4059,80
4059,196
4059,61
4059,94
4060,0
4060,16
4060,187
4060,190
4060,95
4061,0
4061,96
4061,80
4061,184
4061,93
4062,0
4062,5
4062,184
4062,61
4062,190
4063,0
4063,5
4063,201
4063,202
4063,190
4064,0
4064,192
4064,196
4064,5
4064,202
4064,216
4064,57
4065,0
4065,16
4065,181
4065,185
4065,190
4066,184
4066,81
4066,196
4067,0
4067,192
4067,76
4067,16
4067,181
4067,247
4067,190
4068,0
4068,192
4068,98
4068,210
4068,95
4069,0
4069,1
4069,16
4069,185
4069,187
4070,0
4070,201
4070,5
4070,247
4071,0
4071,1
4071,196
4071,16
4071,183
4071,184
4072,0
4072,1
4072,192
4072,201
4072,184
4073,0
4073,201
4073,185
4073,1
4074,0
4074,181
4074,184
4074,187
4074,61
4075,0
4075,182
4076,0
4076,1
4076,192
4076,233
4076,187
4077,0
4077,96
4077,1
4077,201
4077,94
4078,0
4078,5
4078,202
4078,16
4078,183
4078,56
4078,185
4079,192
4079,181
4080,0
4080,201
4081,57
4081,196
4081,181
4082,0
4082,201
4082,233
4082,192
4083,0
4083,201
4083,92
4083,94
4084,0
4084,70
4084,201
4084,16
4084,187
4084,95
4085,0
4085,1
4085,5
4085,182
4085,183
4085,184
4086,0
4086,5
4086,201
4086,16
4086,57
4087,0
4087,16
4087,192
4087,183
4088,0
4088,1
4088,202
4088,210
4088,184
4088,57
4088,190
4089,0
4089,234
4089,190
4090,0
4090,202
4090,192
4091,0
4091,192
4091,196
4091,234
4091,182
4092,0
4092,16
4092,247
4092,184
4092,185
4092,57
4093,0
4093,196
4093,5
4093,93
4093,94
4094,0
4094,1
4094,5
4094,70
4094,210
4094,181
4094,182
4094,185
4095,0
4095,1
4095,16
4095,184
4095,57
4096,96
4096,210
4096,187
4096,93
4097,0
4097,77
4097,210
4097,181
4097,184
4097,95
4098,0
4098,192
4098,16
4098,56
4098,187
4099,0
4099,196
4099,184
4100,0
4100,201
4100,182
4100,190
4101,0
4101,196
4101,16
4101,247
4101,184
4101,57
4102,0
4102,201
4102,190
4103,0
4103,234
4103,181
4103,70
4104,0
4104,5
4104,182
4104,183
4104,216
4104,190
4105,0
4105,233
4105,74
4105,16
4105,93
4105,181
4105,183
4105,184
4105,61
4105,95
4106,1
4106,16
4106,181
4106,56
4106,185
4107,77
4107,16
4107,183
4107,56
4107,187
4107,190
4107,95
4108,0
4108,196
4108,81
4108,183
4108,185
4108,247
4108,57
4109,0
4109,202
4109,74
4109,181
4109,183
4109,57
4109,93
4109,94
4110,0
4110,201
4110,80
4110,181
4111,0
4111,202
4111,16
4111,181
4111,182
4112,0
4112,98
4112,196
4112,76
4112,16
4112,56
4112,93
4113,0
4113,201
4114,0
4114,196
4114,70
4114,183
4114,184
4115,0
4115,74
4115,210
4115,184
4115,187
4115,190
4116,0
4116,1
4116,5
4116,202
4116,76
4116,182
4116,183
4117,0
4117,187
4117,192
4118,0
4118,196
4118,182
4118,184
4119,0
4119,185
4119,5
4119,70
4120,0
4120,233
4120,16
4120,184
4120,185
4120,57
4121,0
4121,16
4121,182
4122,0
4122,5
4122,201
4122,202
4122,16
4122,57
4123,0
4123,192
4124,0
4124,1
4124,192
4124,74
4124,181
4125,0
4125,185
4125,61
4125,181
4126,0
4126,1
4126,192
4126,16
4126,247
4126,57
4127,0
4127,196
4127,201
4127,210
4127,187
4127,94
4128,0
4128,233
4128,16
4128,181
4128,183
4129,0
4129,182
4129,190
4129,247
4130,0
4130,185
4130,187
4130,181
4131,0
4131,96
4131,98
4131,80
4131,210
4131,190
4132,0
4132,56
4132,196
4133,0
4133,1
4133,202
4133,183
4133,57
4134,216
4134,201
4134,182
4135,0
4135,5
4135,247
4135,187
4135,61
4136,0
4136,76
4136,181
4136,92
4137,0
4137,185
4137,187
4137,93
4137,190
4138,0
4138,74
4138,190
4138,95
4139,0
4139,76
4139,16
4139,183
4139,247
4139,92
4139,94
4140,0
4140,192
4140,5
4140,56
4140,185
4141,0
4141,56
4141,181
4141,95
4142,0
4142,5
4142,201
4142,181
4142,190
4143,0
4143,192
4143,5
4143,202
4143,234
4144,0
4144,98
4144,70
4144,202
4144,16
4145,0
4145,74
4145,216
4145,192
4146,0
4146,74
4146,181
4146,184
4146,185
4146,93
4147,0
4147,1
4147,16
4147,181
4147,183
4147,184
4148,0
4148,196
4148,77
4148,183
4149,0
4149,1
4149,182
4149,192
4150,0
4150,1
4150,5
4150,70
4150,76
4150,182
4151,0
4151,1
4151,233
4151,16
4151,183
4152,0
4152,201
4152,81
4152,192
4153,0
4153,233
4153,202
4153,181
4153,184
4154,0
4154,1
4154,187
4154,216
4155,0
4155,96
4155,196
4155,5
4155,76
4155,182
4155,56
4156,0
4156,16
4156,187
4157,0
4157,192
4157,196
4157,210
4157,185
4157,93
4157,94
4158,0
4158,210
4158,196
4159,0
4159,5
4159,184
4160,0
4160,1
4160,74
4160,182
4160,61
4161,0
4161,70
4161,247
4161,184
4161,185
4161,187
4162,0
4162,96
4162,196
4162,5
4162,81
4162,181
4162,247
4162,190
4163,0
4163,233
4163,77
4163,16
4163,184
4164,0
4164,192
4164,196
4164,5
4164,77
4164,16
4164,185
4164,61
4165,16
4165,201
4165,5
4166,0
4166,98
4166,202
4166,16
4166,187
4166,61
4167,0
4167,1
4167,196
4167,81
4167,210
4167,181
4167,187
4167,61
4168,0
4168,1
4168,192
4168,98
4168,201
4168,74
4168,216
4169,0
4169,5
4169,70
4169,234
4169,182
4170,0
4170,196
4170,181
4171,0
4171,1
4171,192
4171,210
4171,184
4171,185
4172,0
4172,196
4172,70
4172,201
4172,233
4172,80
4173,0
4173,5
4173,201
4173,77
4173,181
4173,187
4173,61
4173,94
4174,0
4174,5
4174,56
4174,185
4174,184
4175,0
4175,1
4175,80
4175,216
4175,187
4176,16
4176,196
4176,5
4177,80
4177,234
4177,183
4178,0
4178,201
4178,187
4178,5
4179,1
4179,77
4179,16
4179,182
4179,216
4179,185
4179,92
4180,0
4180,192
4180,5
4180,181
4180,182
4181,0
4181,210
4181,184
4182,0
4182,210
4182,184
4183,0
4183,1
4183,192
4184,0
4184,1
4184,201
4184,76
4184,16
4184,181
4184,185
4185,0
4185,196
4185,233
4185,202
4185,16
4185,183
4185,57
4185,92
4185,93
4186,0
4186,196
4186,5
4186,201
4186,185
4187,0
4187,196
4188,0
4188,16
4188,181
4188,184
4189,0
4189,185
4189,187
4189,61
4190,0
4190,201
4190,74
4190,94
4190,56
4190,185
4190,184
4191,0
4191,1
4191,98
4191,196
4191,77
4191,16
4191,183
4191,57
4192,0
4192,1
4192,187
4193,0
4193,185
4194,0
4194,192
4194,216
4194,185
4194,190
4195,0
4195,16
4195,202
4195,181
4196,0
4196,98
4196,233
4196,16
4196,80
4196,183
4196,185
4196,190
4197,0
4197,183
4197,190
4197,184
4198,0
4198,1
4198,74
4198,16
4198,183
4198,184
4199,0
4199,1
4199,192
4199,196
4199,16
4199,190
4200,0
4200,192
4200,5
4200,202
4200,93
4200,94
4201,0
4201,70
4201,77
4201,184
4202,0
4202,234
4202,196
4203,0
4203,1
4203,196
4203,183
4203,61
4203,190
4204,0
4204,1
4204,192
4204,196
4204,185
4205,0
4205,1
4205,16
4205,56
4205,187
4206,0
4206,5
4206,74
4206,56
4206,94
4206,190
4207,0
4207,16
4207,187
4207,70
4208,0
4208,192
4208,182
4208,56
4208,185
4209,0
4209,1
4209,196
4209,5
4209,185
4209,190
4210,0
4210,70
4210,182
4211,0
4211,70
4211,190
4212,0
4212,1
4212,233
4212,16
4212,56
4212,187
4212,190
4213,0
4213,1
4213,202
4213,16
4213,185
4213,190
4214,192
4214,202
4214,210
4214,184
4214,57
4215,0
4215,5
4215,201
4215,16
4215,56
4216,0
4216,80
4216,190
4216,182
4217,0
4217,1
4217,234
4217,56
4217,190
4218,0
4218,80
4218,202
4218,56
4219,0
4219,192
4219,201
4219,184
4219,61
4220,0
4220,184
4221,0
4221,16
4221,202
4221,183
4222,0
4222,196
4223,16
4223,185
4224,0
4224,184
4224,183
4225,0
4225,70
4225,182
4226,0
4226,182
4227,0
4227,1
4227,190
4228,0
4228,1
4228,196
4228,233
4228,181
4228,57
4228,187
4229,192
4229,0
4229,1
4229,187
4229,61
4230,0
4230,5
4230,182
4230,184
4230,61
4231,0
4231,70
4231,182
4231,185
4231,190
4232,0
4232,5
4232,181
4233,0
4233,16
4233,185
4233,94
4233,95
4234,0
4234,192
4234,5
4234,70
4234,183
4234,93
4235,0
4235,192
4236,16
4236,184
4236,187
4236,92
4236,190
4236,95
4237,0
4237,1
4237,192
4237,98
4237,5
4237,74
4237,93
4238,0
4238,185
4238,76
4239,16
4239,233
4239,5
4239,183
4240,0
4240,1
4240,76
4240,16
4240,183
4240,184
4241,0
4241,202
4241,196
4241,5
4242,0
4242,1
4242,76
4242,182
4242,187
4242,92
4242,93
4243,0
4243,1
4243,192
4243,16
4243,247
4243,185
4244,0
4244,96
4244,196
4244,181
4245,0
4245,1
4245,202
4245,234
4245,183
4246,0
4246,201
4246,196
4246,1
4247,0
4247,1
4247,181
4247,184
4247,57
4247,187
4248,0
4248,1
4248,192
4248,247
4248,185
4248,187
4249,0
4249,16
4249,61
4249,184
4250,0
4250,96
4250,5
4250,201
4250,210
4250,190
4251,0
4251,16
4251,57
4251,192
4252,0
4252,196
4252,16
4252,181
4252,183
4252,247
4253,0
4253,96
4253,196
4253,234
4253,81
4253,183
4253,185
4253,95
4254,0
4254,233
4254,182
4254,184
4255,0
4255,181
4255,185
4255,92
4255,190
4256,0
4256,182
4256,192
4257,0
4257,1
4257,5
4257,70
4257,182
4258,0
4258,202
4259,0
4259,196
4259,5
4259,202
4259,16
4259,190
4260,202
4260,196
4260,74
4261,0
4261,81
4261,56
4261,182
4262,1
4262,196
4262,181
4263,0
4263,1
4263,181
4263,216
4263,92
4263,61
4263,190
4264,0
4264,196
4264,183
4264,216
4264,184
4265,80
4265,94
4265,92
4265,182
4266,0
4266,1
4266,183
4266,57
4266,187
4267,96
4267,185
4267,92
4268,0
4268,1
4268,196
4268,70
4268,181
4268,184
4269,0
4269,196
4269,181
4270,0
4270,184
4271,0
4271,196
4271,182
4271,183
4272,0
4272,192
4272,70
4272,201
4272,81
4272,210
4272,183
4273,0
4273,1
4273,76
4273,16
4273,182
4273,94
4274,0
4274,5
4274,202
4274,234
4274,183
4274,187
4275,0
4275,81
4275,181
4276,0
4276,1
4276,98
4276,196
4276,202
4276,76
4276,56
4277,0
4277,190
4278,0
4278,16
4278,247
4278,61
4278,190
4279,0
4279,96
4279,98
4279,196
4279,81
4280,0
4280,201
4280,202
4280,190
4281,0
4281,201
4281,80
4281,70
4282,0
4282,5
4282,70
4282,81
4282,187
4283,0
4283,190
4283,192
4284,0
4284,1
4284,181
4285,0
4285,1
4285,196
4285,201
4285,57
4286,0
4286,192
4287,0
4287,192
4287,16
4287,182
4287,57
4288,0
4288,201
4288,181
4288,247
4289,57
4289,5
4289,187
4289,181
4290,0
4290,1
4290,185
4290,190
4290,57
4291,0
4291,1
4291,192
4291,16
4291,183
4291,57
4292,0
4292,1
4292,61
4292,192
4293,1
4293,196
4293,16
4293,210
4293,181
4293,190
4294,0
4294,185
4294,190
4294,182
4295,0
4295,1
4295,5
4295,181
4295,183
4295,216
4296,0
4296,1
4296,196
4296,16
4297,0
4297,192
4297,70
4297,201
4297,216
4297,190
4298,0
4298,185
4298,92
4298,192
4299,0
4299,98
4299,196
4299,16
4299,181
4299,184
4299,92
4299,216
4300,0
4300,187
4300,70
4300,216
4301,0
4301,5
4301,234
4301,187
4301,190
4302,0
4302,1
4302,5
4302,56
4302,185
4302,94
4302,216
4303,0
4303,57
4303,80
4303,192
4304,0
4304,201
4304,16
4304,184
4304,57
4305,0
4305,57
4305,187
4306,0
4306,1
4306,5
4306,70
4306,77
4306,182
4306,247
4306,187
4307,0
4307,192
4307,77
4307,181
4307,187
4308,0
4308,1
4308,56
4308,196
4309,0
4309,201
4309,184
4309,16
4310,0
4310,192
4311,0
4311,201
4311,5
4311,16
4312,0
4312,182
4313,0
4313,5
4313,233
4313,181
4313,184
4314,0
4314,74
4314,187
4314,96
4315,0
4315,76
4315,181
4315,184
4316,0
4316,5
4316,16
4316,181
4316,247
4317,0
4317,196
4317,5
4317,233
4317,16
4317,183
4317,184
4318,0
4318,77
4318,182
4318,190
4318,94
4319,0
4319,201
4319,234
4319,56
4319,184
4320,0
4320,185
4320,196
4320,192
4321,0
4321,1
4321,192
4321,183
4321,61
4322,0
4322,16
4322,5
4322,184
4323,0
4323,182
4323,184
4323,92
4323,93
4324,0
4324,1
4324,5
4324,201
4324,202
4324,247
4324,57
4324,187
4325,0
4325,185
4325,74
4325,210
4326,0
4326,181
4326,183
4326,57
4326,190
4327,0
4327,202
4327,92
4327,247
4328,0
4328,57
4328,202
4328,183
4329,0
4329,196
4329,234
4329,181
4329,183
4329,57
4330,0
4330,98
4330,5
4330,233
4330,202
4331,0
4331,183
4331,181
4331,192
4332,0
4332,185
4332,77
4332,183
4333,0
4333,1
4333,5
4333,181
4333,184
4333,185
4333,57
4334,0
4334,185
4334,187
4334,5
4335,0
4335,183
4336,0
4336,202
4336,56
4336,196
4337,0
4337,233
4337,183
4338,0
4338,70
4338,187
4338,184
4339,0
4339,187
4339,196
4339,192
4340,0
4340,5
4340,77
4340,182
4340,93
4341,0
4341,1
4341,192
4341,56
4341,216
4342,0
4342,5
4342,202
4342,80
4342,181
4342,187
4343,0
4343,16
4343,182
4343,247
4343,57
4343,190
4344,0
4344,1
4344,192
4345,0
4345,98
4345,196
4345,5
4345,201
4345,202
4345,76
4346,0
4346,192
4346,1
4346,77
4346,16
4346,183
4346,185
4347,0
4347,96
4347,5
4347,70
4347,76
4347,184
4348,0
4348,202
4348,196
4348,190
4349,0
4349,185
4349,5
4349,16
4350,0
4350,201
4350,81
4350,182
4350,184
4350,57
4350,93
4350,95
4351,0
4351,201
4351,202
4351,182
4352,196
4352,5
4352,233
4352,202
4352,80
4352,183
4352,94
4352,95
4353,1
4353,16
4353,182
4353,187
4353,190
4354,0
4354,196
4354,5
4354,181
4354,57
4355,0
4355,183
4355,192
4356,0
4356,1
4356,98
4356,196
4356,16
4356,190
4357,0
4357,16
4357,182
4357,57
4358,0
4358,70
4358,196
4358,184
4359,0
4359,98
4359,201
4359,183
4359,56
4359,92
4359,184
4360,1
4360,5
4360,233
4360,202
4360,187
4361,0
4361,70
4361,201
4361,16
4361,210
4361,182
4362,0
4362,182
4362,183
4362,184
4362,61
4363,0
4363,16
4363,183
4363,57
4363,187
4363,190
4364,0
4364,1
4364,202
4364,5
4365,0
4365,185
4365,201
4365,192
4366,0
4366,70
4366,183
4366,184
4366,187
4367,0
4367,192
4367,5
4367,76
4367,57
4367,187
4368,0
4368,57
4368,216
4368,192
4369,0
4369,185
4369,182
4369,1
4370,0
4370,1
4370,202
4370,76
4370,183
4370,184
4370,216
4371,0
4371,1
4371,196
4371,184
4371,185
4371,57
4372,0
4372,81
4372,61
4372,182
4373,0
4373,16
4373,210
4373,57
4373,190
4373,94
4374,0
4374,56
4374,5
4374,183
4375,0
4375,182
4375,5
4375,190
4376,0
4376,233
4376,202
4376,182
4376,56
4376,184
4377,0
4377,216
4377,61
4377,192
4378,0
4378,201
4378,57
4378,183
4379,0
4379,185
4379,202
4379,196
4380,0
4380,192
4380,70
4380,233
4380,74
4380,187
4380,190
4381,0
4381,187
4381,184
4382,0
4382,98
4382,196
4382,16
4382,80
4382,210
4382,182
4382,184
4382,56
4383,0
4383,16
4383,80
4383,182
4383,183
4383,57
4383,94
4384,0
4384,182
4384,190
4385,0
4385,57
4385,184
4386,0
4386,196
4386,202
4386,74
4386,183
4386,247
4387,0
4387,5
4387,234
4387,183
4387,184
4387,61
4388,0
4388,81
4388,182
4388,184
4388,185
4389,0
4389,196
4389,182
4389,56
4389,185
4390,0
4390,1
4390,192
4390,234
4390,16
4390,187
4390,61
4391,0
4391,96
4391,70
4391,76
4391,16
4391,181
4391,216
4392,0
4392,202
4392,74
4392,56
4392,216
4393,0
4393,81
4393,93
4393,184
4394,0
4394,1
4394,98
4394,233
4394,185
4394,92
4395,0
4395,16
4395,183
4395,185
4395,187
4396,0
4396,192
4396,70
4396,16
4396,182
4397,0
4397,192
4397,5
4397,70
4397,182
4398,192
4398,76
4398,184
4398,187
4398,95
4399,1
4399,70
4399,183
4399,184
4399,185
4400,0
4400,196
4400,201
4400,16
4400,216
4400,57
4401,0
4401,1
4401,210
4401,182
4402,0
4402,16
4402,61
4402,190
4403,0
4403,196
4403,16
4403,80
4403,181
4403,247
4403,187
4403,93
4403,95
4404,0
4404,202
4404,234
4404,76
4404,61
4404,95
4405,0
4405,70
4405,201
4405,181
4405,187
4406,0
4406,61
4406,190
4407,0
4407,80
4407,70
4407,183
4408,16
4408,1
4408,196
4408,57
4409,0
4409,96
4409,80
4409,184
4409,61
4410,0
4410,181
4410,247
4411,0
4411,96
4411,202
4411,74
4411,185
4411,94
4412,0
4412,196
4412,77
4412,183
4412,190
4413,0
4413,201
4413,181
4413,216
4413,61
4414,0
4414,1
4414,70
4414,182
4414,184
4414,216
4415,0
4415,190
4415,216
4416,0
4416,192
4416,196
4416,181
4416,216
4417,0
4417,201
4418,0
4418,1
4418,98
4418,202
4418,81
4418,56
4418,185
4418,190
4419,0
4419,16
4419,196
4419,184
4420,0
4420,202
4420,181
4421,0
4421,81
4421,183
4422,0
4422,74
4422,187
4423,0
4423,16
4423,182
4423,190
4424,0
4424,196
4424,182
4425,0
4425,76
4425,190
4426,0
4426,1
4426,181
4426,185
4426,61
4426,190
4427,0
4427,202
4427,187
4427,196
4428,0
4428,196
4429,0
4429,196
4429,5
4429,201
4429,81
4429,94
4429,95
4430,0
4430,192
4430,196
4430,247
4430,185
4430,61
4431,202
4431,190
4432,0
4432,196
4432,5
4432,233
4432,16
4432,181
4432,182
4433,0
4433,96
4433,196
4433,5
4433,16
4433,81
4433,185
4433,61
4433,95
4434,0
4434,1
4434,70
4434,202
4434,16
4434,181
4434,182
4435,0
4435,96
4435,5
4435,76
4435,16
4435,182
4435,183
4435,185
4435,93
4436,0
4436,16
4436,190
4436,183
4437,0
4437,201
4437,56
4437,190
4438,0
4438,1
4438,70
4438,201
4438,234
4439,0
4439,5
4439,181
4439,56
4439,184
4440,202
4440,70
4441,0
4441,1
4441,96
4441,5
4441,234
4441,80
4441,56
4441,93
4441,190
4442,196
4442,210
4442,183
4442,57
4442,93
4443,0
4443,192
4443,196
4443,80
4443,181
4443,56
4444,0
4444,1
4444,202
4444,183
4445,0
4445,1
4445,16
4445,183
4445,187
4445,190
4446,0
4446,16
4446,202
4446,183
4447,0
4447,70
4447,183
4448,0
4448,187
4448,181
4448,183
4449,0
4449,1
4449,192
4449,202
4449,216
4450,0
4450,181
4450,192
4451,0
4451,196
4451,16
4451,181
4451,190
4452,0
4452,201
4453,0
4453,5
4453,184
4454,0
4454,185
4454,181
4454,182
4455,0
4455,201
4455,16
4455,183
4455,185
4455,57
4456,0
4456,202
4456,192
4457,0
4457,1
4457,98
4457,201
4457,80
4457,210
4457,181
4457,57
4457,95
4458,0
4458,196
4458,184
4458,192
4459,0
4459,196
4459,5
4459,184
4460,0
4460,196
4460,184
4460,192
4461,184
4461,1
4462,0
4462,201
4462,96
4462,77
4463,0
4463,5
4463,181
4463,182
4463,61
4463,190
4464,0
4464,5
4464,74
4464,181
4465,0
4465,1
4465,70
4465,16
4465,182
4465,184
4465,190
4466,0
4466,181
4466,70
4467,0
4467,182
4467,181
4467,190
4468,0
4468,185
4468,234
4468,182
4469,0
4469,233
4469,5
4469,184
4470,0
4470,202
4470,234
4470,184
4470,57
4471,0
4471,1
4471,80
4471,56
4471,185
4471,187
4471,216
4472,0
4472,201
4472,76
4472,181
4472,184
4472,93
4473,0
4473,187
4473,196
4473,183
4474,0
4474,77
4474,181
4474,183
4475,0
4475,1
4475,98
4475,196
4475,247
4475,187
4475,94
4476,0
4476,181
4476,184
4477,0
4477,202
4477,196
4477,70
4478,0
4478,192
4478,5
4478,202
4478,16
4479,0
4479,98
4479,81
4479,181
4479,185
4479,95
4480,0
4480,185
4480,196
4480,5
4481,0
4481,70
4481,233
4481,181
4481,190
4482,0
4482,196
4483,0
4483,201
4483,5
4483,57
4484,0
4484,182
4484,247
4484,61
4484,94
4484,95
4485,0
4485,234
4485,196
4485,183
4486,0
4486,16
4486,202
4487,0
4487,96
4487,233
4487,16
4487,81
4487,182
4487,183
4487,61
4488,0
4488,1
4488,184
4488,190
4488,216
4489,0
4489,182
4490,201
4491,0
4491,5
4491,202
4491,181
4491,56
4491,185
4492,0
4492,196
4492,5
4492,70
4492,201
4492,233
4492,81
4492,183
4493,0
4493,187
4493,181
4494,0
4494,185
4494,202
4494,187
4495,0
4495,202
4495,210
4495,184
4495,185
4496,0
4496,196
4496,5
4497,0
4497,201
4497,216
4498,0
4498,192
4498,16
4498,92
4498,93
4499,0
4499,5
4499,210
4499,183
4499,187
4499,61
4500,0
4500,181
4500,185
4500,187
4500,61
4501,0
4501,1
4501,5
4501,202
4501,57
4502,0
4502,201
4502,1
4503,0
4503,202
4503,80
4503,93
4503,182
4503,184
4503,61
4503,216
4504,0
4504,96
4504,192
4504,81
4504,187
4505,0
4505,5
4505,201
4505,202
4505,16
4505,210
4505,56
4505,187
4506,0
4506,196
4506,210
4506,182
4506,56
4507,0
4507,233
4507,202
4507,16
4507,185
4507,187
4508,192
4508,5
4508,70
4508,16
4508,181
4509,0
4509,202
4509,182
4509,183
4510,0
4510,192
4510,70
4510,201
4510,202
4510,16
4511,0
4511,1
4511,196
4511,247
4512,0
4512,16
4512,181
4512,187
4512,95
4513,0
4513,196
4513,70
4513,77
4513,210
4513,183
4513,184
4513,94
4514,0
4514,190
4514,182
4514,192
4515,0
4515,196
4515,233
4515,16
4515,181
4515,190
4516,0
4516,192
4516,196
4516,81
4516,181
4516,94
4517,184
4517,57
4517,192
4518,0
4518,183
4518,182
4518,184
4519,0
4519,201
4519,234
4519,57
4519,187
4520,0
4520,5
4520,210
4520,61
4520,190
4521,0
4521,234
4521,187
4521,70
4522,0
4522,233
4522,182
4523,0
4523,187
4524,0
4524,202
4524,190
4525,0
4525,196
4525,201
4525,247
4525,183
4526,0
4526,1
4526,5
4526,61
4526,190
4527,0
4527,192
4527,5
4527,74
4527,234
4527,16
4527,56
4527,95
4528,192
4528,1
4528,70
4528,201
4528,233
4529,0
4529,201
4529,202
4529,184
4530,0
4530,77
4530,181
4530,182
4530,57
4531,0
4531,16
4531,187
4532,0
4532,1
4532,202
4532,56
4532,184
4532,216
4533,0
4533,5
4533,201
4533,16
4533,182
4534,0
4534,98
4534,187
4534,181
4535,0
4535,57
4535,184
4535,192
4536,0
4536,61
4536,5
4536,192
4537,0
4537,16
4537,192
4538,247
4538,70
4538,183
4539,0
4539,98
4539,196
4539,183
4539,187
4540,0
4540,96
4540,80
4540,16
4540,183
4540,185
4540,92
4541,0
4541,201
4541,181
4541,16
4542,0
4542,96
4542,98
4542,196
4542,5
4542,16
4542,184
4542,61
4543,0
4543,96
4543,98
4543,192
4543,190
4544,192
4544,196
4544,5
4544,70
4544,16
4544,216
4545,0
4545,192
4545,196
4545,5
4545,16
4545,181
4546,0
4546,16
4546,190
4547,0
4547,1
4547,192
4548,0
4548,5
4548,183
4549,0
4549,202
4549,234
4550,0
4550,1
4550,202
4550,187
4550,190
4551,0
4551,192
4551,98
4551,80
4551,181
4551,61
4552,0
4552,5
4552,70
4552,16
4552,182
4553,0
4553,70
4553,182
4554,0
4554,196
4554,184
4554,192
4555,0
4555,1
4555,74
4555,234
4555,56
4555,185
4556,0
4556,70
4556,202
4556,182
4556,185
4557,1
4557,76
4557,16
4557,182
4557,187
4557,92
4557,61
4557,190
4557,95
4558,0
4558,196
4558,247
4558,183
4558,187
4558,61
4559,0
4559,192
4559,190
4559,183
4560,0
4560,1
4560,182
4560,216
4560,57
4561,0
4561,1
4561,98
4561,70
4561,201
4561,77
4561,93
4562,0
4562,202
4562,182
4562,190
4563,0
4563,185
4563,76
4563,5
4564,0
4564,185
4564,181
4564,192
4565,0
4565,201
4566,0
4566,1
4566,196
4566,201
4566,81
4566,56
4567,0
4567,192
4567,98
4567,16
4567,181
4567,56
4567,185
4567,93
4568,0
4568,192
4568,98
4568,70
4568,80
4568,184
4568,190
4568,95
4569,0
4569,1
4569,192
4569,5
4569,70
4569,81
4569,95
4570,0
4570,1
4570,182
4570,70
4571,0
4571,98
4571,16
4571,181
4571,183
4571,56
4572,0
4572,192
4572,96
4572,80
4572,181
4572,247
4572,56
4572,92
4572,184
4573,0
4573,98
4573,196
4573,201
4573,76
4573,187
4573,95
4574,0
4574,98
4574,196
4574,70
4574,183
4574,187
4574,94
4575,0
4575,1
4575,76
4575,183
4575,184
4575,187
4576,0
4576,187
4576,95
4577,0
4577,196
4577,81
4577,183
4577,57
4577,187
4578,1
4578,196
4578,202
4578,16
4578,81
4578,182
4578,57
4579,0
4579,1
4579,181
4579,183
4579,185
4580,192
4580,234
4580,5
4580,182
4581,0
4581,1
4581,96
4581,201
4581,182
4581,185
4582,0
4582,196
4582,234
4582,80
4582,185
4583,0
4583,1
4583,192
4583,202
4583,184
4583,93
4583,94
4584,0
4584,70
4584,201
4584,81
4584,216
4584,93
4585,0
4585,16
4585,182
4585,61
4585,190
4586,0
4586,187
4586,182
4586,183
4587,0
4587,185
4587,187
4587,1
4588,0
4588,201
4588,202
4588,234
4588,56
4588,92
4589,0
4589,81
4589,187
4589,94
4589,95
4590,0
4590,185
4590,16
4591,0
4591,201
4591,16
4591,185
4591,187
4591,93
4592,0
4592,1
4592,61
4592,190
4593,61
4593,187
4593,5
4593,247
4594,0
4594,5
4594,16
4594,185
4594,187
4594,92
4594,94
4595,0
4595,5
4595,202
4595,210
4595,184
4595,190
4596,0
4596,247
4596,5
4596,183
4597,0
4597,1
4597,196
4598,0
4598,1
4598,196
4598,77
4598,210
4598,184
4598,94
4599,0
4599,96
4599,201
4599,202
4599,233
4599,185
4600,0
4600,185
4600,202
4600,56
4601,0
4601,183
4601,1
4601,192
4602,0
4602,96
4602,183
4602,184
4602,92
4603,0
4603,57
4603,181
4603,247
4604,0
4604,74
4604,183
4604,94
4604,95
4605,0
4605,70
4605,80
4605,16
4605,185
4606,0
4606,192
4606,216
4606,183
4607,0
4607,201
4607,233
4607,76
4607,185
4607,92
4607,94
4608,0
4608,182
4608,183
4608,56
4608,216
4609,0
4609,77
4609,181
4609,247
4609,57
4609,190
4610,0
4610,1
4610,192
4610,201
4610,16
4610,210
4610,56
4610,185
4611,0
4611,16
4611,181
4611,185
4611,187
4612,0
4612,1
4612,201
4612,202
4612,16
4612,184
4612,57
4613,0
4613,196
4613,5
4613,201
4613,81
4613,56
4613,185
4614,0
4614,185
4614,192
4615,0
4615,16
4615,187
4615,216
4616,0
4616,70
4616,187
4616,184
4617,192
4617,0
4617,201
4617,16
4617,216
4617,187
4618,0
4618,196
4618,5
4618,181
4618,190
4619,201
4619,182
4620,0
4620,185
4620,70
4620,192
4621,0
4621,192
4621,5
4621,16
4621,57
4621,92
4621,190
4622,0
4622,5
4622,16
4622,182
4622,184
4622,185
4623,0
4623,201
4623,77
4623,184
4623,92
4623,93
4623,190
4624,0
4624,76
4624,181
4624,183
4624,190
4625,80
4625,201
4625,57
4626,0
4626,184
4626,216
4627,0
4627,202
4627,80
4628,0
4628,201
4628,181
4628,182
4629,0
4629,1
4629,182
4629,183
4629,94
4630,0
4630,201
4630,182
4630,184
4630,61
4630,216
4631,0
4631,1
4631,70
4631,16
4631,181
4631,182
4631,183
4631,247
4632,0
4632,96
4632,98
4632,77
4632,16
4632,181
4632,56
4632,185
4633,0
4633,201
4633,187
4634,0
4634,61
4634,184
4635,0
4635,70
4635,77
4635,16
4635,216
4635,187
4636,0
4636,70
4636,202
4636,187
4636,190
4637,0
4637,16
4637,192
4638,0
4638,1
4638,192
4638,5
4638,70
4638,234
4638,185
4639,0
4639,16
4639,182
4639,70
4640,0
4640,5
4640,70
4640,202
4640,181
4640,247
4640,187
4641,0
4641,61
4641,182
4641,192
4642,0
4642,1
4642,192
4642,16
4642,216
4642,185
4642,57
4643,0
4643,185
4643,183
4644,0
4644,16
4644,182
4644,184
4644,187
4645,0
4645,185
4645,184
4646,0
4646,98
4646,234
4646,80
4646,190
4647,0
4647,201
4647,181
4648,0
4648,16
4648,74
4648,196
4649,0
4649,57
4649,202
4649,196
4650,0
4650,98
4650,196
4650,70
4650,201
4650,76
4650,182
4651,0
4651,192
4651,202
4651,56
4651,184
4652,0
4652,201
4652,16
4652,81
4652,247
4652,57
4652,187
4653,0
4653,96
4653,192
4653,233
4653,81
4653,181
4654,0
4654,16
4654,182
4654,183
4654,216
4655,0
4655,192
4655,76
4655,16
4655,184
4656,0
4656,1
4656,202
4656,183
4657,0
4657,1
4657,201
4657,202
4657,233
4657,93
4657,94
4658,0
4658,1
4658,202
4658,16
4658,184
4658,190
4659,0
4659,57
4659,184
4660,0
4660,5
4660,184
4661,0
4661,56
4661,182
4662,0
4662,233
4662,202
4662,81
4662,181
4663,0
4663,202
4664,0
4664,196
4664,201
4664,77
4664,95
4665,0
4665,5
4665,184
4665,57
4665,93
4665,190
4665,95
4666,0
4666,190
4666,182
4666,183
4667,0
4667,5
4667,201
4667,181
4667,94
4667,95
4668,0
4668,202
4668,80
4668,183
4668,56
4668,187
4669,185
4669,201
4669,183
4670,0
4670,98
4670,196
4670,187
4670,92
4670,61
4671,201
4671,98
4671,234
4671,61
4672,0
4672,1
4672,202
4673,0
4673,234
4673,196
4673,61
4674,0
4674,1
4674,98
4674,210
4674,181
4674,183
4674,184
4675,0
4675,96
4675,196
4675,181
4675,61
4675,94
4676,0
4676,16
4676,183
4677,0
4677,196
4677,202
4677,81
4677,182
4677,57
4678,0
4678,185
4678,5
4678,16
4679,0
4679,202
4679,183
4679,185
4679,57
4680,0
4680,1
4680,192
4680,5
4680,183
4681,0
4681,96
4681,183
4681,187
4681,95
4682,0
4682,57
4682,202
4683,0
4683,77
4683,181
4683,183
4683,187
4684,0
4684,1
4684,181
4684,192
4685,0
4685,192
4685,70
4685,202
4685,184
4686,0
4686,185
4686,202
4686,61
4687,0
4687,5
4687,187
4687,93
4687,190
4688,0
4688,192
4688,70
4688,76
4688,210
4688,181
4688,92
4688,95
4689,0
4689,201
4689,234
4689,182
4690,0
4690,5
4690,77
4690,56
4690,187
4691,0
4691,196
4691,16
4691,181
4691,184
4692,0
4692,96
4692,74
4692,16
4692,56
4692,185
4692,92
4693,0
4693,190
4693,184
4693,216
4694,0
4694,196
4694,5
4694,56
4694,187
4695,0
4695,16
4695,184
4696,0
4696,185
4696,210
4696,181
4697,0
4697,183
4697,216
4697,94
4697,95
4698,0
4698,187
4699,0
4699,192
4699,201
4699,16
4699,57
4700,0
4700,1
4700,192
4700,5
4700,181
4700,183
4700,61
4701,0
4701,196
4701,5
4701,16
4701,81
4701,247
4701,57
4702,0
4702,1
4702,196
4703,0
4703,234
4703,190
4704,0
4704,1
4704,192
4704,196
4704,74
4704,182
4704,61
4704,95
4705,0
4705,96
4705,98
4705,196
4705,5
4705,16
4705,183
4705,185
4706,0
4706,196
4706,192
4706,183
4707,0
4707,184
4708,0
4708,185
4708,96
4708,77
4709,0
4709,1
4709,196
4709,61
4710,0
4710,96
4710,192
4710,16
4710,247
4710,94
4711,0
4711,196
4711,202
4711,76
4711,182
4711,56
4712,0
4712,184
4713,0
4713,1
4713,96
4713,70
4713,182
4713,190
4714,0
4714,192
4714,5
4714,182
4714,183
4715,0
4715,5
4715,201
4715,181
4715,247
4715,187
4716,0
4716,81
4716,181
4716,247
4717,0
4717,201
4717,184
4717,216
4718,0
4718,70
4718,182
4718,185
4718,187
4719,0
4719,192
4719,96
4719,16
4719,81
4719,56
4720,0
4720,201
4721,0
4721,81
4721,196
4722,216
4722,57
4722,190
4723,0
4723,74
4723,16
4723,94
4723,92
4723,190
4724,0
4724,1
4724,96
4724,5
4724,181
4724,187
4724,93
4725,0
4725,202
4725,184
4725,57
4725,190
4726,201
4726,16
4726,185
4726,187
4726,94
4727,0
4727,192
4727,233
4727,202
4727,183
4727,56
4728,0
4728,1
4728,196
4728,5
4729,0
4729,70
4729,233
4729,182
4729,187
4730,0
4730,1
4730,5
4730,70
4730,182
4730,247
4730,187
4731,16
4731,201
4731,196
4732,0
4732,5
4732,16
4732,81
4732,94
4732,187
4732,92
4732,61
4732,190
4733,0
4733,201
4733,192
4733,183
4734,0
4734,96
4734,5
4734,70
4734,76
4734,182
4734,183
4734,187
4735,0
4735,1
4735,202
4735,184
4735,61
4736,0
4736,5
4736,183
4737,0
4737,196
4737,70
4737,187
4737,190
4738,0
4738,70
4738,16
4738,184
4738,93
4739,0
4739,1
4739,5
4739,234
4739,187
4740,0
4740,185
4740,1
4740,57
4741,5
4741,181
4741,190
4741,183
4742,0
4742,1
4742,201
4742,202
4742,185
4742,57
4743,0
4743,74
4743,182
4743,183
4743,61
4743,190
4744,0
4744,202
4744,56
4744,216
4745,0
4745,5
4745,184
4746,0
4746,185
4746,183
4747,0
4747,185
4747,196
4747,190
4748,0
4748,210
4748,182
4748,57
4748,95
4749,0
4749,57
4749,234
4749,196
4750,0
4750,185
4750,76
4750,16
4751,0
4751,192
4751,5
4751,202
4751,61
4751,190
4752,0
4752,57
4752,187
4752,192
4753,0
4753,1
4753,216
4753,185
4753,187
4754,0
4754,202
4754,184
4755,0
4755,1
4755,192
4755,202
4755,182
4755,57
4755,93
4755,94
4756,0
4756,202
4756,190
4756,182
4757,0
4757,5
4757,70
4757,201
4757,16
4757,185
4758,216
4758,202
4758,70
4759,0
4759,196
4759,233
4759,183
4759,184
4760,0
4760,16
4760,80
4760,182
4760,247
4760,56
4760,190
4761,0
4761,202
4761,70
4761,192
4762,0
4762,1
4762,98
4762,74
4762,182
4762,94
4763,233
4763,202
4763,190
4764,0
4764,5
4764,190
4765,0
4765,1
4765,196
4765,201
4765,210
4766,0
4766,96
4766,201
4766,16
4766,56
4766,185
4766,92
4766,190
4767,0
4767,202
4767,77
4767,183
4767,56
4767,190
4768,0
4768,192
4768,202
4768,16
4768,247
4768,190
4769,0
4769,181
4769,184
4770,0
4770,5
4770,181
4770,182
4771,96
4771,210
4771,93
4771,181
4772,0
4772,16
4772,181
4772,184
4773,0
4773,1
4773,182
4773,187
4773,190
4774,0
4774,5
4774,16
4774,184
4774,216
4775,0
4775,1
4775,192
4775,233
4775,61
4776,0
4776,1
4776,196
4776,5
4777,0
4777,201
4777,202
4777,16
4777,56
4777,190
4778,0
4778,202
4778,184
4779,0
4779,1
4779,196
4779,5
4779,201
4780,0
4780,1
4780,192
4780,216
4780,187
4780,190
4781,0
4781,1
4781,5
4781,202
4781,182
4781,184
4782,0
4782,192
4782,196
4782,5
4782,201
4782,77
4783,0
4783,70
4783,202
4783,74
4783,187
4784,0
4784,5
4784,201
4784,76
4784,16
4784,210
4785,0
4785,1
4785,233
4785,16
4785,181
4786,0
4786,210
4786,184
4786,183
4787,0
4787,81
4787,181
4787,182
4787,61
4788,0
4788,185
4789,0
4789,202
4790,0
4790,1
4790,196
4790,192
4791,0
4791,56
4791,183
4792,0
4792,96
4792,5
4792,182
4792,216
4792,185
4792,61
4793,0
4793,96
4793,80
4793,57
4793,187
4793,190
4794,183
4795,0
4795,196
4796,0
4796,1
4796,16
4796,182
4796,247
4796,185
4797,0
4797,192
4797,196
4797,210
4797,182
4797,61
4798,0
4798,202
4798,210
4798,181
4798,61
4798,190
4799,0
4799,98
4799,5
4799,190
4800,192
4800,0
4800,1
4800,201
4800,234
4800,181
4800,61
4801,0
4801,96
4801,80
4801,187
4801,92
4801,61
4802,0
4802,1
4802,181
4802,183
4802,184
4803,0
4803,185
4803,196
4803,192
4804,0
4804,96
4804,201
4804,77
4804,183
4805,0
4805,5
4805,201
4805,185
4805,187
4805,57
4806,0
4806,192
4807,0
4807,1
4807,201
4807,185
4807,190
4808,0
4808,192
4808,70
4808,181
4808,216
4809,0
4809,196
4809,5
4809,16
4809,182
4809,56
4809,187
4810,0
4810,187
4810,196
4810,192
4811,0
4811,70
4811,74
4811,16
4811,247
4811,93
4811,190
4812,0
4812,1
4812,202
4812,234
4812,184
4813,0
4813,96
4813,70
4813,183
4813,94
4814,0
4814,181
4815,0
4815,187
4815,196
4815,192
4816,0
4816,202
4816,56
4817,0
4817,187
4818,0
4818,5
4818,74
4818,183
4818,247
4818,61
4819,185
4820,0
4820,192
4820,16
4820,182
4820,184
4821,0
4821,96
4821,234
4821,187
4821,190
4822,0
4822,1
4822,192
4822,202
4822,16
4822,210
4822,56
4823,0
4823,196
4824,0
4824,196
4824,16
4824,185
4824,57
4825,0
4825,202
4826,0
4826,1
4826,181
4826,183
4827,0
4827,16
4827,181
4827,1
4828,98
4828,201
4828,81
4828,181
4828,185
4828,61
4828,94
4829,0
4829,187
4830,0
4830,5
4830,184
4831,0
4831,183
4832,0
4832,5
4832,233
4832,182
4832,190
4833,0
4833,201
4833,210
4833,182
4833,61
4833,190
4834,0
4834,1
4834,201
4834,74
4834,182
4834,185
4834,57
4835,0
4835,196
4835,182
4835,192
4836,0
4836,1
4836,202
4836,80
4836,184
4836,95
4837,0
4837,98
4837,202
4837,81
4837,181
4837,182
4838,0
4838,1
4838,202
4838,210
4838,184
4838,185
4839,0
4839,185
4839,234
4839,187
4840,0
4840,5
4840,201
4840,182
4840,183
4841,0
4841,5
4841,184
4841,192
4842,0
4842,201
4842,80
4842,16
4843,0
4843,5
4843,16
4843,181
4843,185
4843,61
4843,190
4844,0
4844,5
4844,16
4844,181
4844,184
4844,56
4844,190
4844,216
4845,0
4845,61
4845,196
4845,181
4846,0
4846,201
4846,202
4846,181
4847,0
4847,96
4847,5
4847,201
4847,210
4847,181
4847,184
4847,56
4847,93
4848,0
4848,192
4848,70
4848,182
4848,184
4849,0
4849,96
4849,201
4849,247
4849,92
4849,61
4849,190
4850,0
4850,1
4850,192
4851,0
4851,1
4851,192
4851,16
4851,190
4852,0
4852,1
4852,182
4852,184
4853,0
4853,210
4853,202
4853,184
4854,0
4854,185
4854,190
4854,184
4855,181
4856,98
4856,196
4856,5
4856,201
4856,74
4856,210
4856,181
4856,95
4857,0
4857,77
4857,16
4857,183
4857,185
4857,187
4858,0
4858,5
4858,70
4858,192
4859,0
4859,192
4859,201
4859,183
4859,94
4860,0
4860,196
4860,201
4860,247
4860,190
4861,0
4861,181
4861,70
4861,216
4862,0
4862,196
4862,201
4862,181
4862,247
4863,0
4863,5
4863,181
4864,0
4864,70
4864,182
4864,184
4865,0
4865,1
4865,202
4865,183
4866,0
4866,202
4866,77
4866,181
4866,183
4866,216
4867,16
4867,57
4867,202
4867,190
4868,0
4868,233
4868,16
4868,184
4868,190
4869,0
4869,1
4869,210
4869,57
4869,190
4870,0
4870,190
4870,184
4871,61
4871,183
4872,192
4872,201
4872,1
4873,192
4873,1
4873,234
4873,16
4873,81
4873,187
4873,190
4873,95
4874,0
4874,5
4874,201
4874,77
4874,183
4874,185
4875,0
4875,1
4875,70
4875,74
4875,187
4875,95
4876,0
4876,192
4876,234
4876,16
4876,185
4876,187
4877,16
4877,81
4877,187
4877,93
4878,0
4878,192
4878,77
4878,181
4878,183
4878,216
4878,57
4878,93
4879,0
4879,16
4879,181
4879,190
4880,0
4880,202
4880,81
4880,182
4880,247
4881,0
4881,234
4881,16
4881,80
4881,183
4882,0
4882,81
4882,57
4882,187
4882,92
4883,0
4883,233
4883,187
4883,77
4884,201
4884,233
4885,0
4885,196
4885,16
4885,182
4885,183
4886,0
4886,234
4886,183
4886,185
4886,187
4887,0
4887,5
4887,76
4887,184
4887,57
4888,0
4888,185
4888,202
4888,184
4889,0
4889,1
4889,201
4889,234
4889,182
4889,92
4889,93
4890,0
4890,1
4890,192
4890,81
4890,190
4891,184
4891,0
4891,187
4891,77
4892,0
4892,1
4892,16
4892,80
4892,190
4893,201
4893,181
4893,182
4893,1
4894,0
4894,201
4894,192
4895,0
4895,70
4895,201
4895,74
4895,234
4895,181
4895,184
4896,0
4896,1
4896,183
4896,184
4896,185
4897,0
4897,192
4897,70
4897,201
4897,202
4898,0
4898,1
4898,70
4898,202
4898,16
4898,183
4899,0
4899,202
4899,80
4899,184
4899,56
4899,190
4900,0
4900,16
4900,1
4900,192
4901,0
4901,187
4901,5
4901,182
4902,0
4902,192
4902,196
4902,182
4902,56
4903,0
4903,57
4903,196
4904,0
4904,1
4904,98
4904,76
4904,183
4904,216
4904,92
4905,0
4905,1
4905,98
4905,74
4905,183
4905,216
4905,94
4906,0
4906,183
4906,196
4906,192
4907,0
4907,196
4907,80
4907,187
4907,190
4908,0
4908,181
4908,182
4908,56
4908,190
4909,0
4909,5
4909,77
4909,182
4909,183
4910,0
4910,202
4910,182
4911,0
4911,192
4911,210
4911,182
4911,183
4912,0
4912,1
4912,16
4912,247
4912,56
4912,187
4913,0
4913,181
4913,56
4913,185
4913,190
4914,0
4914,201
4914,233
4914,76
4914,92
4914,61
4914,94
4915,0
4915,16
4915,234
4915,183
4916,0
4916,1
4916,196
4916,182
4916,185
4917,0
4917,192
4917,70
4917,202
4917,16
4917,190
4917,95
4918,0
4918,1
4918,234
4918,183
4918,185
4918,61
4919,0
4919,1
4919,5
4919,190
4920,0
4920,192
4920,181
4920,187
4920,93
4920,94
4921,0
4921,61
4921,5
4921,184
4922,0
4922,96
4922,202
4922,16
4922,57
4922,94
4923,0
4923,70
4923,190
4923,184
4924,98
4924,74
4924,16
4924,181
4924,93
4925,0
4925,1
4925,16
4925,210
4925,184
4925,190
4926,0
4926,185
4926,61
4926,1
4927,0
4927,185
4927,182
4927,184
4928,0
4928,185
4929,0
4929,16
4929,181
4929,56
4929,187
4929,190
4930,0
4930,233
4930,181
4930,182
4930,190
4931,0
4931,1
4931,98
4931,77
4931,182
4931,94
4932,0
4932,1
4932,183
4932,184
4932,187
4933,0
4933,233
4933,56
4933,196
4934,0
4934,1
4934,16
4934,182
4934,187
4935,0
4935,185
4935,187
4935,182
4936,0
4936,96
4936,192
4936,5
4936,77
4936,247
4936,92
4937,0
4937,202
4937,80
4937,183
4938,0
4938,196
4938,5
4938,81
4938,182
4938,247
4938,185
4939,0
4939,1
4939,201
4939,16
4939,210
4939,182
4939,185
4940,0
4940,185
4940,202
4940,182
4941,0
4941,5
4941,81
4941,183
4941,56
4941,93
4942,0
4942,185
4942,187
4942,181
4943,0
4943,98
4943,233
4943,74
4943,185
4944,0
4944,1
4944,74
4944,196
4945,0
4945,233
4945,182
4945,183
4945,56
4945,185
4946,202
4946,190
4946,183
4947,0
4947,196
4947,5
4947,202
4947,16
4948,0
4948,234
4948,190
4948,192
4949,0
4949,192
4949,70
4949,76
4949,183
4949,247
4949,190
4949,95
4950,0
4950,233
4950,56
4950,192
4951,0
4951,201
4951,182
4951,192
4952,0
4952,183
4952,192
4953,0
4953,185
4953,56
4954,0
4954,1
4954,196
4954,184
4954,185
4955,0
4955,187
4955,181
4955,192
4956,0
4956,1
4956,98
4956,202
4956,210
4956,57
4957,0
4957,1
4957,196
4957,81
4957,182
4957,57
4957,92
4957,95
4958,0
4958,185
4958,61
4959,0
4959,1
4959,96
4959,202
4959,77
4959,16
4959,93
4960,0
4960,5
4960,76
4960,16
4960,182
4960,216
4960,94
4961,0
4961,1
4961,61
4961,182
4962,0
4962,1
4962,234
4962,190
4963,0
4963,196
4963,182
4963,184
4964,0
4964,192
4964,184
4964,183
4965,0
4965,5
4965,201
4965,16
4965,181
4965,247
4966,0
4966,1
4966,201
4966,183
4966,187
4967,0
4967,233
4967,196
4968,0
4968,1
4968,192
4968,5
4968,190
4969,0
4969,98
4969,80
4969,182
4969,56
4969,92
4969,184
4970,0
4970,192
4970,234
4970,183
4970,187
4971,0
4971,190
4972,0
4972,185
4972,5
4973,0
4973,201
4973,16
4973,192
4974,0
4974,192
4975,0
4975,196
4975,70
4975,201
4975,184
4976,0
4976,233
4976,187
4977,192
4977,0
4977,1
4977,201
4977,80
4977,92
4977,95
4978,0
4978,185
4978,1
4978,183
4979,0
4979,1
4979,184
4980,0
4980,181
4981,0
4981,181
4982,0
4982,5
4982,76
4982,210
4982,190
4982,93
4982,94
4983,192
4983,57
4983,181
4983,183
4984,0
4984,181
4984,57
4984,187
4984,190
4985,0
4985,1
4985,187
4986,0
4986,16
4986,202
4986,234
4987,0
4987,196
4987,5
4987,77
4987,181
4987,187
4987,93
4987,95
4988,0
4988,57
4988,196
4989,0
4989,202
4989,76
4990,56
4990,190
4990,183
4991,0
4991,201
4991,5
4992,0
4992,202
4992,187
4992,61
4992,95
4993,0
4993,192
4994,0
4994,181
4995,0
4995,1
4995,5
4995,182
4995,184
4995,57
4995,187
4996,0
4996,196
4996,234
4996,183
4996,57
4996,190
4996,95
4997,0
4997,192
4997,5
4997,210
4997,57
4998,0
4998,1
4998,98
4998,77
4998,184
4998,92
4999,0
4999,1
4999,196
4999,201
4999,16
4999,61
5000,0
5000,76
5000,181
5000,182
5000,187
